"tamano_empresa","mean_income","p25_income","median_income","p75_income","sd_income","raw_premium"
"Solo",5692.85800672403,2358.71756318003,3942.55798057073,6169.10652549698,11113.8255400955,0
"2-3",6445.24918922974,3040.91397612655,4739.87878343984,6770.56469542019,12582.8488692608,13.216405215395
"4-5",7422.40662889902,3925.95170875714,5420.75752934907,7141.30434782609,21798.0331453666,30.3810251394319
"6-10",8391.12341677315,4626.82989412273,5913.83697085609,7851.90341751428,16731.2293819829,47.3973776767681
"11-19",9739.51697429719,5169.82461524352,6378.80295334346,8760.95094895439,17849.6763533934,71.0830827467243
"20-30",9985.27311911074,5464.80142090711,6657.57828021378,9344.68825552097,21189.0870141059,75.4000030795919
"31-50",10730.8041074598,5714.42068172221,6923.07692307692,10307.9604340993,16551.8659919959,88.4959030206847
"51-100",11603.7698241608,5808.67497970569,7165.96179910647,11207.2101879862,18964.7619415113,103.830304751237
"101+",14644.7903505546,6166.1202216314,8586.76207513417,16142.8947713275,20916.8508308589,157.248474022313
