"tamano_empresa","women","formal","higher_education","mean_log_wage"
"Solo",0.412996638537426,0.0830380155526042,0.167022120067266,8.41804779033383
"2-3",0.345525621954316,0.130326613773453,0.170101973186986,8.6084174472321
"4-5",0.364926836932494,0.241586939747857,0.201907975639175,8.77016290147782
"6-10",0.404584244187587,0.465702037134768,0.298979771968163,8.92329156511108
"11-19",0.404197135514087,0.644053922794353,0.387884166688401,9.05225279436996
"20-30",0.426605204953224,0.812290725079444,0.454226758012334,9.10910716772259
"31-50",0.412270626738533,0.904037565709053,0.510022712246212,9.19815421731166
"51-100",0.437327065024175,0.942871447320979,0.533743691754993,9.24546961709145
"101+",0.458076194527622,0.979532803336225,0.629034985423201,9.43834686182156
