group_code,group_name,anio,pib_miles_millones_2015,ocupados,horas_sem_expandidas,horas_anuales,pib_pesos_2015,pib_por_trabajador_millones_2015,pib_por_hora_pesos_2015,group_label_short,group_order
"001,002,004-008,013","Cultivos agrícolas transitorios; cultivos agrícolas permanentes; Propagación de plantas (actividades de viveros, excepto viveros forestales); actividades de apoyo a la agricultura y la ganadería, y posteriores a la cosecha, explotación mixta (agrícola y pecuaria) y caza ordinaria y mediante trampas y actividades de servicios conexas",2010,22863.0,1723150.1518139965,77071287.36211659,4007706942.8300624,22863000000000.0,13.268141476778235,5704.758438214341,Cultivos y apoyo agropecuario,0
"001,002,004-008,013","Cultivos agrícolas transitorios; cultivos agrícolas permanentes; Propagación de plantas (actividades de viveros, excepto viveros forestales); actividades de apoyo a la agricultura y la ganadería, y posteriores a la cosecha, explotación mixta (agrícola y pecuaria) y caza ordinaria y mediante trampas y actividades de servicios conexas",2011,23482.0,1723234.2788657928,77010596.33060367,4004551009.191391,23482000000000.0,13.626702003314083,5863.8284157458,Cultivos y apoyo agropecuario,0
"001,002,004-008,013","Cultivos agrícolas transitorios; cultivos agrícolas permanentes; Propagación de plantas (actividades de viveros, excepto viveros forestales); actividades de apoyo a la agricultura y la ganadería, y posteriores a la cosecha, explotación mixta (agrícola y pecuaria) y caza ordinaria y mediante trampas y actividades de servicios conexas",2012,24221.0,1724287.8348697787,75636313.76753122,3933088315.9116235,24221000000000.0,14.04695869806981,6158.2649700521615,Cultivos y apoyo agropecuario,0
"001,002,004-008,013","Cultivos agrícolas transitorios; cultivos agrícolas permanentes; Propagación de plantas (actividades de viveros, excepto viveros forestales); actividades de apoyo a la agricultura y la ganadería, y posteriores a la cosecha, explotación mixta (agrícola y pecuaria) y caza ordinaria y mediante trampas y actividades de servicios conexas",2013,25727.0,1669359.5395538947,73549309.64237142,3824564101.4033136,25727000000000.0,15.411299597494176,6726.779658513298,Cultivos y apoyo agropecuario,0
"001,002,004-008,013","Cultivos agrícolas transitorios; cultivos agrícolas permanentes; Propagación de plantas (actividades de viveros, excepto viveros forestales); actividades de apoyo a la agricultura y la ganadería, y posteriores a la cosecha, explotación mixta (agrícola y pecuaria) y caza ordinaria y mediante trampas y actividades de servicios conexas",2014,26164.0,1638892.3300517732,72324703.97180635,3760884606.5339303,26164000000000.0,15.96444105585232,6956.873910607167,Cultivos y apoyo agropecuario,0
"001,002,004-008,013","Cultivos agrícolas transitorios; cultivos agrícolas permanentes; Propagación de plantas (actividades de viveros, excepto viveros forestales); actividades de apoyo a la agricultura y la ganadería, y posteriores a la cosecha, explotación mixta (agrícola y pecuaria) y caza ordinaria y mediante trampas y actividades de servicios conexas",2015,27339.0,1632477.779246188,71321026.28201613,3708693366.664839,27339000000000.0,16.74693545453589,7371.5989156001515,Cultivos y apoyo agropecuario,0
"001,002,004-008,013","Cultivos agrícolas transitorios; cultivos agrícolas permanentes; Propagación de plantas (actividades de viveros, excepto viveros forestales); actividades de apoyo a la agricultura y la ganadería, y posteriores a la cosecha, explotación mixta (agrícola y pecuaria) y caza ordinaria y mediante trampas y actividades de servicios conexas",2016,28338.999999999993,1650580.4281383,73055760.11218815,3798899525.8337836,28338999999999.992,17.169111857193005,7459.791923236016,Cultivos y apoyo agropecuario,0
"001,002,004-008,013","Cultivos agrícolas transitorios; cultivos agrícolas permanentes; Propagación de plantas (actividades de viveros, excepto viveros forestales); actividades de apoyo a la agricultura y la ganadería, y posteriores a la cosecha, explotación mixta (agrícola y pecuaria) y caza ordinaria y mediante trampas y actividades de servicios conexas",2017,30612.0,1770811.51827862,76997650.71742459,4003877837.3060784,30612000000000.0,17.286989430562027,7645.587913490541,Cultivos y apoyo agropecuario,0
"001,002,004-008,013","Cultivos agrícolas transitorios; cultivos agrícolas permanentes; Propagación de plantas (actividades de viveros, excepto viveros forestales); actividades de apoyo a la agricultura y la ganadería, y posteriores a la cosecha, explotación mixta (agrícola y pecuaria) y caza ordinaria y mediante trampas y actividades de servicios conexas",2018,30933.0,1790728.2556267346,77038245.69404858,4005988776.090526,30933000000000.0,17.273977725433163,7721.689133185177,Cultivos y apoyo agropecuario,0
"001,002,004-008,013","Cultivos agrícolas transitorios; cultivos agrícolas permanentes; Propagación de plantas (actividades de viveros, excepto viveros forestales); actividades de apoyo a la agricultura y la ganadería, y posteriores a la cosecha, explotación mixta (agrícola y pecuaria) y caza ordinaria y mediante trampas y actividades de servicios conexas",2019,31344.0,1716666.1718920844,73387364.28106335,3816142942.6152935,31344000000000.0,18.258646039173186,8213.52880941069,Cultivos y apoyo agropecuario,0
"001,002,004-008,013","Cultivos agrícolas transitorios; cultivos agrícolas permanentes; Propagación de plantas (actividades de viveros, excepto viveros forestales); actividades de apoyo a la agricultura y la ganadería, y posteriores a la cosecha, explotación mixta (agrícola y pecuaria) y caza ordinaria y mediante trampas y actividades de servicios conexas",2021,33477.0,1606084.3542779174,68803026.19332004,3577757362.052642,33477000000000.0,20.84386160093751,9356.978859179391,Cultivos y apoyo agropecuario,0
"001,002,004-008,013","Cultivos agrícolas transitorios; cultivos agrícolas permanentes; Propagación de plantas (actividades de viveros, excepto viveros forestales); actividades de apoyo a la agricultura y la ganadería, y posteriores a la cosecha, explotación mixta (agrícola y pecuaria) y caza ordinaria y mediante trampas y actividades de servicios conexas",2022,33829.0,1737138.7982830089,73012655.9298833,3796658108.3539314,33829000000000.0,19.473976422285105,8910.204457326501,Cultivos y apoyo agropecuario,0
"001,002,004-008,013","Cultivos agrícolas transitorios; cultivos agrícolas permanentes; Propagación de plantas (actividades de viveros, excepto viveros forestales); actividades de apoyo a la agricultura y la ganadería, y posteriores a la cosecha, explotación mixta (agrícola y pecuaria) y caza ordinaria y mediante trampas y actividades de servicios conexas",2023,34624.0,1791495.9501154292,76036327.55795255,3953889033.0135326,34624000000000.0,19.32686479015993,8756.947833108672,Cultivos y apoyo agropecuario,0
"001,002,004-008,013","Cultivos agrícolas transitorios; cultivos agrícolas permanentes; Propagación de plantas (actividades de viveros, excepto viveros forestales); actividades de apoyo a la agricultura y la ganadería, y posteriores a la cosecha, explotación mixta (agrícola y pecuaria) y caza ordinaria y mediante trampas y actividades de servicios conexas",2024,36502.0,1762523.291513067,73216290.13466786,3807247087.0027285,36502000000000.0,20.71008092532171,9587.504873169752,Cultivos y apoyo agropecuario,0
"001,002,004-008,013","Cultivos agrícolas transitorios; cultivos agrícolas permanentes; Propagación de plantas (actividades de viveros, excepto viveros forestales); actividades de apoyo a la agricultura y la ganadería, y posteriores a la cosecha, explotación mixta (agrícola y pecuaria) y caza ordinaria y mediante trampas y actividades de servicios conexas",2025,37244.13925969323,1870691.443712625,78412052.84188733,4077426747.7781405,37244139259693.23,19.909290431017045,9134.226452992245,Cultivos y apoyo agropecuario,0
003,Cultivo permanente de café,2010,3415.0,257383.44786094557,11511982.08203771,598623068.2659609,3415000000000.0,13.268141476778233,5704.7584382143405,Café,1
003,Cultivo permanente de café,2011,3134.0,229989.61885552315,10278136.823955026,534463114.84566134,3134000000000.0,13.626702003314083,5863.8284157458,Café,1
003,Cultivo permanente de café,2012,3066.0,218267.88744109418,9574375.046911802,497867502.43941367,3066000000000.0,14.046958698069808,6158.264970052161,Café,1
003,Cultivo permanente de café,2013,4167.0,270386.02251801913,11912775.421921004,619464321.9398922,4167000000000.0,15.411299597494178,6726.779658513298,Café,1
003,Cultivo permanente de café,2014,4809.999999999999,301294.60738224385,13296201.88443619,691402497.9906819,4809999999999.999,15.96444105585232,6956.873910607167,Café,1
003,Cultivo permanente de café,2015,5299.0,316416.0997924412,13823845.724730365,718839977.685979,5299000000000.0,16.746935454535894,7371.5989156001515,Café,1
003,Cultivo permanente de café,2016,5489.000000000001,319702.03500656807,14150219.38867994,735811408.211357,5489000000000.001,17.169111857193005,7459.791923236017,Café,1
003,Cultivo permanente de café,2017,5470.0,316422.9388796567,13758563.616369806,715445308.0512298,5470000000000.0,17.286989430562027,7645.587913490542,Café,1
003,Cultivo permanente de café,2018,5393.000000000001,312203.7139170136,13431198.365111826,698422314.9858149,5393000000000.001,17.273977725433163,7721.689133185176,Café,1
003,Cultivo permanente de café,2019,5981.000000000001,327570.83888739656,14003631.500926489,728188838.0481774,5981000000000.001,18.258646039173186,8213.52880941069,Café,1
003,Cultivo permanente de café,2021,5140.000000000001,246595.38133609632,10563896.246188879,549322604.8018217,5140000000000.001,20.84386160093751,9356.978859179391,Café,1
003,Cultivo permanente de café,2022,4232.000000000001,217315.65799561606,9133866.206369275,474961042.73120224,4232000000000.001,19.473976422285105,8910.204457326501,Café,1
003,Cultivo permanente de café,2023,4399.0,227610.63668431647,9660461.094253503,502343976.9011822,4399000000000.0,19.32686479015993,8756.947833108672,Café,1
003,Cultivo permanente de café,2024,5113.0,246884.5978167309,10255736.437963858,533298294.7741206,5113000000000.0,20.710080925321705,9587.504873169752,Café,1
003,Cultivo permanente de café,2025,5000.923511497827,251185.4216414864,10528708.313207887,547492832.28681,5000923511497.827,19.909290431017045,9134.226452992245,Café,1
009-012,Ganadería,2010,10902.0,821667.4520000083,36750696.53246709,1911036219.6882887,10902000000000.0,13.268141476778235,5704.758438214341,Ganadería,2
009-012,Ganadería,2011,11348.0,832776.7054155956,37216431.61398903,1935254443.92743,11348000000000.0,13.626702003314085,5863.8284157458,Ganadería,2
009-012,Ganadería,2012,11652.0,829503.4000207531,36386372.48748086,1892091369.3490045,11652000000000.0,14.04695869806981,6158.2649700521615,Ganadería,2
009-012,Ganadería,2013,11930.0,774107.3310871054,34105930.11363513,1773508365.9090266,11930000000000.0,15.411299597494178,6726.779658513298,Ganadería,2
009-012,Ganadería,2014,11958.999999999998,749102.3304956869,33058062.024110682,1719019225.2537556,11958999999999.998,15.964441055852323,6956.873910607168,Ganadería,2
009-012,Ganadería,2015,12264.999999999998,732372.7993874865,31996502.701230027,1663818140.4639614,12264999999999.998,16.746935454535887,7371.5989156001515,Ganadería,2
009-012,Ganadería,2016,12417.999999999998,723275.6186393807,32012647.908294305,1664657691.231304,12417999999999.998,17.16911185719301,7459.791923236018,Ganadería,2
009-012,Ganadería,2017,12956.0,749465.3740630407,32587925.08476914,1694572104.4079952,12956000000000.0,17.286989430562027,7645.587913490542,Ganadería,2
009-012,Ganadería,2018,13400.0,775733.3147576455,33372530.70508037,1735371596.6641793,13400000000000.0,17.273977725433163,7721.689133185175,Ganadería,2
009-012,Ganadería,2019,13729.0,751917.747380884,32144433.518846307,1671510542.980008,13729000000000.0,18.258646039173183,8213.528809410689,Ganadería,2
009-012,Ganadería,2021,15223.0,730334.9202489093,31286807.89022048,1626914010.2914648,15223000000000.0,20.84386160093751,9356.978859179391,Ganadería,2
009-012,Ganadería,2022,15299.999999999998,785663.8864208233,33021775.27349949,1717132314.2219734,15299999999999.998,19.47397642228511,8910.204457326501,Ganadería,2
009-012,Ganadería,2023,15125.0,782589.4248352549,33215383.96239696,1727199966.044642,15125000000000.0,19.32686479015993,8756.947833108672,Ganadería,2
009-012,Ganadería,2024,16017.000000000002,773391.4733484411,32127152.459782347,1670611927.908682,16017000000000.002,20.71008092532171,9587.504873169752,Ganadería,2
009-012,Ganadería,2025,17320.411265089817,869966.2765532834,36465576.33918131,1896209969.637428,17320411265089.816,19.909290431017048,9134.226452992245,Ganadería,2
"014,015",Silvicultura y extracción de madera,2010,1423.0,43049.43337330715,2072125.2767122062,107750514.38903472,1423000000000.0,33.05502276093448,13206.433473368294,Silvicultura,3
"014,015",Silvicultura y extracción de madera,2011,1493.9999999999998,44049.89505923321,2019674.4782422238,105023072.86859564,1493999999999.9998,33.916085338933065,14225.445506334454,Silvicultura,3
"014,015",Silvicultura y extracción de madera,2012,1593.0,49331.10962045145,2123372.927881757,110415392.24985135,1593000000000.0,32.2919961106973,14427.336330022816,Silvicultura,3
"014,015",Silvicultura y extracción de madera,2013,1652.0000000000002,38465.49846039757,1891570.1034589105,98361645.37986335,1652000000000.0002,42.94757811863088,16795.16435110589,Silvicultura,3
"014,015",Silvicultura y extracción de madera,2014,1759.0,36657.10411933516,1585409.805293646,82441309.87526959,1759000000000.0,47.98524166758163,21336.390732525924,Silvicultura,3
"014,015",Silvicultura y extracción de madera,2015,1796.0,31888.076037069754,1394594.898492003,72518934.72158416,1796000000000.0,56.32199314603232,24765.945706390085,Silvicultura,3
"014,015",Silvicultura y extracción de madera,2016,1837.0,31303.42548159547,1352764.7848241883,70343768.81085779,1837000000000.0,58.68367348742857,26114.608742948858,Silvicultura,3
"014,015",Silvicultura y extracción de madera,2017,1855.9999999999998,30506.874389588866,1390515.1080148593,72306785.61677268,1855999999999.9998,60.83874658209496,25668.406971329558,Silvicultura,3
"014,015",Silvicultura y extracción de madera,2018,1876.9999999999998,25653.3322267547,1114179.0310916812,57937309.61676742,1876999999999.9998,73.16788257403906,32397.085960939825,Silvicultura,3
"014,015",Silvicultura y extracción de madera,2019,1963.0,24115.492770338373,1029396.6767665931,53528627.191862844,1963000000000.0,81.39995390906775,36671.966067129135,Silvicultura,3
"014,015",Silvicultura y extracción de madera,2021,2107.0,28250.392720609616,1211825.0186261367,63014900.96855911,2107000000000.0,74.58303397187369,33436.535924277254,Silvicultura,3
"014,015",Silvicultura y extracción de madera,2022,2143.0,29871.451578934986,1217438.8063240051,63306817.92884827,2143000000000.0,71.74073862253215,33851.01431584444,Silvicultura,3
"014,015",Silvicultura y extracción de madera,2023,2127.0,35550.02089434794,1517153.9141943546,78892003.53810644,2127000000000.0,59.83118846318793,26960.907374758404,Silvicultura,3
"014,015",Silvicultura y extracción de madera,2024,2077.0,36428.13364336944,1445132.9506392237,75146913.43323964,2077000000000.0,57.016371476336964,27639.192417998678,Silvicultura,3
"014,015",Silvicultura y extracción de madera,2025,2138.0746483326275,30467.53767752683,1250778.5455164223,65040484.36685396,2138074648332.6274,70.17549862290622,32872.98163822157,Silvicultura,3
016,Pesca y acuicultura,2010,1354.0,111135.78197173007,5543857.958073116,288280613.81980205,1354000000000.0,12.183294848678177,4696.812532966077,Pesca y acuicultura,4
016,Pesca y acuicultura,2011,1359.0,132072.73587937222,6394057.85672679,332491008.54979306,1359000000000.0,10.289784571747147,4087.3285744702457,Pesca y acuicultura,4
016,Pesca y acuicultura,2012,1404.9999999999998,128025.84764715613,6154871.911831082,320053339.41521627,1404999999999.9998,10.97434639817602,4389.893267688249,Pesca y acuicultura,4
016,Pesca y acuicultura,2013,1424.0,113726.20740461991,5582074.73585239,290267886.26432425,1424000000000.0,12.5213003449032,4905.813103635152,Pesca y acuicultura,4
016,Pesca y acuicultura,2014,1448.0,109826.25358413164,5055110.703681646,262865756.5914456,1448000000000.0,13.184461390106232,5508.515140108296,Pesca y acuicultura,4
016,Pesca y acuicultura,2015,1425.0,109627.25344201487,5161016.874995927,268372877.49978822,1425000000000.0,12.998592551201012,5309.776506760168,Pesca y acuicultura,4
016,Pesca y acuicultura,2016,1358.0,99812.8118595689,4667204.636548321,242694641.10051268,1358000000000.0,13.605467822213354,5595.508800038071,Pesca y acuicultura,4
016,Pesca y acuicultura,2017,1295.0,122125.96067543529,5450262.241976963,283413636.5828021,1295000000000.0,10.603806044495498,4569.293191443358,Pesca y acuicultura,4
016,Pesca y acuicultura,2018,1410.0000000000002,129026.90200315748,5997405.0178350825,311865060.9274243,1410000000000.0002,10.927953613623114,4521.186168809491,Pesca y acuicultura,4
016,Pesca y acuicultura,2019,1446.0000000000002,118326.96938917613,5481615.479085337,285044004.91243756,1446000000000.0002,12.220375519330018,5072.90093838036,Pesca y acuicultura,4
016,Pesca y acuicultura,2021,2059.0,133132.97113664754,5790124.644561054,301086481.51717484,2059000000000.0,15.465740623234831,6838.566745423768,Pesca y acuicultura,4
016,Pesca y acuicultura,2022,2325.0,134820.6540301641,5667069.46468385,294687612.1635602,2325000000000.0,17.245132184864023,7889.710676774418,Pesca y acuicultura,4
016,Pesca y acuicultura,2023,2331.0,135214.45026390537,5973870.2385119,310641252.4026188,2331000000000.0,17.239281714716594,7503.832739441881,Pesca y acuicultura,4
016,Pesca y acuicultura,2024,2336.0,123730.14520080035,5369642.443065626,279221407.03941256,2336000000000.0,18.87979680464231,8366.120723939586,Pesca y acuicultura,4
016,Pesca y acuicultura,2025,2598.0392331286484,105647.48742610459,4601727.413782315,239289825.5166804,2598039233128.6484,24.59158562522231,10857.290850201838,Pesca y acuicultura,4
017,Extracción de carbón de piedra y lignito,2010,7720.999999999999,17305.359444632926,896867.3541189653,46637102.414186195,7720999999999.999,446.1623593952326,165554.88227869416,Carbón,5
017,Extracción de carbón de piedra y lignito,2011,8857.0,20814.15425520499,1060665.1164970915,55154586.05784875,8857000000000.0,425.5277390281247,160585.01446661857,Carbón,5
017,Extracción de carbón de piedra y lignito,2012,9198.999999999998,17295.793252779913,916487.3409055967,47657341.72709103,9198999999999.998,531.8634343944568,193023.77486092105,Carbón,5
017,Extracción de carbón de piedra y lignito,2013,8829.0,16568.522730023262,861241.956186764,44784581.721711725,8829000000000.0,532.8779242340819,197143.741452422,Carbón,5
017,Extracción de carbón de piedra y lignito,2014,9099.0,18401.037922577667,943355.3524670698,49054478.32828763,9099000000000.0,494.4829763562265,185487.65189401666,Carbón,5
017,Extracción de carbón de piedra y lignito,2015,8833.0,17189.78370571519,886734.9861839475,46110219.28156527,8833000000000.0,513.8517244439347,191562.74113689602,Carbón,5
017,Extracción de carbón de piedra y lignito,2016,10030.999999999998,17660.38700290762,894947.4001411229,46537264.807338394,10030999999999.998,567.9943479352115,215547.691544137,Carbón,5
017,Extracción de carbón de piedra y lignito,2017,9996.000000000002,17510.616279307065,877235.5147019261,45616246.76450016,9996000000000.002,570.8536947276174,219132.45190043052,Carbón,5
017,Extracción de carbón de piedra y lignito,2018,9447.0,19700.58738294819,996387.3799022451,51812143.75491675,9447000000000.0,479.5288493873454,182331.7723483217,Carbón,5
017,Extracción de carbón de piedra y lignito,2019,9329.0,22086.846347860548,1087701.0977566892,56560457.08334784,9329000000000.0,422.37809115304765,164938.55391325298,Carbón,5
017,Extracción de carbón de piedra y lignito,2021,6489.999999999999,18365.163149748045,892333.786857206,46401356.91657472,6489999999999.999,353.386460391398,139866.59941148726,Carbón,5
017,Extracción de carbón de piedra y lignito,2022,6539.0,19573.502575792936,974439.5100460183,50670854.52239295,6539000000000.0,334.0740868773764,129048.54401281553,Carbón,5
017,Extracción de carbón de piedra y lignito,2023,6686.0,21333.64649407354,1055867.9322406126,54905132.47651185,6686000000000.0,313.40164944878796,121773.67940711623,Carbón,5
017,Extracción de carbón de piedra y lignito,2024,6307.000000000001,21879.967159272088,1063295.9701562796,55291390.44812654,6307000000000.001,288.2545460004166,114068.39200249672,Carbón,5
017,Extracción de carbón de piedra y lignito,2025,5720.123858936618,18569.182844706982,886416.3208837875,46093648.68595695,5720123858936.617,308.04391915216127,124097.87513044785,Carbón,5
"018,021",Extracción de petróleo crudo y gas natural y actividades de apoyo para la extracción de petróleo y de gas natural,2010,25402.999999999996,56936.672189095996,2950799.3001792612,153441563.60932156,25402999999999.996,446.16235939523267,165554.8822786942,"Petróleo, gas y apoyo conexo",6
"018,021",Extracción de petróleo crudo y gas natural y actividades de apoyo para la extracción de petróleo y de gas natural,2011,29921.000000000004,70315.04002145067,3583172.7391565405,186324982.4361401,29921000000000.004,425.5277390281247,160585.01446661854,"Petróleo, gas y apoyo conexo",6
"018,021",Extracción de petróleo crudo y gas natural y actividades de apoyo para la extracción de petróleo y de gas natural,2012,31308.0,58864.734770957024,3119185.310258988,162197636.13346735,31308000000000.0,531.8634343944568,193023.77486092108,"Petróleo, gas y apoyo conexo",6
"018,021",Extracción de petróleo crudo y gas natural y actividades de apoyo para la extracción de petróleo y de gas natural,2013,33966.99999999999,63742.55426103749,3313376.9991840306,172295603.95756957,33966999999999.992,532.8779242340819,197143.741452422,"Petróleo, gas y apoyo conexo",6
"018,021",Extracción de petróleo crudo y gas natural y actividades de apoyo para la extracción de petróleo y de gas natural,2014,33135.0,67009.38471970666,3435331.3115723,178637228.2017596,33135000000000.0,494.4829763562266,185487.65189401666,"Petróleo, gas y apoyo conexo",6
"018,021",Extracción de petróleo crudo y gas natural y actividades de apoyo para la extracción de petróleo y de gas natural,2015,32852.0,63932.839839256805,3297975.5197684867,171494727.0279613,32852000000000.0,513.8517244439347,191562.74113689602,"Petróleo, gas y apoyo conexo",6
"018,021",Extracción de petróleo crudo y gas natural y actividades de apoyo para la extracción de petróleo y de gas natural,2016,29705.0,52298.055619715975,2650225.5529052,137811728.7510704,29705000000000.0,567.9943479352115,215547.691544137,"Petróleo, gas y apoyo conexo",6
"018,021",Extracción de petróleo crudo y gas natural y actividades de apoyo para la extracción de petróleo y de gas natural,2017,28532.0,49981.28288127143,2503929.9425245454,130204357.01127636,28532000000000.0,570.8536947276173,219132.45190043052,"Petróleo, gas y apoyo conexo",6
"018,021",Extracción de petróleo crudo y gas natural y actividades de apoyo para la extracción de petróleo y de gas natural,2018,29011.0,60498.966927777066,3059827.911331008,159111051.38921243,29011000000000.0,479.5288493873454,182331.7723483217,"Petróleo, gas y apoyo conexo",6
"018,021",Extracción de petróleo crudo y gas natural y actividades de apoyo para la extracción de petróleo y de gas natural,2019,29826.0,70614.45805244814,3477518.8060554196,180830977.91488183,29826000000000.0,422.37809115304765,164938.553913253,"Petróleo, gas y apoyo conexo",6
"018,021",Extracción de petróleo crudo y gas natural y actividades de apoyo para la extracción de petróleo y de gas natural,2021,24775.999999999993,70110.21297352195,3406542.666128526,177140218.63868335,24775999999999.992,353.38646039139803,139866.59941148726,"Petróleo, gas y apoyo conexo",6
"018,021",Extracción de petróleo crudo y gas natural y actividades de apoyo para la extracción de petróleo y de gas natural,2022,25259.0,75608.97714665144,3764087.4115694105,195732545.40160933,25259000000000.0,334.07408687737643,129048.54401281555,"Petróleo, gas y apoyo conexo",6
"018,021",Extracción de petróleo crudo y gas natural y actividades de apoyo para la extracción de petróleo y de gas natural,2023,25931.0,82740.47072058344,4095080.967832983,212944210.32731512,25931000000000.0,313.40164944878796,121773.67940711623,"Petróleo, gas y apoyo conexo",6
"018,021",Extracción de petróleo crudo y gas natural y actividades de apoyo para la extracción de petróleo y de gas natural,2024,25672.0,89060.17391990375,4328037.758974474,225057963.46667263,25672000000000.0,288.25454600041655,114068.39200249672,"Petróleo, gas y apoyo conexo",6
"018,021",Extracción de petróleo crudo y gas natural y actividades de apoyo para la extracción de petróleo y de gas natural,2025,24562.529838366398,79737.1034168459,3806320.958751157,197928689.85506016,24562529838366.4,308.04391915216127,124097.87513044786,"Petróleo, gas y apoyo conexo",6
019,Extracción de minerales metalíferos,2010,4203.000000000001,86170.47963500573,4171891.8190342705,216938374.58978206,4203000000000.001,48.775404498184805,19374.165626287333,Minerales metalíferos,7
019,Extracción de minerales metalíferos,2011,3733.0,89704.92931858971,4377652.018221761,227637904.94753158,3733000000000.0,41.61421260076065,16398.850625779665,Minerales metalíferos,7
019,Extracción de minerales metalíferos,2012,4432.0,100065.17156294713,4643956.626302026,241485744.56770536,4432000000000.0,44.291134775219966,18353.050230496734,Minerales metalíferos,7
019,Extracción de minerales metalíferos,2013,3876.0,81305.21882162135,3801491.8616031082,197677576.80336165,3876000000000.0,47.67221657079241,19607.68673249988,Minerales metalíferos,7
019,Extracción de minerales metalíferos,2014,3819.9999999999995,68579.71065409675,3073640.9225428635,159829327.97222888,3819999999999.9995,55.70160567266558,23900.49466180414,Minerales metalíferos,7
019,Extracción de minerales metalíferos,2015,3591.9999999999995,61009.95048245543,2866515.959081392,149058829.87223238,3591999999999.9995,58.87564195012659,24097.867956423157,Minerales metalíferos,7
019,Extracción de minerales metalíferos,2016,4064.0,54765.09931122202,2529878.0812411197,131553660.22453822,4064000000000.0,74.2078449799732,30892.336960168876,Minerales metalíferos,7
019,Extracción de minerales metalíferos,2017,2982.0,56013.770003177495,2613542.6734348075,135904219.01861,2982000000000.0,53.23690942121625,21941.923668989708,Minerales metalíferos,7
019,Extracción de minerales metalíferos,2018,2574.0,58899.13319682397,2614286.495951282,135942897.78946665,2574000000000.0,43.701831593997014,18934.420568158897,Minerales metalíferos,7
019,Extracción de minerales metalíferos,2019,2710.0,52322.374290001666,2435577.9242465,126650052.06081799,2710000000000.0,51.794285652626755,21397.543513828517,Minerales metalíferos,7
019,Extracción de minerales metalíferos,2021,3511.0,96459.06636204064,4312371.8456969205,224243335.97623986,3511000000000.0,36.39885945839589,15657.098502904964,Minerales metalíferos,7
019,Extracción de minerales metalíferos,2022,3557.0,118015.71848244144,5255495.366984765,273285759.0832078,3557000000000.0,30.140052916164855,13015.680041040829,Minerales metalíferos,7
019,Extracción de minerales metalíferos,2023,3710.0000000000005,112423.31186426271,5061547.325737423,263200460.93834603,3710000000000.0005,33.00027315045983,14095.719995220896,Minerales metalíferos,7
019,Extracción de minerales metalíferos,2024,3408.0,116678.02724565101,5306932.769193808,275960503.998078,3408000000000.0,29.208584344890248,12349.593331746257,Minerales metalíferos,7
019,Extracción de minerales metalíferos,2025,2954.4347977393163,133512.22736469976,6021575.5923819905,313121930.8038635,2954434797739.3164,22.12857096353454,9435.41319560253,Minerales metalíferos,7
020,Extracción de otras minas y canteras,2010,1492.0,30589.187631555676,1480957.076849662,77009767.99618243,1492000000000.0,48.77540449818481,19374.165626287333,Otras minas y canteras,8
020,Extracción de otras minas y canteras,2011,1580.9999999999998,37991.82782016885,1854022.9951268693,96409195.74659722,1580999999999.9998,41.61421260076065,16398.85062577966,Otras minas y canteras,8
020,Extracción de otras minas y canteras,2012,1621.0,36598.74618762123,1698522.9447733723,88323193.12821534,1621000000000.0,44.291134775219966,18353.050230496734,Otras minas y canteras,8
020,Extracción de otras minas y canteras,2013,1786.0,37464.169457021606,1751667.8185818242,91086726.56625487,1786000000000.0,47.6722165707924,19607.686732499882,Otras minas y canteras,8
020,Extracción de otras minas y canteras,2014,1989.9999999999995,35726.079633940455,1601189.9046754704,83261875.04312447,1989999999999.9995,55.701605672665565,23900.49466180414,Otras minas y canteras,8
020,Extracción de otras minas y canteras,2015,2156.0,36619.558251718794,1720547.9977114366,89468495.8809947,2156000000000.0,58.875641950126614,24097.86795642316,Otras minas y canteras,8
020,Extracción de otras minas y canteras,2016,2231.9999999999995,30077.682495730194,1389440.914697386,72250927.56426409,2231999999999.9995,74.2078449799732,30892.336960168872,Otras minas y canteras,8
020,Extracción de otras minas y canteras,2017,2175.0,40855.1139359192,1906255.974084744,99125310.65240668,2175000000000.0,53.23690942121624,21941.92366898971,Otras minas y canteras,8
020,Extracción de otras minas y canteras,2018,2144.0,49059.728661224006,2177556.428640073,113232934.2892838,2144000000000.0,43.70183159399701,18934.420568158897,Otras minas y canteras,8
020,Extracción de otras minas y canteras,2019,2235.0,43151.47842736299,2008677.7345722974,104451242.19775948,2235000000000.0,51.794285652626755,21397.543513828517,Otras minas y canteras,8
020,Extracción de otras minas y canteras,2021,1661.0,45633.297985573765,2040116.6720884603,106086066.94859993,1661000000000.0,36.3988594583959,15657.098502904966,Otras minas y canteras,8
020,Extracción de otras minas y canteras,2022,1634.0000000000002,54213.574360503044,2414247.801420609,125540885.67387168,1634000000000.0002,30.14005291616486,13015.680041040829,Otras minas y canteras,8
020,Extracción de otras minas y canteras,2023,1619.0000000000002,49060.19997526721,2208799.2238191077,114857559.6385936,1619000000000.0002,33.00027315045982,14095.719995220896,Otras minas y canteras,8
020,Extracción de otras minas y canteras,2024,1504.9999999999998,51525.948064760785,2343583.8666774295,121866361.06722634,1504999999999.9998,29.208584344890248,12349.593331746255,Otras minas y canteras,8
020,Extracción de otras minas y canteras,2025,1494.340019948779,67529.89257242538,3045686.233362983,158375684.13487512,1494340019948.779,22.128570963534543,9435.41319560253,Otras minas y canteras,8
022,Actividades de apoyo para otras actividades de explotación de minas y canteras,2010,164.0,367.5791929697967,19050.154911994603,990608.0554237195,164000000000.0,446.16235939523267,165554.88227869413,Apoyo a otras actividades mineras,9
022,Actividades de apoyo para otras actividades de explotación de minas y canteras,2011,171.99999999999994,404.2039665682801,20597.76448430616,1071083.7531839204,171999999999.99994,425.5277390281247,160585.01446661854,Apoyo a otras actividades mineras,9
022,Actividades de apoyo para otras actividades de explotación de minas y canteras,2012,186.0,349.71383248364657,18530.997435421352,963611.8666419103,186000000000.0,531.8634343944567,193023.77486092108,Apoyo a otras actividades mineras,9
022,Actividades de apoyo para otras actividades de explotación de minas y canteras,2013,176.99999999999997,332.1586276151452,17265.80883962591,897822.0596605474,176999999999.99997,532.8779242340819,197143.74145242202,Apoyo a otras actividades mineras,9
022,Actividades de apoyo para otras actividades de explotación de minas y canteras,2014,181.99999999999997,368.0612047377882,18869.18058566949,981197.3904548135,181999999999.99997,494.4829763562265,185487.65189401663,Apoyo a otras actividades mineras,9
022,Actividades de apoyo para otras actividades de explotación de minas y canteras,2015,193.99999999999997,377.5408172657926,19475.442920829366,1012723.031883127,193999999999.99997,513.8517244439347,191562.74113689602,Apoyo a otras actividades mineras,9
022,Actividades de apoyo para otras actividades de explotación de minas y canteras,2016,220.99999999999994,389.08837879000936,19717.214179163406,1025295.1373164973,220999999999.99994,567.9943479352115,215547.691544137,Apoyo a otras actividades mineras,9
022,Actividades de apoyo para otras actividades de explotación de minas y canteras,2017,178.99999999999994,313.5654575826294,15708.799232857615,816857.560108596,178999999999.99994,570.8536947276173,219132.45190043052,Apoyo a otras actividades mineras,9
022,Actividades de apoyo para otras actividades de explotación de minas y canteras,2018,180.99999999999997,377.45382833848015,19090.305468646802,992695.8843696337,180999999999.99997,479.52884938734536,182331.77234832174,Apoyo a otras actividades mineras,9
022,Actividades de apoyo para otras actividades de explotación de minas y canteras,2019,177.99999999999997,421.42337334324975,20753.649415874224,1079189.7696254596,177999999999.99997,422.37809115304765,164938.553913253,Apoyo a otras actividades mineras,9
022,Actividades de apoyo para otras actividades de explotación de minas y canteras,2021,161.99999999999997,458.42163794440415,22273.971258993428,1158246.5054676584,161999999999.99997,353.38646039139803,139866.59941148726,Apoyo a otras actividades mineras,9
022,Actividades de apoyo para otras actividades de explotación de minas y canteras,2022,162.99999999999997,487.9157240945478,24290.203416042354,1263090.5776342025,162999999999.99997,334.0740868773764,129048.54401281552,Apoyo a otras actividades mineras,9
022,Actividades de apoyo para otras actividades de explotación de minas y canteras,2023,162.99999999999994,520.0993686111256,25741.321112057998,1338548.697827016,162999999999.99994,313.40164944878796,121773.67940711623,Apoyo a otras actividades mineras,9
022,Actividades de apoyo para otras actividades de explotación de minas y canteras,2024,154.99999999999994,537.7191865684433,26131.421495833714,1358833.9177833532,154999999999.99994,288.25454600041655,114068.39200249672,Apoyo a otras actividades mineras,9
022,Actividades de apoyo para otras actividades de explotación de minas y canteras,2025,146.4791884992814,475.5139750930341,22699.078998564488,1180352.1079253533,146479188499.2814,308.04391915216127,124097.87513044785,Apoyo a otras actividades mineras,9
023-025,"Procesamiento y conservación de carne y productos cárnicos de bovinos, bufalinos, porcinos y otras carnes n.c.p.; procesamiento y conservación de carne y productos cárnicos de aves de corral y procesamiento y conservación de pescados, crustáceos y moluscos",2010,5217.0,130226.87210519155,5915197.256734929,307590257.3502163,5217000000000.0,40.06085622471172,16960.875305162946,"Carnes, aves y pescado",10
023-025,"Procesamiento y conservación de carne y productos cárnicos de bovinos, bufalinos, porcinos y otras carnes n.c.p.; procesamiento y conservación de carne y productos cárnicos de aves de corral y procesamiento y conservación de pescados, crustáceos y moluscos",2011,5407.0,134278.7539700067,6051282.717162243,314666701.29243666,5407000000000.0,40.26698074073386,17183.26082102658,"Carnes, aves y pescado",10
023-025,"Procesamiento y conservación de carne y productos cárnicos de bovinos, bufalinos, porcinos y otras carnes n.c.p.; procesamiento y conservación de carne y productos cárnicos de aves de corral y procesamiento y conservación de pescados, crustáceos y moluscos",2012,5626.0,136629.2444719493,6123305.520308582,318411887.0560463,5626000000000.0,41.17712881853085,17668.938342775255,"Carnes, aves y pescado",10
023-025,"Procesamiento y conservación de carne y productos cárnicos de bovinos, bufalinos, porcinos y otras carnes n.c.p.; procesamiento y conservación de carne y productos cárnicos de aves de corral y procesamiento y conservación de pescados, crustáceos y moluscos",2013,5646.000000000001,114082.93889683615,5161333.331235487,268389333.2242453,5646000000000.001,49.49030989730737,21036.60354967476,"Carnes, aves y pescado",10
023-025,"Procesamiento y conservación de carne y productos cárnicos de bovinos, bufalinos, porcinos y otras carnes n.c.p.; procesamiento y conservación de carne y productos cárnicos de aves de corral y procesamiento y conservación de pescados, crustáceos y moluscos",2014,5742.000000000001,114239.15196209367,5275341.052236284,274317734.7162868,5742000000000.001,50.26297815923289,20931.93138219323,"Carnes, aves y pescado",10
023-025,"Procesamiento y conservación de carne y productos cárnicos de bovinos, bufalinos, porcinos y otras carnes n.c.p.; procesamiento y conservación de carne y productos cárnicos de aves de corral y procesamiento y conservación de pescados, crustáceos y moluscos",2015,5896.0,113436.95736751187,5283285.264683165,274730833.76352453,5896000000000.0,51.97600620491081,21461.00573871152,"Carnes, aves y pescado",10
023-025,"Procesamiento y conservación de carne y productos cárnicos de bovinos, bufalinos, porcinos y otras carnes n.c.p.; procesamiento y conservación de carne y productos cárnicos de aves de corral y procesamiento y conservación de pescados, crustáceos y moluscos",2016,6033.0,102365.19160952415,4866080.053474022,253036162.78064913,6033000000000.0,58.93604950218923,23842.441861679115,"Carnes, aves y pescado",10
023-025,"Procesamiento y conservación de carne y productos cárnicos de bovinos, bufalinos, porcinos y otras carnes n.c.p.; procesamiento y conservación de carne y productos cárnicos de aves de corral y procesamiento y conservación de pescados, crustáceos y moluscos",2017,6013.0,115539.74430051609,5415340.522779798,281597707.1845495,6013000000000.0,52.042697830110576,21353.156814090413,"Carnes, aves y pescado",10
023-025,"Procesamiento y conservación de carne y productos cárnicos de bovinos, bufalinos, porcinos y otras carnes n.c.p.; procesamiento y conservación de carne y productos cárnicos de aves de corral y procesamiento y conservación de pescados, crustáceos y moluscos",2018,6313.000000000001,131848.5773183343,5992582.834843749,311614307.41187495,6313000000000.001,47.88068349617407,20259.018439919764,"Carnes, aves y pescado",10
023-025,"Procesamiento y conservación de carne y productos cárnicos de bovinos, bufalinos, porcinos y otras carnes n.c.p.; procesamiento y conservación de carne y productos cárnicos de aves de corral y procesamiento y conservación de pescados, crustáceos y moluscos",2019,6650.0,129834.0140889715,5837517.115880462,303550890.0257841,6650000000000.0,51.21924363705606,21907.36452604418,"Carnes, aves y pescado",10
023-025,"Procesamiento y conservación de carne y productos cárnicos de bovinos, bufalinos, porcinos y otras carnes n.c.p.; procesamiento y conservación de carne y productos cárnicos de aves de corral y procesamiento y conservación de pescados, crustáceos y moluscos",2021,7094.000000000001,101848.75510558131,4600286.037795125,239214873.9653465,7094000000000.001,69.65229955580723,29655.34660285239,"Carnes, aves y pescado",10
023-025,"Procesamiento y conservación de carne y productos cárnicos de bovinos, bufalinos, porcinos y otras carnes n.c.p.; procesamiento y conservación de carne y productos cárnicos de aves de corral y procesamiento y conservación de pescados, crustáceos y moluscos",2022,7491.000000000001,121688.84774664893,5645079.187594856,293544117.7549325,7491000000000.001,61.5586402428261,25519.16235723694,"Carnes, aves y pescado",10
023-025,"Procesamiento y conservación de carne y productos cárnicos de bovinos, bufalinos, porcinos y otras carnes n.c.p.; procesamiento y conservación de carne y productos cárnicos de aves de corral y procesamiento y conservación de pescados, crustáceos y moluscos",2023,7585.0,138352.1989983322,6344339.3444003435,329905645.9088178,7585000000000.0,54.82384851787889,22991.42222651263,"Carnes, aves y pescado",10
023-025,"Procesamiento y conservación de carne y productos cárnicos de bovinos, bufalinos, porcinos y otras carnes n.c.p.; procesamiento y conservación de carne y productos cárnicos de aves de corral y procesamiento y conservación de pescados, crustáceos y moluscos",2024,7831.999999999999,145522.28365936608,6603840.563160301,343399709.2843356,7831999999999.999,53.819936047271604,22807.241206820847,"Carnes, aves y pescado",10
023-025,"Procesamiento y conservación de carne y productos cárnicos de bovinos, bufalinos, porcinos y otras carnes n.c.p.; procesamiento y conservación de carne y productos cárnicos de aves de corral y procesamiento y conservación de pescados, crustáceos y moluscos",2025,8428.85772643039,165516.66220096324,7406924.148536058,385160055.72387505,8428857726430.39,50.92452695908302,21884.039118721903,"Carnes, aves y pescado",10
026,Elaboración de aceites y grasas de origen vegetal y animal,2010,1173.0,29280.452554991316,1329983.9720433338,69159166.54625337,1173000000000.0,40.06085622471171,16960.875305162943,Aceites y grasas,11
026,Elaboración de aceites y grasas de origen vegetal y animal,2011,1237.0,30719.959064342205,1384397.3961771212,71988664.60121031,1237000000000.0,40.26698074073386,17183.26082102658,Aceites y grasas,11
026,Elaboración de aceites y grasas de origen vegetal y animal,2012,1250.0,30356.657587973095,1360492.6947006271,70745620.12443261,1250000000000.0,41.17712881853084,17668.938342775255,Aceites y grasas,11
026,Elaboración de aceites y grasas de origen vegetal y animal,2013,1314.0,26550.652091824773,1201202.9750696826,62462554.703623496,1314000000000.0,49.490309897307355,21036.60354967476,Aceites y grasas,11
026,Elaboración de aceites y grasas de origen vegetal y animal,2014,1392.0,27694.339869598465,1278870.558117887,66501269.02213012,1392000000000.0,50.26297815923288,20931.93138219323,Aceites y grasas,11
026,Elaboración de aceites y grasas de origen vegetal y animal,2015,1506.0,28974.908038580885,1349495.8630618802,70173784.87921777,1506000000000.0,51.97600620491081,21461.005738711516,Aceites y grasas,11
026,Elaboración de aceites y grasas de origen vegetal y animal,2016,1508.0,25587.056016436665,1216318.3690765498,63248555.191980585,1508000000000.0,58.93604950218923,23842.44186167912,Aceites y grasas,11
026,Elaboración de aceites y grasas de origen vegetal y animal,2017,1570.0000000000002,30167.536762316697,1413950.543948825,73525428.28533891,1570000000000.0002,52.042697830110576,21353.15681409041,Aceites y grasas,11
026,Elaboración de aceites y grasas de origen vegetal y animal,2018,1494.0,31202.56209624449,1418171.8288066783,73744935.09794727,1494000000000.0,47.880683496174065,20259.018439919764,Aceites y grasas,11
026,Elaboración de aceites y grasas de origen vegetal y animal,2019,1522.0000000000002,29715.39390126536,1336045.2707323406,69474354.07808173,1522000000000.0002,51.21924363705606,21907.364526044177,Aceites y grasas,11
026,Elaboración de aceites y grasas de origen vegetal y animal,2021,1655.0,23760.880983893014,1073227.148653923,55807811.730004,1655000000000.0,69.65229955580723,29655.346602852394,Aceites y grasas,11
026,Elaboración de aceites y grasas de origen vegetal y animal,2022,1720.0,27940.838088938206,1296160.2192848953,67400331.40281457,1720000000000.0,61.55864024282611,25519.162357236935,Aceites y grasas,11
026,Elaboración de aceites y grasas de origen vegetal y animal,2023,1704.0,31081.364152031387,1425280.7175818307,74114597.3142552,1704000000000.0,54.82384851787889,22991.42222651263,Aceites y grasas,11
026,Elaboración de aceites y grasas de origen vegetal y animal,2024,1613.0,29970.306887456267,1360060.6267080652,70723152.58881938,1613000000000.0,53.819936047271604,22807.241206820847,Aceites y grasas,11
026,Elaboración de aceites y grasas de origen vegetal y animal,2025,1752.9084360892743,34421.69305760476,1540381.8935903173,80099858.46669652,1752908436089.2744,50.92452695908302,21884.039118721903,Aceites y grasas,11
027,Elaboración de productos lácteos,2010,2838.0,70842.22024813756,3217812.883767247,167326269.95589688,2838000000000.0,40.06085622471171,16960.875305162946,Lácteos,12
027,Elaboración de productos lácteos,2011,2947.0000000000005,73186.51524867947,3298156.124926416,171504118.49617365,2947000000000.0005,40.26698074073386,17183.26082102658,Lácteos,12
027,Elaboración de productos lácteos,2012,2981.0,72394.55701579824,3244502.9783220557,168714154.8727469,2981000000000.0,41.17712881853084,17668.93834277525,Lácteos,12
027,Elaboración de productos lácteos,2013,3139.0,63426.557774914734,2869540.4404442417,149216102.90310058,3139000000000.0,49.49030989730737,21036.60354967476,Lácteos,12
027,Elaboración de productos lácteos,2014,3177.0,63207.55586617408,2918801.5539802634,151777680.8069737,3177000000000.0,50.26297815923289,20931.93138219323,Lácteos,12
027,Elaboración de productos lácteos,2015,3217.0,61893.94366541481,2882688.0421448,149899778.19152957,3217000000000.0,51.97600620491081,21461.00573871152,Lácteos,12
027,Elaboración de productos lácteos,2016,3271.0,55500.8356961302,2638313.9159478745,137192323.62928945,3271000000000.0,58.93604950218923,23842.44186167912,Lácteos,12
027,Elaboración de productos lácteos,2017,3301.0,63428.68716713847,2972898.5640605544,154590725.33114883,3301000000000.0,52.042697830110576,21353.156814090413,Lácteos,12
027,Elaboración de productos lácteos,2018,3311.9999999999995,69171.94488806005,3143898.99398107,163482747.68701562,3311999999999.9995,47.88068349617407,20259.018439919764,Lácteos,12
027,Elaboración de productos lácteos,2019,3371.0000000000005,65815.10699156736,2959138.375583916,153875195.53036365,3371000000000.0005,51.21924363705607,21907.36452604418,Lácteos,12
027,Elaboración de productos lácteos,2021,3127.0,44894.425883162214,2027783.2591183188,105444729.47415258,3127000000000.0,69.65229955580723,29655.34660285239,Lácteos,12
027,Elaboración de productos lácteos,2022,3159.0000000000005,51316.92297846268,2380564.0306517356,123789329.59389025,3159000000000.0005,61.5586402428261,25519.16235723694,Lácteos,12
027,Elaboración de productos lácteos,2023,2980.9999999999995,54374.1470288765,2493404.8234222047,129657050.81795463,2980999999999.9995,54.82384851787889,22991.42222651263,Lácteos,12
027,Elaboración de productos lácteos,2024,3046.0,56596.12819540719,2568347.593895082,133554074.88254425,3046000000000.0,53.819936047271604,22807.241206820843,Lácteos,12
027,Elaboración de productos lácteos,2025,3285.5838034263993,64518.690690368305,2887232.2686533513,150136077.96997428,3285583803426.3994,50.92452695908302,21884.039118721907,Lácteos,12
"028,032,035","Elaboración de productos de molinería, almidones y productos derivados del almidón; elaboración de productos de panadería; elaboración de macarrones, fideos, alcuzcuz, y productos farináceos similares y elaboración de alimentos preparados para animales",2010,3908.0,97551.58447136066,4431012.244454687,230412636.71164376,3908000000000.0,40.06085622471171,16960.875305162946,"Molinería, panadería y alimentos",13
"028,032,035","Elaboración de productos de molinería, almidones y productos derivados del almidón; elaboración de productos de panadería; elaboración de macarrones, fideos, alcuzcuz, y productos farináceos similares y elaboración de alimentos preparados para animales",2011,4030.000000000001,100082.00083209306,4510203.31980097,234530572.62965044,4030000000000.001,40.26698074073386,17183.26082102658,"Molinería, panadería y alimentos",13
"028,032,035","Elaboración de productos de molinería, almidones y productos derivados del almidón; elaboración de productos de panadería; elaboración de macarrones, fideos, alcuzcuz, y productos farináceos similares y elaboración de alimentos preparados para animales",2012,3966.0000000000005,96315.60319512105,4316571.22174615,224461703.5307998,3966000000000.0005,41.17712881853084,17668.938342775255,"Molinería, panadería y alimentos",13
"028,032,035","Elaboración de productos de molinería, almidones y productos derivados del almidón; elaboración de productos de panadería; elaboración de macarrones, fideos, alcuzcuz, y productos farináceos similares y elaboración de alimentos preparados para animales",2013,3918.0,79167.01285827204,3581669.1448424784,186246795.53180885,3918000000000.0,49.49030989730737,21036.603549674765,"Molinería, panadería y alimentos",13
"028,032,035","Elaboración de productos de molinería, almidones y productos derivados del almidón; elaboración de productos de panadería; elaboración de macarrones, fideos, alcuzcuz, y productos farináceos similares y elaboración de alimentos preparados para animales",2014,3825.0000000000005,76099.74856409061,3514137.8482765215,182735168.1103791,3825000000000.0005,50.26297815923289,20931.931382193234,"Molinería, panadería y alimentos",13
"028,032,035","Elaboración de productos de molinería, almidones y productos derivados del almidón; elaboración de productos de panadería; elaboración de macarrones, fideos, alcuzcuz, y productos farináceos similares y elaboración de alimentos preparados para animales",2015,3921.999999999999,75457.89463965085,3514424.153339105,182750055.97363347,3921999999999.999,51.97600620491081,21461.00573871152,"Molinería, panadería y alimentos",13
"028,032,035","Elaboración de productos de molinería, almidones y productos derivados del almidón; elaboración de productos de panadería; elaboración de macarrones, fideos, alcuzcuz, y productos farináceos similares y elaboración de alimentos preparados para animales",2016,4237.0,71891.48298517385,3417467.46006455,177708307.9233566,4237000000000.0,58.93604950218922,23842.44186167912,"Molinería, panadería y alimentos",13
"028,032,035","Elaboración de productos de molinería, almidones y productos derivados del almidón; elaboración de productos de panadería; elaboración de macarrones, fideos, alcuzcuz, y productos farináceos similares y elaboración de alimentos preparados para animales",2017,4336.0,83316.20344038546,3905025.196536372,203061310.21989137,4336000000000.0,52.042697830110576,21353.15681409041,"Molinería, panadería y alimentos",13
"028,032,035","Elaboración de productos de molinería, almidones y productos derivados del almidón; elaboración de productos de panadería; elaboración de macarrones, fideos, alcuzcuz, y productos farináceos similares y elaboración de alimentos preparados para animales",2018,4398.0,91853.32536765948,4174778.9177321093,217088503.72206968,4398000000000.0,47.880683496174065,20259.018439919764,"Molinería, panadería y alimentos",13
"028,032,035","Elaboración de productos de molinería, almidones y productos derivados del almidón; elaboración de productos de panadería; elaboración de macarrones, fideos, alcuzcuz, y productos farináceos similares y elaboración de alimentos preparados para animales",2019,4585.0,89517.13602976456,4024814.4325281084,209290350.49146166,4585000000000.0,51.21924363705606,21907.364526044177,"Molinería, panadería y alimentos",13
"028,032,035","Elaboración de productos de molinería, almidones y productos derivados del almidón; elaboración de productos de panadería; elaboración de macarrones, fideos, alcuzcuz, y productos farináceos similares y elaboración de alimentos preparados para animales",2021,4615.0,66257.68322698868,2992714.9794790666,155621178.93291146,4615000000000.0,69.65229955580723,29655.34660285239,"Molinería, panadería y alimentos",13
"028,032,035","Elaboración de productos de molinería, almidones y productos derivados del almidón; elaboración de productos de panadería; elaboración de macarrones, fideos, alcuzcuz, y productos farináceos similares y elaboración de alimentos preparados para animales",2022,4917.0,79875.05865308671,3705360.3478045524,192678738.08583674,4917000000000.0,61.55864024282611,25519.16235723694,"Molinería, panadería y alimentos",13
"028,032,035","Elaboración de productos de molinería, almidones y productos derivados del almidón; elaboración de productos de panadería; elaboración de macarrones, fideos, alcuzcuz, y productos farináceos similares y elaboración de alimentos preparados para animales",2023,4900.0,89377.16217426865,4098518.495393762,213122961.7604756,4900000000000.0,54.82384851787889,22991.42222651263,"Molinería, panadería y alimentos",13
"028,032,035","Elaboración de productos de molinería, almidones y productos derivados del almidón; elaboración de productos de panadería; elaboración de macarrones, fideos, alcuzcuz, y productos farináceos similares y elaboración de alimentos preparados para animales",2024,4777.0,88758.93118498364,4027904.286289168,209451022.88703674,4777000000000.0,53.8199360472716,22807.241206820843,"Molinería, panadería y alimentos",13
"028,032,035","Elaboración de productos de molinería, almidones y productos derivados del almidón; elaboración de productos de panadería; elaboración de macarrones, fideos, alcuzcuz, y productos farináceos similares y elaboración de alimentos preparados para animales",2025,4874.262889501658,95715.42791979284,4283296.346236072,222731410.00427574,4874262889501.658,50.92452695908302,21884.039118721907,"Molinería, panadería y alimentos",13
029,Elaboración de productos de café,2010,485.99999999999994,12131.543002323766,551041.9526113045,28654181.535787832,485999999999.99994,40.06085622471171,16960.875305162946,Productos de café,14
029,Elaboración de productos de café,2011,452.99999999999994,11249.91225234197,506978.18954586564,26362865.856385015,452999999999.99994,40.26698074073386,17183.26082102658,Productos de café,14
029,Elaboración de productos de café,2012,417.99999999999994,10151.266297418202,454948.7571078896,23657335.369610265,417999999999.99994,41.17712881853084,17668.93834277525,Productos de café,14
029,Elaboración de productos de café,2013,564.0,11396.170304253556,515584.83861438435,26810411.607947987,564000000000.0,49.49030989730737,21036.60354967476,Productos de café,14
029,Elaboración de productos de café,2014,631.0,12553.971593187234,579717.9038594732,30145331.000692602,631000000000.0,50.26297815923289,20931.931382193234,Productos de café,14
029,Elaboración de productos de café,2015,702.0000000000001,13506.232033920176,629047.872423267,32710489.36600988,702000000000.0001,51.9760062049108,21461.00573871152,Productos de café,14
029,Elaboración de productos de café,2016,715.0,12131.793800896694,576702.6749931917,29988539.099645965,715000000000.0,58.936049502189235,23842.44186167912,Productos de café,14
029,Elaboración de productos de café,2017,736.0,14142.233794308971,662845.605316137,34467971.476439126,736000000000.0,52.042697830110576,21353.15681409041,Productos de café,14
029,Elaboración de productos de café,2018,713.0,14891.182580068487,676811.5889820359,35194202.62706587,713000000000.0,47.880683496174065,20259.018439919764,Productos de café,14
029,Elaboración de productos de café,2019,793.0,15482.462131211187,696112.9432922115,36197873.051195,793000000000.0,51.21924363705606,21907.36452604418,Productos de café,14
029,Elaboración de productos de café,2021,640.0,9188.497782290955,415024.3958540851,21581268.584412422,640000000000.0,69.65229955580723,29655.346602852394,Productos de café,14
029,Elaboración de productos de café,2022,608.0,9876.761370973505,458177.5658867537,23825233.42611119,608000000000.0,61.55864024282611,25519.16235723694,Productos de café,14
029,Elaboración de productos de café,2023,606.0,11053.583730123839,506878.0016752285,26357656.087111883,606000000000.0,54.82384851787889,22991.422226512626,Productos de café,14
029,Elaboración de productos de café,2024,685.0,12727.625677562024,577583.0931773246,30034320.845220882,685000000000.0,53.819936047271604,22807.241206820847,Productos de café,14
029,Elaboración de productos de café,2025,734.5514543101475,14424.315711373167,645492.7917707623,33565625.17207964,734551454310.1475,50.92452695908301,21884.039118721907,Productos de café,14
"030,031",Elaboración de azúcar y elaboración de panela,2010,2104.0,52520.09563145928,2385580.7989592277,124050201.54587986,2104000000000.0,40.06085622471171,16960.875305162946,Azúcar y panela,15
"030,031",Elaboración de azúcar y elaboración de panela,2011,2328.0,57814.118594817024,2605397.8482621973,135480688.10963428,2328000000000.0,40.26698074073386,17183.26082102658,Azúcar y panela,15
"030,031",Elaboración de azúcar y elaboración de panela,2012,2297.0,55783.393983659356,2500041.3757818723,130002151.54065736,2297000000000.0,41.17712881853085,17668.938342775255,Azúcar y panela,15
"030,031",Elaboración de azúcar y elaboración de panela,2013,2411.0,48716.60745311227,2204033.769324966,114609756.0048982,2411000000000.0,49.49030989730737,21036.60354967476,Azúcar y panela,15
"030,031",Elaboración de azúcar y elaboración de panela,2014,2721.0,54135.27211578838,2499861.1987347486,129992782.33420692,2721000000000.0,50.26297815923288,20931.931382193234,Azúcar y panela,15
"030,031",Elaboración de azúcar y elaboración de panela,2015,2618.0000000000005,50369.39524900715,2345936.3675272265,121988691.11141577,2618000000000.0005,51.9760062049108,21461.005738711516,Azúcar y panela,15
"030,031",Elaboración de azúcar y elaboración de panela,2016,2381.0,40399.72173417487,1920460.2365857195,99863932.3024574,2381000000000.0,58.93604950218923,23842.44186167912,Azúcar y panela,15
"030,031",Elaboración de azúcar y elaboración de panela,2017,2424.0,46577.1395616915,2183067.591421625,113519514.7539245,2424000000000.0,52.042697830110576,21353.156814090413,Azúcar y panela,15
"030,031",Elaboración de azúcar y elaboración de panela,2018,2465.0,51482.13893389737,2339888.593044486,121674206.83831327,2465000000000.0,47.880683496174065,20259.018439919764,Azúcar y panela,15
"030,031",Elaboración de azúcar y elaboración de panela,2019,2439.0,47618.82110721827,2141008.1572379624,111332424.17637405,2439000000000.0,51.21924363705606,21907.364526044177,Azúcar y panela,15
"030,031",Elaboración de azúcar y elaboración de panela,2021,2489.0,35734.64215644091,1614055.8145012776,83930902.35406643,2489000000000.0,69.65229955580725,29655.346602852394,Azúcar y panela,15
"030,031",Elaboración de azúcar y elaboración de panela,2022,2546.0,41358.93824095155,1918618.5571507812,99768164.97184062,2546000000000.0,61.55864024282611,25519.16235723694,Azúcar y panela,15
"030,031",Elaboración de azúcar y elaboración de panela,2023,2440.0,44506.178715350106,2040894.9242368934,106126536.06031846,2440000000000.0,54.82384851787889,22991.42222651263,Azúcar y panela,15
"030,031",Elaboración de azúcar y elaboración de panela,2024,2510.0,46636.99335865793,2116399.3633212917,110052766.89270717,2510000000000.0,53.819936047271604,22807.241206820847,Azúcar y panela,15
"030,031",Elaboración de azúcar y elaboración de panela,2025,2491.0422670913636,48916.355552853216,2189022.726684104,113829181.78757341,2491042267091.364,50.92452695908301,21884.039118721907,Azúcar y panela,15
033,"Elaboración de cacao, chocolate y productos de confitería",2010,658.0,16425.010896150285,746060.9152638649,38795167.59372098,658000000000.0,40.06085622471172,16960.875305162946,Cacao y confitería,16
033,"Elaboración de cacao, chocolate y productos de confitería",2011,661.9999999999999,16440.269119316523,740882.0341707794,38525865.77688053,661999999999.9999,40.26698074073385,17183.260821026575,Cacao y confitería,16
033,"Elaboración de cacao, chocolate y productos de confitería",2012,670.0,16271.16846715358,729224.0843595362,37919652.386695884,670000000000.0,41.17712881853084,17668.93834277525,Cacao y confitería,16
033,"Elaboración de cacao, chocolate y productos de confitería",2013,663.0,13396.561900212955,606086.4326264837,31516494.49657715,663000000000.0,49.49030989730737,21036.60354967476,Cacao y confitería,16
033,"Elaboración de cacao, chocolate y productos de confitería",2014,703.9999999999999,14006.332807613013,646785.1098527242,33632825.71234166,703999999999.9999,50.26297815923289,20931.931382193234,Cacao y confitería,16
033,"Elaboración de cacao, chocolate y productos de confitería",2015,687.9999999999999,13236.876979112647,616502.7581584153,32058143.424237594,687999999999.9999,51.9760062049108,21461.005738711516,Cacao y confitería,16
033,"Elaboración de cacao, chocolate y productos de confitería",2016,702.0,11911.215731789482,566217.1718114973,29443292.934197858,702000000000.0,58.93604950218923,23842.44186167912,Cacao y confitería,16
033,"Elaboración de cacao, chocolate y productos de confitería",2017,723.0,13892.438903920362,651137.7345700639,33859162.197643325,723000000000.0,52.042697830110576,21353.15681409041,Cacao y confitería,16
033,"Elaboración de cacao, chocolate y productos de confitería",2018,780.9999999999999,16311.379516175997,741360.2398246423,38550732.470881395,780999999999.9999,47.88068349617407,20259.018439919768,Cacao y confitería,16
033,"Elaboración de cacao, chocolate y productos de confitería",2019,827.9999999999999,16165.79904746893,726836.7175863191,37795509.3144886,827999999999.9999,51.21924363705606,21907.36452604418,Cacao y confitería,16
033,"Elaboración de cacao, chocolate y productos de confitería",2021,915.0,13136.680423119098,593355.1909476372,30854469.929277133,915000000000.0,69.65229955580723,29655.346602852394,Cacao y confitería,16
033,"Elaboración de cacao, chocolate y productos de confitería",2022,1032.0,16764.502853362923,777696.1315709372,40440198.84168874,1032000000000.0,61.55864024282611,25519.162357236935,Cacao y confitería,16
033,"Elaboración de cacao, chocolate y productos de confitería",2023,989.0,18039.59456945953,827231.5901927408,43016042.69002252,989000000000.0,54.8238485178789,22991.42222651263,Cacao y confitería,16
033,"Elaboración de cacao, chocolate y productos de confitería",2024,952.9999999999999,17707.19309593665,803557.2084642195,41784974.84013941,952999999999.9999,53.81993604727161,22807.241206820847,Cacao y confitería,16
033,"Elaboración de cacao, chocolate y productos de confitería",2025,947.1276703676374,18598.654261995172,832295.7915631735,43279381.16128503,947127670367.6375,50.92452695908302,21884.039118721907,Cacao y confitería,16
034,"Procesamiento y conservación de frutas, legumbres, hortalizas y tubérculos; elaboración de otros productos alimenticios (platos preparados y conservados mediante enlatado o congelado, elaboración de sopas y caldos en estado sólidos, polvo o instantáneas entre otros)",2010,1983.0,49499.6908921976,2248387.2263955083,116916135.77256644,1983000000000.0,40.06085622471171,16960.875305162943,"Frutas, hortalizas y otros alimentos",17
034,"Procesamiento y conservación de frutas, legumbres, hortalizas y tubérculos; elaboración de otros productos alimenticios (platos preparados y conservados mediante enlatado o congelado, elaboración de sopas y caldos en estado sólidos, polvo o instantáneas entre otros)",2011,2016.0,50065.83465942917,2256220.8170518,117323482.48669359,2016000000000.0,40.26698074073386,17183.26082102658,"Frutas, hortalizas y otros alimentos",17
034,"Procesamiento y conservación de frutas, legumbres, hortalizas y tubérculos; elaboración de otros productos alimenticios (platos preparados y conservados mediante enlatado o congelado, elaboración de sopas y caldos en estado sólidos, polvo o instantáneas entre otros)",2012,2030.0,49299.2119228683,2209440.136193818,114890887.08207855,2030000000000.0,41.17712881853085,17668.938342775255,"Frutas, hortalizas y otros alimentos",17
034,"Procesamiento y conservación de frutas, legumbres, hortalizas y tubérculos; elaboración de otros productos alimenticios (platos preparados y conservados mediante enlatado o congelado, elaboración de sopas y caldos en estado sólidos, polvo o instantáneas entre otros)",2013,2143.0,43301.40596102016,1959039.5552316057,101870056.87204349,2143000000000.0,49.49030989730737,21036.60354967476,"Frutas, hortalizas y otros alimentos",17
034,"Procesamiento y conservación de frutas, legumbres, hortalizas y tubérculos; elaboración de otros productos alimenticios (platos preparados y conservados mediante enlatado o congelado, elaboración de sopas y caldos en estado sólidos, polvo o instantáneas entre otros)",2014,2187.0,43511.15035546828,2009259.9932498697,104481519.64899322,2187000000000.0,50.26297815923288,20931.93138219323,"Frutas, hortalizas y otros alimentos",17
034,"Procesamiento y conservación de frutas, legumbres, hortalizas y tubérculos; elaboración de otros productos alimenticios (platos preparados y conservados mediante enlatado o congelado, elaboración de sopas y caldos en estado sólidos, polvo o instantáneas entre otros)",2015,2276.0,43789.43605299475,2039477.1476287115,106052811.67669299,2276000000000.0,51.9760062049108,21461.005738711516,"Frutas, hortalizas y otros alimentos",17
034,"Procesamiento y conservación de frutas, legumbres, hortalizas y tubérculos; elaboración de otros productos alimenticios (platos preparados y conservados mediante enlatado o congelado, elaboración de sopas y caldos en estado sólidos, polvo o instantáneas entre otros)",2016,2329.0,39517.40945774602,1878518.223858942,97682947.64066498,2329000000000.0,58.93604950218922,23842.441861679115,"Frutas, hortalizas y otros alimentos",17
034,"Procesamiento y conservación de frutas, legumbres, hortalizas y tubérculos; elaboración de otros productos alimenticios (platos preparados y conservados mediante enlatado o congelado, elaboración de sopas y caldos en estado sólidos, polvo o instantáneas entre otros)",2017,2308.0000000000005,44348.20053976238,2078597.3601489733,108087062.7277466,2308000000000.0005,52.042697830110576,21353.156814090413,"Frutas, hortalizas y otros alimentos",17
034,"Procesamiento y conservación de frutas, legumbres, hortalizas y tubérculos; elaboración de otros productos alimenticios (platos preparados y conservados mediante enlatado o congelado, elaboración de sopas y caldos en estado sólidos, polvo o instantáneas entre otros)",2018,2365.0000000000005,49393.61402785691,2244964.1065112413,116738133.53858455,2365000000000.0005,47.88068349617407,20259.018439919768,"Frutas, hortalizas y otros alimentos",17
034,"Procesamiento y conservación de frutas, legumbres, hortalizas y tubérculos; elaboración de otros productos alimenticios (platos preparados y conservados mediante enlatado o congelado, elaboración de sopas y caldos en estado sólidos, polvo o instantáneas entre otros)",2019,2361.0,46095.95597955815,2072538.0316682365,107771977.6467483,2361000000000.0,51.21924363705606,21907.364526044177,"Frutas, hortalizas y otros alimentos",17
034,"Procesamiento y conservación de frutas, legumbres, hortalizas y tubérculos; elaboración de otros productos alimenticios (platos preparados y conservados mediante enlatado o congelado, elaboración de sopas y caldos en estado sólidos, polvo o instantáneas entre otros)",2021,2506.0,35978.711628783014,1625079.9000161518,84504154.80083989,2506000000000.0,69.65229955580725,29655.346602852394,"Frutas, hortalizas y otros alimentos",17
034,"Procesamiento y conservación de frutas, legumbres, hortalizas y tubérculos; elaboración de otros productos alimenticios (platos preparados y conservados mediante enlatado o congelado, elaboración de sopas y caldos en estado sólidos, polvo o instantáneas entre otros)",2022,2769.0,44981.50038852901,2086667.2367441137,108506696.3106939,2769000000000.0,61.5586402428261,25519.16235723694,"Frutas, hortalizas y otros alimentos",17
034,"Procesamiento y conservación de frutas, legumbres, hortalizas y tubérculos; elaboración de otros productos alimenticios (platos preparados y conservados mediante enlatado o congelado, elaboración de sopas y caldos en estado sólidos, polvo o instantáneas entre otros)",2023,2719.0,49595.20488812989,2274259.548770538,118261496.53606799,2719000000000.0,54.8238485178789,22991.42222651263,"Frutas, hortalizas y otros alimentos",17
034,"Procesamiento y conservación de frutas, legumbres, hortalizas y tubérculos; elaboración de otros productos alimenticios (platos preparados y conservados mediante enlatado o congelado, elaboración de sopas y caldos en estado sólidos, polvo o instantáneas entre otros)",2024,2642.0,49089.61611696185,2227700.046970061,115840402.44244318,2642000000000.0,53.819936047271604,22807.241206820843,"Frutas, hortalizas y otros alimentos",17
034,"Procesamiento y conservación de frutas, legumbres, hortalizas y tubérculos; elaboración de otros productos alimenticios (platos preparados y conservados mediante enlatado o congelado, elaboración de sopas y caldos en estado sólidos, polvo o instantáneas entre otros)",2025,2656.679300644052,52168.95392624164,2334577.5555271883,121398032.8874138,2656679300644.0522,50.92452695908302,21884.039118721907,"Frutas, hortalizas y otros alimentos",17
036,Elaboración de bebidas (incluido el hielo) y elaboración de productos de tabaco,2010,5584.999999999999,139412.8964361692,6332447.130317151,329287250.7764919,5584999999999.999,40.06085622471172,16960.875305162946,Bebidas y tabaco,18
036,Elaboración de bebidas (incluido el hielo) y elaboración de productos de tabaco,2011,5657.0,140487.31481567005,6331072.004991087,329215744.25953656,5657000000000.0,40.26698074073386,17183.26082102658,Bebidas y tabaco,18
036,Elaboración de bebidas (incluido el hielo) y elaboración de productos de tabaco,2012,5804.000000000001,140952.0325124767,6317039.680033953,328486063.36176556,5804000000000.001,41.17712881853084,17668.938342775255,Bebidas y tabaco,18
036,Elaboración de bebidas (incluido el hielo) y elaboración de productos de tabaco,2013,6110.0,123458.51162941351,5585502.418322497,290446125.7527698,6110000000000.0,49.49030989730737,21036.60354967476,Bebidas y tabaco,18
036,Elaboración de bebidas (incluido el hielo) y elaboración de productos de tabaco,2014,6274.0,124823.48300421031,5764104.800022718,299733449.60118127,6274000000000.0,50.26297815923289,20931.931382193234,Bebidas y tabaco,18
036,Elaboración de bebidas (incluido el hielo) y elaboración de productos de tabaco,2015,6394.0,123018.30145995098,5729532.900675738,297935710.8351384,6394000000000.0,51.97600620491081,21461.005738711516,Bebidas y tabaco,18
036,Elaboración de bebidas (incluido el hielo) y elaboración de productos de tabaco,2016,6695.0,113597.70559021451,5400034.138572614,280801775.20577586,6695000000000.0,58.93604950218923,23842.44186167912,Bebidas y tabaco,18
036,Elaboración de bebidas (incluido el hielo) y elaboración de productos de tabaco,2017,6495.000000000002,124801.37023646303,5849432.3458265085,304170481.98297846,6495000000000.002,52.042697830110576,21353.156814090413,Bebidas y tabaco,18
036,Elaboración de bebidas (incluido el hielo) y elaboración de productos de tabaco,2018,6746.0,140891.8901614895,6403605.861532698,332987504.7997003,6746000000000.0,47.88068349617407,20259.018439919764,Bebidas y tabaco,18
036,Elaboración de bebidas (incluido el hielo) y elaboración de productos de tabaco,2019,6861.999999999999,133973.08341030413,6023615.405890486,313228001.1063053,6861999999999.999,51.21924363705605,21907.364526044177,Bebidas y tabaco,18
036,Elaboración de bebidas (incluido el hielo) y elaboración de productos de tabaco,2021,7078.000000000001,101619.04266102404,4589910.427898773,238675342.25073618,7078000000000.001,69.65229955580723,29655.34660285239,Bebidas y tabaco,18
036,Elaboración de bebidas (incluido el hielo) y elaboración de productos de tabaco,2022,8139.999999999999,132231.6407232308,6134153.595918051,318975986.98773867,8139999999999.999,61.5586402428261,25519.162357236935,Bebidas y tabaco,18
036,Elaboración de bebidas (incluido el hielo) y elaboración de productos de tabaco,2023,8275.0,150937.9626514435,6921477.663139465,359916838.48325217,8275000000000.0,54.82384851787889,22991.42222651263,Bebidas y tabaco,18
036,Elaboración de bebidas (incluido el hielo) y elaboración de productos de tabaco,2024,8517.0,158249.90933692813,7181423.656337627,373434030.1295566,8517000000000.0,53.8199360472716,22807.241206820843,Bebidas y tabaco,18
036,Elaboración de bebidas (incluido el hielo) y elaboración de productos de tabaco,2025,8372.832953181733,164416.50915891983,7357691.944201833,382599981.0984953,8372832953181.732,50.92452695908301,21884.039118721903,Bebidas y tabaco,18
"037,038","Preparación, hilatura, tejeduría y acabado de productos textiles; fabricación de otros productos textiles, Confección de prendas de vestir",2010,7967.0,481389.9335993708,21521308.65024852,1119108049.812923,7967000000000.0,16.549992934896746,7119.062365186108,Textiles y confecciones,19
"037,038","Preparación, hilatura, tejeduría y acabado de productos textiles; fabricación de otros productos textiles, Confección de prendas de vestir",2011,8555.0,507919.5319121841,22826265.93859046,1186965828.8067038,8555000000000.0,16.843219176456287,7207.452643013848,Textiles y confecciones,19
"037,038","Preparación, hilatura, tejeduría y acabado de productos textiles; fabricación de otros productos textiles, Confección de prendas de vestir",2012,8552.000000000002,516153.8777602208,23213706.64075609,1207112745.3193166,8552000000000.002,16.56870241314516,7084.673766523563,Textiles y confecciones,19
"037,038","Preparación, hilatura, tejeduría y acabado de productos textiles; fabricación de otros productos textiles, Confección de prendas de vestir",2013,8428.0,504964.731991352,22364965.067218132,1162978183.495343,8428000000000.0,16.690274520289346,7246.911523885649,Textiles y confecciones,19
"037,038","Preparación, hilatura, tejeduría y acabado de productos textiles; fabricación de otros productos textiles, Confección de prendas de vestir",2014,8551.999999999998,516682.8348451515,23540663.27798747,1224114490.4553485,8551999999999.998,16.55174010679687,6986.2746227428515,Textiles y confecciones,19
"037,038","Preparación, hilatura, tejeduría y acabado de productos textiles; fabricación de otros productos textiles, Confección de prendas de vestir",2015,8584.0,484330.34956236725,21684501.22545025,1127594063.723413,8584000000000.0,17.72344022578052,7612.6686687715355,Textiles y confecciones,19
"037,038","Preparación, hilatura, tejeduría y acabado de productos textiles; fabricación de otros productos textiles, Confección de prendas de vestir",2016,9004.0,485405.35792962613,21748451.87313371,1130919497.402953,9004000000000.0,18.549445021382304,7961.663072107974,Textiles y confecciones,19
"037,038","Preparación, hilatura, tejeduría y acabado de productos textiles; fabricación de otros productos textiles, Confección de prendas de vestir",2017,8693.0,460104.86884458706,20816724.346104663,1082469665.9974425,8693000000000.0,18.893518822849703,8030.710026400443,Textiles y confecciones,19
"037,038","Preparación, hilatura, tejeduría y acabado de productos textiles; fabricación de otros productos textiles, Confección de prendas de vestir",2018,8729.0,461465.423058928,20648975.031240527,1073746701.6245074,8729000000000.0,18.9158267636562,8129.477824512618,Textiles y confecciones,19
"037,038","Preparación, hilatura, tejeduría y acabado de productos textiles; fabricación de otros productos textiles, Confección de prendas de vestir",2019,8892.0,482906.790167362,21486503.69464634,1117298192.1216097,8892000000000.0,18.413491342538965,7958.484192223746,Textiles y confecciones,19
"037,038","Preparación, hilatura, tejeduría y acabado de productos textiles; fabricación de otros productos textiles, Confección de prendas de vestir",2021,10245.0,384614.043322634,16688009.994375955,867776519.7075497,10245000000000.0,26.637092893162947,11806.035041663352,Textiles y confecciones,19
"037,038","Preparación, hilatura, tejeduría y acabado de productos textiles; fabricación de otros productos textiles, Confección de prendas de vestir",2022,11560.0,452101.6058168411,20399551.83217613,1060776695.2731588,11560000000000.0,25.569473435321697,10897.675308584343,Textiles y confecciones,19
"037,038","Preparación, hilatura, tejeduría y acabado de productos textiles; fabricación de otros productos textiles, Confección de prendas de vestir",2023,10271.0,447629.48932839994,19773794.3973021,1028237308.6597091,10271000000000.0,22.94531581333052,9988.939239510852,Textiles y confecciones,19
"037,038","Preparación, hilatura, tejeduría y acabado de productos textiles; fabricación de otros productos textiles, Confección de prendas de vestir",2024,9990.0,456772.89539149386,19886959.58651293,1034121898.4986724,9990000000000.0,21.870824868970622,9660.369840831512,Textiles y confecciones,19
"037,038","Preparación, hilatura, tejeduría y acabado de productos textiles; fabricación de otros productos textiles, Confección de prendas de vestir",2025,10607.965725792194,498051.16874437017,21566231.130194053,1121444018.7700908,10607965725792.193,21.29894756102227,9459.202196669748,Textiles y confecciones,19
039,"Curtido y recurtido de cueros; fabricación de calzado; fabricación de artículos de viaje, maletas, bolsos de mano y artículos similares, y fabricación de artículos de talabartería y guarnicionería; adobo y teñido de pieles",2010,1676.0,133652.41144631937,6811134.860416803,354179012.7416737,1676000000000.0,12.539990725667936,4732.070336483823,"Cuero, calzado y artículos de viaje",20
039,"Curtido y recurtido de cueros; fabricación de calzado; fabricación de artículos de viaje, maletas, bolsos de mano y artículos similares, y fabricación de artículos de talabartería y guarnicionería; adobo y teñido de pieles",2011,1866.0000000000002,138242.64810087995,6867902.1622712705,357130912.43810606,1866000000000.0002,13.498005323497003,5224.974750186025,"Cuero, calzado y artículos de viaje",20
039,"Curtido y recurtido de cueros; fabricación de calzado; fabricación de artículos de viaje, maletas, bolsos de mano y artículos similares, y fabricación de artículos de talabartería y guarnicionería; adobo y teñido de pieles",2012,1803.0,156956.60954894143,7703936.621327219,400604704.3090154,1803000000000.0,11.487251191150364,4500.696024301341,"Cuero, calzado y artículos de viaje",20
039,"Curtido y recurtido de cueros; fabricación de calzado; fabricación de artículos de viaje, maletas, bolsos de mano y artículos similares, y fabricación de artículos de talabartería y guarnicionería; adobo y teñido de pieles",2013,1701.0,145382.69230102966,7124564.479585718,370477352.93845737,1701000000000.0,11.700154764488103,4591.373768216718,"Cuero, calzado y artículos de viaje",20
039,"Curtido y recurtido de cueros; fabricación de calzado; fabricación de artículos de viaje, maletas, bolsos de mano y artículos similares, y fabricación de artículos de talabartería y guarnicionería; adobo y teñido de pieles",2014,1751.0,157535.6266743242,7457272.728376772,387778181.8755922,1751000000000.0,11.114946104349267,4515.468073863319,"Cuero, calzado y artículos de viaje",20
039,"Curtido y recurtido de cueros; fabricación de calzado; fabricación de artículos de viaje, maletas, bolsos de mano y artículos similares, y fabricación de artículos de talabartería y guarnicionería; adobo y teñido de pieles",2015,1758.9999999999995,185979.38772488455,8499058.64959687,441951049.77903724,1758999999999.9995,9.458037374561377,3980.078791258554,"Cuero, calzado y artículos de viaje",20
039,"Curtido y recurtido de cueros; fabricación de calzado; fabricación de artículos de viaje, maletas, bolsos de mano y artículos similares, y fabricación de artículos de talabartería y guarnicionería; adobo y teñido de pieles",2016,1811.0,182565.19384491447,8338232.007825446,433588064.40692323,1811000000000.0,9.919744075305006,4176.775489604744,"Cuero, calzado y artículos de viaje",20
039,"Curtido y recurtido de cueros; fabricación de calzado; fabricación de artículos de viaje, maletas, bolsos de mano y artículos similares, y fabricación de artículos de talabartería y guarnicionería; adobo y teñido de pieles",2017,1816.9999999999998,180495.6904748458,8304476.517273316,431832778.89821243,1816999999999.9998,10.066722342344347,4207.647239368751,"Cuero, calzado y artículos de viaje",20
039,"Curtido y recurtido de cueros; fabricación de calzado; fabricación de artículos de viaje, maletas, bolsos de mano y artículos similares, y fabricación de artículos de talabartería y guarnicionería; adobo y teñido de pieles",2018,1652.9999999999998,161805.93347502945,7525097.0930665005,391305048.83945805,1652999999999.9998,10.215941804477136,4224.325765544061,"Cuero, calzado y artículos de viaje",20
039,"Curtido y recurtido de cueros; fabricación de calzado; fabricación de artículos de viaje, maletas, bolsos de mano y artículos similares, y fabricación de artículos de talabartería y guarnicionería; adobo y teñido de pieles",2019,1554.0,148012.16164450755,6890812.38362583,358322243.94854313,1554000000000.0,10.499137251521022,4336.878399944275,"Cuero, calzado y artículos de viaje",20
039,"Curtido y recurtido de cueros; fabricación de calzado; fabricación de artículos de viaje, maletas, bolsos de mano y artículos similares, y fabricación de artículos de talabartería y guarnicionería; adobo y teñido de pieles",2021,1353.0,183220.13041608,7636490.772717987,397097520.18133533,1353000000000.0,7.384559747487529,3407.223493569413,"Cuero, calzado y artículos de viaje",20
039,"Curtido y recurtido de cueros; fabricación de calzado; fabricación de artículos de viaje, maletas, bolsos de mano y artículos similares, y fabricación de artículos de talabartería y guarnicionería; adobo y teñido de pieles",2022,1436.0,196254.06823539734,8507281.474167189,442378636.6566938,1436000000000.0,7.317045770880973,3246.0880363768606,"Cuero, calzado y artículos de viaje",20
039,"Curtido y recurtido de cueros; fabricación de calzado; fabricación de artículos de viaje, maletas, bolsos de mano y artículos similares, y fabricación de artículos de talabartería y guarnicionería; adobo y teñido de pieles",2023,1272.0,179165.0291786585,7679199.157566772,399318356.19347215,1272000000000.0,7.099599770285507,3185.42831871147,"Cuero, calzado y artículos de viaje",20
039,"Curtido y recurtido de cueros; fabricación de calzado; fabricación de artículos de viaje, maletas, bolsos de mano y artículos similares, y fabricación de artículos de talabartería y guarnicionería; adobo y teñido de pieles",2024,1199.0,170054.65760200814,7133830.543949715,370959188.2853852,1199000000000.0,7.050674276773477,3232.161482619994,"Cuero, calzado y artículos de viaje",20
039,"Curtido y recurtido de cueros; fabricación de calzado; fabricación de artículos de viaje, maletas, bolsos de mano y artículos similares, y fabricación de artículos de talabartería y guarnicionería; adobo y teñido de pieles",2025,1184.9977163851963,182868.8716093106,7769093.887540431,403992882.1521024,1184997716385.1963,6.480040621221088,2933.2143429671796,"Cuero, calzado y artículos de viaje",20
040,"Transformación de la madera y fabricación de productos de madera y de corcho, excepto muebles; fabricación de artículos de cestería y espartería",2010,1052.0,24688.671870395898,1134791.9017355156,59009178.890246816,1052000000000.0,42.610635579042615,17827.73493521492,Madera,21
040,"Transformación de la madera y fabricación de productos de madera y de corcho, excepto muebles; fabricación de artículos de cestería y espartería",2011,1027.0,22441.897908006216,1016366.5194312828,52851059.01042671,1027000000000.0,45.76261794835162,19431.966345222874,Madera,21
040,"Transformación de la madera y fabricación de productos de madera y de corcho, excepto muebles; fabricación de artículos de cestería y espartería",2012,1009.0,19321.68123785508,871978.2385200154,45342868.4030408,1009000000000.0,52.22112856427655,22252.672482721322,Madera,21
040,"Transformación de la madera y fabricación de productos de madera y de corcho, excepto muebles; fabricación de artículos de cestería y espartería",2013,1032.0,21003.358331420135,938063.9770157195,48779326.804817416,1032000000000.0,49.13499944702518,21156.503535388692,Madera,21
040,"Transformación de la madera y fabricación de productos de madera y de corcho, excepto muebles; fabricación de artículos de cestería y espartería",2014,1059.0,17339.671031652513,791666.8374520433,41166675.54750625,1059000000000.0,61.0738230308326,25724.690806716135,Madera,21
040,"Transformación de la madera y fabricación de productos de madera y de corcho, excepto muebles; fabricación de artículos de cestería y espartería",2015,1137.0,18207.900500956323,836599.7058577028,43503184.70460054,1137000000000.0,62.445420324011664,26136.017574818154,Madera,21
040,"Transformación de la madera y fabricación de productos de madera y de corcho, excepto muebles; fabricación de artículos de cestería y espartería",2016,1160.9999999999998,16728.675817434512,768624.328440967,39968465.07893028,1160999999999.9998,69.40178724666382,29047.900581301805,Madera,21
040,"Transformación de la madera y fabricación de productos de madera y de corcho, excepto muebles; fabricación de artículos de cestería y espartería",2017,1121.0,16870.461492812065,723614.8153132811,37627970.396290615,1121000000000.0,66.44750059016586,29791.66795853833,Madera,21
040,"Transformación de la madera y fabricación de productos de madera y de corcho, excepto muebles; fabricación de artículos de cestería y espartería",2018,1028.0,17224.701336362883,749507.0325211043,38974365.69109742,1028000000000.0,59.68173148116073,26376.311243849625,Madera,21
040,"Transformación de la madera y fabricación de productos de madera y de corcho, excepto muebles; fabricación de artículos de cestería y espartería",2019,965.0,14809.604542175413,640810.4331099491,33322142.521717355,965000000000.0,65.16041648862618,28959.722483963073,Madera,21
040,"Transformación de la madera y fabricación de productos de madera y de corcho, excepto muebles; fabricación de artículos de cestería y espartería",2021,920.9999999999999,18687.398042868284,847912.8312637554,44091467.22571528,920999999999.9999,49.28454982803148,20888.39537330817,Madera,21
040,"Transformación de la madera y fabricación de productos de madera y de corcho, excepto muebles; fabricación de artículos de cestería y espartería",2022,1086.0,20452.887290325318,882469.4589570616,45888411.8657672,1086000000000.0,53.097637736149984,23666.105577520695,Madera,21
040,"Transformación de la madera y fabricación de productos de madera y de corcho, excepto muebles; fabricación de artículos de cestería y espartería",2023,1014.9999999999999,17494.27369247003,725158.7097503688,37708252.90701918,1014999999999.9999,58.018984831412645,26917.184482208224,Madera,21
040,"Transformación de la madera y fabricación de productos de madera y de corcho, excepto muebles; fabricación de artículos de cestería y espartería",2024,979.0,19064.40877807865,797365.4637881343,41463004.11698298,979000000000.0,51.35223501531872,23611.41024026785,Madera,21
040,"Transformación de la madera y fabricación de productos de madera y de corcho, excepto muebles; fabricación de artículos de cestería y espartería",2025,1011.5700594317696,20881.43890053406,849188.1686448888,44157784.769534215,1011570059431.7695,48.44350354639104,22908.079848463825,Madera,21
041,"Fabricación de papel, cartón y productos de papel y de cartón",2010,2769.0,64983.776054302514,2986918.9885034626,155319787.40218008,2769000000000.0,42.610635579042615,17827.73493521492,Papel y cartón,22
041,"Fabricación de papel, cartón y productos de papel y de cartón",2011,2881.0,62955.3143845822,2851170.3432147284,148260857.84716588,2881000000000.0,45.76261794835161,19431.966345222874,Papel y cartón,22
041,"Fabricación de papel, cartón y productos de papel y de cartón",2012,2989.0,57237.36889985017,2583095.0990449213,134320945.1503359,2989000000000.0,52.221128564276555,22252.672482721322,Papel y cartón,22
041,"Fabricación de papel, cartón y productos de papel y de cartón",2013,2995.0,60954.513762212504,2722385.2821337986,141564034.67095754,2995000000000.0,49.13499944702518,21156.50353538869,Papel y cartón,22
041,"Fabricación de papel, cartón y productos de papel y de cartón",2014,3131.0,51265.82625127858,2340612.717717042,121711861.32128619,3131000000000.0,61.0738230308326,25724.690806716135,Papel y cartón,22
041,"Fabricación de papel, cartón y productos de papel y de cartón",2015,3219.0,51549.016457852595,2368526.344024578,123163369.88927805,3219000000000.0,62.445420324011664,26136.017574818154,Papel y cartón,22
041,"Fabricación de papel, cartón y productos de papel y de cartón",2016,3468.0000000000005,49969.8946898044,2295942.4384438195,119389006.79907863,3468000000000.0005,69.40178724666382,29047.900581301798,Papel y cartón,22
041,"Fabricación de papel, cartón y productos de papel y de cartón",2017,3567.0,53681.477381677636,2302528.1411440447,119731463.33949031,3567000000000.0,66.44750059016586,29791.667958538328,Papel y cartón,22
041,"Fabricación de papel, cartón y productos de papel y de cartón",2018,3707.0,62112.80919639806,2702745.690229313,140542775.89192426,3707000000000.0,59.68173148116073,26376.311243849625,Papel y cartón,22
041,"Fabricación de papel, cartón y productos de papel y de cartón",2019,3769.0,57841.86478700429,2502812.9765713974,130146274.78171267,3769000000000.0,65.16041648862617,28959.72248396307,Papel y cartón,22
041,"Fabricación de papel, cartón y productos de papel y de cartón",2021,3621.0,73471.30110013687,3333650.7730793254,173349840.20012492,3621000000000.0,49.28454982803148,20888.39537330817,Papel y cartón,22
041,"Fabricación de papel, cartón y productos de papel y de cartón",2022,3797.0,71509.7725979422,3085392.758434588,160440423.43859857,3797000000000.0,53.09763773614999,23666.105577520695,Papel y cartón,22
041,"Fabricación de papel, cartón y productos de papel y de cartón",2023,3871.0,66719.54035817881,2765605.286151407,143811474.87987316,3871000000000.0,58.018984831412645,26917.184482208228,Papel y cartón,22
041,"Fabricación de papel, cartón y productos de papel y de cartón",2024,3711.9999999999995,72285.07189400197,3023310.1139750294,157212125.92670155,3711999999999.9995,51.35223501531872,23611.41024026785,Papel y cartón,22
041,"Fabricación de papel, cartón y productos de papel y de cartón",2025,3602.6354537959205,74367.77256099823,3024323.797229248,157264837.45592088,3602635453795.9204,48.44350354639105,22908.07984846383,Papel y cartón,22
042,"Actividades de impresión; producción de copias a partir de grabaciones originales (Copia a partir de un original en CD, DVD, Blu-ray)",2010,1578.0,53753.30362698627,2488986.966838762,129427322.27561563,1578000000000.0,29.356335211512132,12192.170650333375,Impresión y reproducción,23
042,"Actividades de impresión; producción de copias a partir de grabaciones originales (Copia a partir de un original en CD, DVD, Blu-ray)",2011,1627.0,53686.05497948217,2525114.7961689327,131305969.40078449,1627000000000.0,30.30582151401904,12390.906578161095,Impresión y reproducción,23
042,"Actividades de impresión; producción de copias a partir de grabaciones originales (Copia a partir de un original en CD, DVD, Blu-ray)",2012,1673.0000000000002,55556.30507012171,2560733.696025593,133158152.19333085,1673000000000.0002,30.113593729611495,12564.007328450984,Impresión y reproducción,23
042,"Actividades de impresión; producción de copias a partir de grabaciones originales (Copia a partir de un original en CD, DVD, Blu-ray)",2013,1633.0,52366.765901413564,2482884.2376731155,129109980.35900201,1633000000000.0,31.18390016817746,12648.131426085694,Impresión y reproducción,23
042,"Actividades de impresión; producción de copias a partir de grabaciones originales (Copia a partir de un original en CD, DVD, Blu-ray)",2014,1603.0,53036.875818050474,2506424.621518353,130334080.31895435,1603000000000.0,30.22425388515132,12299.162245800399,Impresión y reproducción,23
042,"Actividades de impresión; producción de copias a partir de grabaciones originales (Copia a partir de un original en CD, DVD, Blu-ray)",2015,1701.0000000000002,43663.2825228951,2043575.9121663072,106265947.43264797,1701000000000.0002,38.95721763722347,16007.009216928167,Impresión y reproducción,23
042,"Actividades de impresión; producción de copias a partir de grabaciones originales (Copia a partir de un original en CD, DVD, Blu-ray)",2016,1785.0,39808.14116990859,1824483.563466856,94873145.30027652,1785000000000.0,44.84007410397,18814.597053259047,Impresión y reproducción,23
042,"Actividades de impresión; producción de copias a partir de grabaciones originales (Copia a partir de un original en CD, DVD, Blu-ray)",2017,1722.0000000000002,32071.941608277702,1509183.675364863,78477551.11897287,1722000000000.0002,53.691791442884,21942.58071826717,Impresión y reproducción,23
042,"Actividades de impresión; producción de copias a partir de grabaciones originales (Copia a partir de un original en CD, DVD, Blu-ray)",2018,1706.0,28757.7917378683,1343676.5699831632,69871181.63912448,1706000000000.0,59.32305288077933,24416.3610801842,Impresión y reproducción,23
042,"Actividades de impresión; producción de copias a partir de grabaciones originales (Copia a partir de un original en CD, DVD, Blu-ray)",2019,1665.9999999999998,30643.51867178014,1479671.8915998174,76942938.3631905,1665999999999.9998,54.36712467143117,21652.409375582334,Impresión y reproducción,23
042,"Actividades de impresión; producción de copias a partir de grabaciones originales (Copia a partir de un original en CD, DVD, Blu-ray)",2021,1669.0,23881.945156884678,1072950.0528059679,55793402.74591033,1669000000000.0,69.88542972676836,29913.931000065022,Impresión y reproducción,23
042,"Actividades de impresión; producción de copias a partir de grabaciones originales (Copia a partir de un original en CD, DVD, Blu-ray)",2022,1849.0,38993.01092116038,1745399.8689670563,90760793.18628693,1849000000000.0,47.41875419003874,20372.232712917343,Impresión y reproducción,23
042,"Actividades de impresión; producción de copias a partir de grabaciones originales (Copia a partir de un original en CD, DVD, Blu-ray)",2023,1880.0,38548.51788128159,1725235.8647459203,89712264.96678786,1880000000000.0,48.76970901423143,20955.88602847102,Impresión y reproducción,23
042,"Actividades de impresión; producción de copias a partir de grabaciones originales (Copia a partir de un original en CD, DVD, Blu-ray)",2024,1816.9999999999998,38061.34219065592,1710958.929942074,88969864.35698785,1816999999999.9998,47.73872636698751,20422.64550060865,Impresión y reproducción,23
042,"Actividades de impresión; producción de copias a partir de grabaciones originales (Copia a partir de un original en CD, DVD, Blu-ray)",2025,1879.6293993284646,41980.983995312126,1794796.746940958,93329430.84092982,1879629399328.4646,44.77335260979963,20139.72851213563,Impresión y reproducción,23
"043,044","Coquización, fabricación de productos de la refinación del petróleo y actividades de mezcla de combustibles",2010,8555.0,49324.79075157575,2349545.9544870066,122176389.63332434,8555000000000.0,173.44219548922666,70021.71226106171,Coquización y refinación,24
"043,044","Coquización, fabricación de productos de la refinación del petróleo y actividades de mezcla de combustibles",2011,8677.0,49898.48814759389,2378642.671357736,123689418.91060229,8677000000000.0,173.89304410054368,70151.5139809282,Coquización y refinación,24
"043,044","Coquización, fabricación de productos de la refinación del petróleo y actividades de mezcla de combustibles",2012,8332.0,47670.60661650224,2283903.343451999,118762973.85950395,8332000000000.0,174.78275590299899,70156.54567438432,Coquización y refinación,24
"043,044","Coquización, fabricación de productos de la refinación del petróleo y actividades de mezcla de combustibles",2013,8860.0,58506.07811580007,2755744.06818211,143298691.5454697,8860000000000.0,151.43725721049964,61828.896722261125,Coquización y refinación,24
"043,044","Coquización, fabricación de productos de la refinación del petróleo y actividades de mezcla de combustibles",2014,8147.0,50297.31024840013,2409868.0620759376,125313139.22794877,8147000000000.0,161.97685243534752,65013.134697554226,Coquización y refinación,24
"043,044","Coquización, fabricación de productos de la refinación del petróleo y actividades de mezcla de combustibles",2015,7761.000000000002,47689.103816354,2256389.4000721644,117332248.80375256,7761000000000.002,162.7415778221969,66145.49775638313,Coquización y refinación,24
"043,044","Coquización, fabricación de productos de la refinación del petróleo y actividades de mezcla de combustibles",2016,9223.0,52137.73390890681,2467071.858163653,128287736.62450996,9223000000000.0,176.89683284114528,71893.0760076868,Coquización y refinación,24
"043,044","Coquización, fabricación de productos de la refinación del petróleo y actividades de mezcla de combustibles",2017,9835.999999999998,50871.497312715,2403305.2497588815,124971872.98746184,9835999999999.998,193.34992126409367,78705.71005194764,Coquización y refinación,24
"043,044","Coquización, fabricación de productos de la refinación del petróleo y actividades de mezcla de combustibles",2018,10282.0,52302.085943960876,2446827.647121555,127235037.65032089,10282000000000.0,196.58871753254087,80811.07366241321,Coquización y refinación,24
"043,044","Coquización, fabricación de productos de la refinación del petróleo y actividades de mezcla de combustibles",2019,10214.0,58675.995439431106,2777695.980302428,144440190.97572625,10214000000000.0,174.07459257412182,70714.39002539469,Coquización y refinación,24
"043,044","Coquización, fabricación de productos de la refinación del petróleo y actividades de mezcla de combustibles",2021,10625.0,41391.74618845646,1967375.0612498939,102303503.18499447,10625000000000.0,256.6936884378933,103857.63604582446,Coquización y refinación,24
"043,044","Coquización, fabricación de productos de la refinación del petróleo y actividades de mezcla de combustibles",2022,11170.0,60067.660052488354,2856079.713941519,148516145.124959,11170000000000.0,185.9569690285825,75210.6782101148,Coquización y refinación,24
"043,044","Coquización, fabricación de productos de la refinación del petróleo y actividades de mezcla de combustibles",2023,11970.0,67880.80110788417,3187830.522687749,165767187.17976293,11970000000000.0,176.33851994433397,72209.70690067494,Coquización y refinación,24
"043,044","Coquización, fabricación de productos de la refinación del petróleo y actividades de mezcla de combustibles",2024,11424.000000000002,69640.38240490666,3237982.3864822937,168375084.09707928,11424000000000.002,164.04275228671202,67848.51845070686,Coquización y refinación,24
"043,044","Coquización, fabricación de productos de la refinación del petróleo y actividades de mezcla de combustibles",2025,11380.76773072249,75138.06040127524,3402603.5535345376,176935384.78379592,11380767730722.49,151.46475261596368,64321.60387041339,Coquización y refinación,24
045-047,"Fabricación de sustancias químicas básicas, abonos y compuestos inorgánicos nitrogenados, plásticos y caucho sintético en formas primarias; fabricación de otros productos químicos; fabricación de fibras sintéticas y artificiales; fabricación de productos farmacéuticos, sustancias químicas medicinales y productos botánicos de uso farmacéutico",2010,10240.0,59039.84305039575,2812314.5030914024,146240354.16075292,10240000000000.0,173.44219548922666,70021.71226106171,Químicos y farmacéuticos,25
045-047,"Fabricación de sustancias químicas básicas, abonos y compuestos inorgánicos nitrogenados, plásticos y caucho sintético en formas primarias; fabricación de otros productos químicos; fabricación de fibras sintéticas y artificiales; fabricación de productos farmacéuticos, sustancias químicas medicinales y productos botánicos de uso farmacéutico",2011,10686.000000000002,61451.56671029023,2929373.6989891403,152327432.3474353,10686000000000.002,173.8930441005437,70151.5139809282,Químicos y farmacéuticos,25
045-047,"Fabricación de sustancias químicas básicas, abonos y compuestos inorgánicos nitrogenados, plásticos y caucho sintético en formas primarias; fabricación de otros productos químicos; fabricación de fibras sintéticas y artificiales; fabricación de productos farmacéuticos, sustancias químicas medicinales y productos botánicos de uso farmacéutico",2012,10818.0,61893.97772171403,2965346.4197628093,154198013.82766607,10818000000000.0,174.78275590299899,70156.54567438432,Químicos y farmacéuticos,25
045-047,"Fabricación de sustancias químicas básicas, abonos y compuestos inorgánicos nitrogenados, plásticos y caucho sintético en formas primarias; fabricación de otros productos químicos; fabricación de fibras sintéticas y artificiales; fabricación de productos farmacéuticos, sustancias químicas medicinales y productos botánicos de uso farmacéutico",2013,11155.0,73660.8692304458,3469562.650177363,180417257.80922285,11155000000000.0,151.43725721049967,61828.89672226113,Químicos y farmacéuticos,25
045-047,"Fabricación de sustancias químicas básicas, abonos y compuestos inorgánicos nitrogenados, plásticos y caucho sintético en formas primarias; fabricación de otros productos químicos; fabricación de fibras sintéticas y artificiales; fabricación de productos farmacéuticos, sustancias químicas medicinales y productos botánicos de uso farmacéutico",2014,11255.0,69485.2371235723,3329208.9160015564,173118863.63208094,11255000000000.0,161.9768524353475,65013.134697554226,Químicos y farmacéuticos,25
045-047,"Fabricación de sustancias químicas básicas, abonos y compuestos inorgánicos nitrogenados, plásticos y caucho sintético en formas primarias; fabricación de otros productos químicos; fabricación de fibras sintéticas y artificiales; fabricación de productos farmacéuticos, sustancias químicas medicinales y productos botánicos de uso farmacéutico",2015,11814.0,72593.61841082413,3434735.7779219877,178606260.45194337,11814000000000.0,162.7415778221969,66145.49775638312,Químicos y farmacéuticos,25
045-047,"Fabricación de sustancias químicas básicas, abonos y compuestos inorgánicos nitrogenados, plásticos y caucho sintético en formas primarias; fabricación de otros productos químicos; fabricación de fibras sintéticas y artificiales; fabricación de productos farmacéuticos, sustancias químicas medicinales y productos botánicos de uso farmacéutico",2016,12061.999999999996,68186.63627986921,3226479.5352022084,167776935.83051485,12061999999999.996,176.89683284114528,71893.0760076868,Químicos y farmacéuticos,25
045-047,"Fabricación de sustancias químicas básicas, abonos y compuestos inorgánicos nitrogenados, plásticos y caucho sintético en formas primarias; fabricación de otros productos químicos; fabricación de fibras sintéticas y artificiales; fabricación de productos farmacéuticos, sustancias químicas medicinales y productos botánicos de uso farmacéutico",2017,12031.999999999998,62229.14352039314,2939870.7569234306,152873279.36001837,12031999999999.998,193.34992126409367,78705.71005194764,Químicos y farmacéuticos,25
045-047,"Fabricación de sustancias químicas básicas, abonos y compuestos inorgánicos nitrogenados, plásticos y caucho sintético en formas primarias; fabricación de otros productos químicos; fabricación de fibras sintéticas y artificiales; fabricación de productos farmacéuticos, sustancias químicas medicinales y productos botánicos de uso farmacéutico",2018,12245.000000000002,62287.39957049222,2913966.5958960755,151526262.98659593,12245000000000.002,196.58871753254087,80811.07366241323,Químicos y farmacéuticos,25
045-047,"Fabricación de sustancias químicas básicas, abonos y compuestos inorgánicos nitrogenados, plásticos y caucho sintético en formas primarias; fabricación de otros productos químicos; fabricación de fibras sintéticas y artificiales; fabricación de productos farmacéuticos, sustancias químicas medicinales y productos botánicos de uso farmacéutico",2019,12514.0,71888.72204122195,3403180.6831314457,176965395.52283517,12514000000000.0,174.0745925741218,70714.39002539468,Químicos y farmacéuticos,25
045-047,"Fabricación de sustancias químicas básicas, abonos y compuestos inorgánicos nitrogenados, plásticos y caucho sintético en formas primarias; fabricación de otros productos químicos; fabricación de fibras sintéticas y artificiales; fabricación de productos farmacéuticos, sustancias químicas medicinales y productos botánicos de uso farmacéutico",2021,13567.0,52852.877227180135,2512129.6429155115,130630741.4316066,13567000000000.0,256.69368843789323,103857.63604582446,Químicos y farmacéuticos,25
045-047,"Fabricación de sustancias químicas básicas, abonos y compuestos inorgánicos nitrogenados, plásticos y caucho sintético en formas primarias; fabricación de otros productos químicos; fabricación de fibras sintéticas y artificiales; fabricación de productos farmacéuticos, sustancias químicas medicinales y productos botánicos de uso farmacéutico",2022,14531.0,78141.73395010817,3715460.548190172,193203948.50588894,14531000000000.0,185.9569690285825,75210.67821011478,Químicos y farmacéuticos,25
045-047,"Fabricación de sustancias químicas básicas, abonos y compuestos inorgánicos nitrogenados, plásticos y caucho sintético en formas primarias; fabricación de otros productos químicos; fabricación de fibras sintéticas y artificiales; fabricación de productos farmacéuticos, sustancias químicas medicinales y productos botánicos de uso farmacéutico",2023,14451.0,81950.33056057095,3848566.3227536054,200125448.78318748,14451000000000.0,176.33851994433394,72209.70690067492,Químicos y farmacéuticos,25
045-047,"Fabricación de sustancias químicas básicas, abonos y compuestos inorgánicos nitrogenados, plásticos y caucho sintético en formas primarias; fabricación de otros productos químicos; fabricación de fibras sintéticas y artificiales; fabricación de productos farmacéuticos, sustancias químicas medicinales y productos botánicos de uso farmacéutico",2024,13621.000000000002,83033.23255753097,3860693.1097930074,200756041.70923638,13621000000000.002,164.042752286712,67848.51845070686,Químicos y farmacéuticos,25
045-047,"Fabricación de sustancias químicas básicas, abonos y compuestos inorgánicos nitrogenados, plásticos y caucho sintético en formas primarias; fabricación de otros productos químicos; fabricación de fibras sintéticas y artificiales; fabricación de productos farmacéuticos, sustancias químicas medicinales y productos botánicos de uso farmacéutico",2025,13992.97426261862,92384.36019565273,4183596.8431174397,217547035.84210685,13992974262618.62,151.46475261596365,64321.60387041338,Químicos y farmacéuticos,25
048,Fabricación de productos de caucho y de plástico,2010,2476.0,30451.563252299322,1520441.646438749,79062965.61481497,2476000000000.0,81.30945460782029,31316.811616487637,Caucho y plástico,26
048,Fabricación de productos de caucho y de plástico,2011,2640.0,33325.60266635623,1647771.753230211,85684131.16797097,2640000000000.0,79.21837232564754,30810.839346957648,Caucho y plástico,26
048,Fabricación de productos de caucho y de plástico,2012,2616.0,30011.43721490958,1502119.7667515522,78110227.87108071,2616000000000.0,87.16676849785722,33491.132612206085,Caucho y plástico,26
048,Fabricación de productos de caucho y de plástico,2013,2626.0,29366.96827002477,1466958.6398604645,76281849.27274415,2626000000000.0,89.4201940034917,34424.96511340191,Caucho y plástico,26
048,Fabricación de productos de caucho y de plástico,2014,2660.0000000000005,26191.377023567748,1285155.403084233,66828080.96038011,2660000000000.0005,101.56014315728633,39803.62688518642,Caucho y plástico,26
048,Fabricación de productos de caucho y de plástico,2015,2790.9999999999995,29675.397651888852,1435394.9473386507,74640537.26160984,2790999999999.9995,94.05097221409436,37392.549710859406,Caucho y plástico,26
048,Fabricación de productos de caucho y de plástico,2016,2866.0,31626.309687211706,1517001.8584362527,78884096.63868514,2866000000000.0,90.62075304849384,36331.78450565535,Caucho y plástico,26
048,Fabricación de productos de caucho y de plástico,2017,2831.0,30610.005934348996,1467573.4518268178,76313819.49499452,2831000000000.0,92.4860977182365,37096.81966823437,Caucho y plástico,26
048,Fabricación de productos de caucho y de plástico,2018,2942.0,30449.580936497587,1454488.67379396,75633411.03728591,2942000000000.0,96.61873528359958,38898.15307350936,Caucho y plástico,26
048,Fabricación de productos de caucho y de plástico,2019,3048.0,32027.367137219993,1552870.5723150976,80749269.76038508,3048000000000.0,95.16860961255304,37746.47138041765,Caucho y plástico,26
048,Fabricación de productos de caucho y de plástico,2021,3051.0,33197.36154993276,1585043.107057926,82422241.56701216,3051000000000.0,91.9048941709098,37016.7074080293,Caucho y plástico,26
048,Fabricación de productos de caucho y de plástico,2022,3397.0,39956.58581145858,1917625.5126348957,99716526.65701458,3397000000000.0,85.01727389895818,34066.569643809766,Caucho y plástico,26
048,Fabricación de productos de caucho y de plástico,2023,3192.0000000000005,39603.8682131802,1874191.4879299854,97457957.37235923,3192000000000.0005,80.59818760172777,32752.584663808142,Caucho y plástico,26
048,Fabricación de productos de caucho y de plástico,2024,3078.0,44798.94711462358,2105817.7908079936,109502525.12201566,3078000000000.0,68.706971887633,28108.940835567664,Caucho y plástico,26
048,Fabricación de productos de caucho y de plástico,2025,3073.1977001390605,44865.02822250681,2071282.212935987,107706675.07267132,3073197700139.0605,68.49873547159328,28533.029155950895,Caucho y plástico,26
049,Fabricación de otros productos minerales no metálicos,2010,9722.0,119567.89092845477,5970005.527737286,310440287.4423389,9722000000000.0,81.30945460782029,31316.811616487637,Minerales no metálicos,27
049,Fabricación de otros productos minerales no metálicos,2011,10816.0,136533.984257314,6750870.940506804,351045288.9063538,10816000000000.0,79.21837232564754,30810.839346957648,Minerales no metálicos,27
049,Fabricación de otros productos minerales no metálicos,2012,11112.0,127479.7745917719,6380563.779871273,331789316.5533062,11112000000000.0,87.16676849785719,33491.13261220608,Minerales no metálicos,27
049,Fabricación de otros productos minerales no metálicos,2013,11280.0,126146.00231754738,6301330.334206413,327669177.3787334,11280000000000.0,89.4201940034917,34424.965113401915,Minerales no metálicos,27
049,Fabricación de otros productos minerales no metálicos,2014,12743.0,125472.45015463298,6156667.406579841,320146705.1421517,12743000000000.0,101.56014315728633,39803.62688518642,Minerales no metálicos,27
049,Fabricación de otros productos minerales no metálicos,2015,13189.0,140232.46851693376,6783025.424740045,352717322.0864824,13189000000000.0,94.05097221409437,37392.5497108594,Minerales no metálicos,27
049,Fabricación de otros productos minerales no metálicos,2016,12929.999999999998,142682.54858885112,6843975.586036547,355886730.4739005,12929999999999.998,90.62075304849381,36331.78450565535,Minerales no metálicos,27
049,Fabricación de otros productos minerales no metálicos,2017,12485.0,134993.26177687998,6472149.256820141,336551761.35464734,12485000000000.0,92.48609771823648,37096.81966823437,Minerales no metálicos,27
049,Fabricación de otros productos minerales no metálicos,2018,12078.0,125006.81120021001,5971214.888539581,310503174.20405823,12078000000000.0,96.61873528359958,38898.15307350936,Minerales no metálicos,27
049,Fabricación de otros productos minerales no metálicos,2019,11909.999999999998,125146.30662870409,6067811.193002891,315526182.03615034,11909999999999.998,95.16860961255304,37746.47138041765,Minerales no metálicos,27
049,Fabricación de otros productos minerales no metálicos,2021,10853.0,118089.46735543107,5638306.404752432,293191933.04712653,10853000000000.0,91.9048941709098,37016.7074080293,Minerales no metálicos,27
049,Fabricación de otros productos minerales no metálicos,2022,11434.999999999998,134502.07793760046,6455121.500435688,335666318.0226557,11434999999999.998,85.01727389895818,34066.569643809766,Minerales no metálicos,27
049,Fabricación de otros productos minerales no metálicos,2023,11110.0,137844.29067933332,6523266.739004428,339209870.4282302,11110000000000.0,80.59818760172776,32752.584663808142,Minerales no metálicos,27
049,Fabricación de otros productos minerales no metálicos,2024,10568.0,153812.62933961727,7230111.245373253,375965784.7594092,10568000000000.0,68.70697188763302,28108.940835567664,Minerales no metálicos,27
049,Fabricación de otros productos minerales no metálicos,2025,10920.50939766307,159426.4379112787,7360234.868897724,382732213.1826816,10920509397663.07,68.49873547159328,28533.029155950902,Minerales no metálicos,27
"050,051","Fabricación de productos metalúrgicos básicos; fabricación de productos elaborados de metal, excepto maquinaria y equipo",2010,5320.0,169032.66473389074,8312600.236736085,432255212.31027645,5320000000000.0,31.47320672235341,12307.5438965008,Metalurgia y productos metálicos,28
"050,051","Fabricación de productos metalúrgicos básicos; fabricación de productos elaborados de metal, excepto maquinaria y equipo",2011,5617.0,184174.38188715265,8994438.202607237,467710786.53557634,5617000000000.0,30.498269859494624,12009.558388862908,Metalurgia y productos metálicos,28
"050,051","Fabricación de productos metalúrgicos básicos; fabricación de productos elaborados de metal, excepto maquinaria y equipo",2012,5784.000000000001,186961.9355192263,9165802.991199002,476621755.5423481,5784000000000.001,30.936778569053704,12135.409122100154,Metalurgia y productos metálicos,28
"050,051","Fabricación de productos metalúrgicos básicos; fabricación de productos elaborados de metal, excepto maquinaria y equipo",2013,5573.0,191059.8588259368,9273011.750887705,482196611.04616064,5573000000000.0,29.168869035317496,11557.526271097116,Metalurgia y productos metálicos,28
"050,051","Fabricación de productos metalúrgicos básicos; fabricación de productos elaborados de metal, excepto maquinaria y equipo",2014,5841.0,197442.11831780622,9525142.096797736,495307389.0334823,5841000000000.0,29.58335359124453,11792.676889795306,Metalurgia y productos metálicos,28
"050,051","Fabricación de productos metalúrgicos básicos; fabricación de productos elaborados de metal, excepto maquinaria y equipo",2015,5946.0,197631.16406471576,9411506.219757495,489398323.42738974,5946000000000.0,30.086348112856022,12149.612524943981,Metalurgia y productos metálicos,28
"050,051","Fabricación de productos metalúrgicos básicos; fabricación de productos elaborados de metal, excepto maquinaria y equipo",2016,6172.0,209024.50912215083,10051652.030391276,522685905.58034635,6172000000000.0,29.527637815875337,11808.238818200258,Metalurgia y productos metálicos,28
"050,051","Fabricación de productos metalúrgicos básicos; fabricación de productos elaborados de metal, excepto maquinaria y equipo",2017,5707.0,211085.84122037803,10031440.860889433,521634924.7662505,5707000000000.0,27.036394137121555,10940.60180605691,Metalurgia y productos metálicos,28
"050,051","Fabricación de productos metalúrgicos básicos; fabricación de productos elaborados de metal, excepto maquinaria y equipo",2018,5627.000000000001,191149.17488829183,9144823.101433756,475530801.2745553,5627000000000.001,29.437741508894494,11833.092588152165,Metalurgia y productos metálicos,28
"050,051","Fabricación de productos metalúrgicos básicos; fabricación de productos elaborados de metal, excepto maquinaria y equipo",2019,5671.0,204147.9666563469,9826293.625754416,510967268.53922963,5671000000000.0,27.778870849819903,11098.55826227861,Metalurgia y productos metálicos,28
"050,051","Fabricación de productos metalúrgicos básicos; fabricación de productos elaborados de metal, excepto maquinaria y equipo",2021,6687.0,152382.470760109,7129317.795590715,370724525.37071717,6687000000000.0,43.883000233846694,18037.65206338354,Metalurgia y productos metálicos,28
"050,051","Fabricación de productos metalúrgicos básicos; fabricación de productos elaborados de metal, excepto maquinaria y equipo",2022,7293.0,193435.43759934106,9047397.08607324,470464648.4758085,7293000000000.0,37.70250213978807,15501.696086257603,Metalurgia y productos metálicos,28
"050,051","Fabricación de productos metalúrgicos básicos; fabricación de productos elaborados de metal, excepto maquinaria y equipo",2023,7094.0,201687.4614535126,9424984.833471287,490099211.3405069,7094000000000.0,35.17323262871803,14474.620313296713,Metalurgia y productos metálicos,28
"050,051","Fabricación de productos metalúrgicos básicos; fabricación de productos elaborados de metal, excepto maquinaria y equipo",2024,7020.000000000002,201808.0627283862,9411859.80960808,489416710.0996201,7020000000000.002,34.785527917426336,14343.605061157577,Metalurgia y productos metálicos,28
"050,051","Fabricación de productos metalúrgicos básicos; fabricación de productos elaborados de metal, excepto maquinaria y equipo",2025,6322.034128268019,207597.58543399404,9510980.91769525,494571007.72015303,6322034128268.02,30.453312426786965,12782.864400828901,Metalurgia y productos metálicos,28
052,"Fabricación de aparatos y equipo eléctrico; fabricación de productos informáticos, electrónicos y ópticos",2010,1653.0,22754.903958412448,1102307.509283535,57319990.48274382,1653000000000.0,72.64368168817907,28838.10667235954,Equipo eléctrico y electrónico,29
052,"Fabricación de aparatos y equipo eléctrico; fabricación de productos informáticos, electrónicos y ópticos",2011,1814.0,24107.755077370177,1155619.4401256947,60092210.88653613,1814000000000.0,75.24549648767555,30186.940590771857,Equipo eléctrico y electrónico,29
052,"Fabricación de aparatos y equipo eléctrico; fabricación de productos informáticos, electrónicos y ópticos",2012,1718.0,23245.3231320405,1119501.2592511377,58214065.48105916,1718000000000.0,73.90733999442546,29511.768089087986,Equipo eléctrico y electrónico,29
052,"Fabricación de aparatos y equipo eléctrico; fabricación de productos informáticos, electrónicos y ópticos",2013,1834.0,24188.211323023217,1159222.462395775,60279568.04458029,1834000000000.0,75.82205957719297,30424.902823518063,Equipo eléctrico y electrónico,29
052,"Fabricación de aparatos y equipo eléctrico; fabricación de productos informáticos, electrónicos y ópticos",2014,1857.0,21203.626515397198,1011223.8004166895,52583637.62166785,1857000000000.0,87.57935811836354,35315.16806351177,Equipo eléctrico y electrónico,29
052,"Fabricación de aparatos y equipo eléctrico; fabricación de productos informáticos, electrónicos y ópticos",2015,1920.0,19396.14995180735,941735.9103022971,48970267.33571945,1920000000000.0,98.98871707893208,39207.464129964654,Equipo eléctrico y electrónico,29
052,"Fabricación de aparatos y equipo eléctrico; fabricación de productos informáticos, electrónicos y ópticos",2016,2043.0000000000002,19461.03266112732,928880.3547135616,48301778.4451052,2043000000000.0002,104.97901296269936,42296.579251670046,Equipo eléctrico y electrónico,29
052,"Fabricación de aparatos y equipo eléctrico; fabricación de productos informáticos, electrónicos y ópticos",2017,1940.0000000000002,17821.175297461006,862432.6475567163,44846497.67294925,1940000000000.0002,108.8592625131965,43258.67348990733,Equipo eléctrico y electrónico,29
052,"Fabricación de aparatos y equipo eléctrico; fabricación de productos informáticos, electrónicos y ópticos",2018,2041.0000000000002,17086.355586008,823952.6667529033,42845538.67115097,2041000000000.0002,119.4520381907171,47636.23152611358,Equipo eléctrico y electrónico,29
052,"Fabricación de aparatos y equipo eléctrico; fabricación de productos informáticos, electrónicos y ópticos",2019,2114.0,19654.187639420823,942997.1682533391,49035852.74917364,2114000000000.0,107.55977498453842,43111.31307970626,Equipo eléctrico y electrónico,29
052,"Fabricación de aparatos y equipo eléctrico; fabricación de productos informáticos, electrónicos y ópticos",2021,2318.0,13398.35997694329,645118.7255880729,33546173.730579793,2318000000000.0,173.00624882365864,69098.7895852627,Equipo eléctrico y electrónico,29
052,"Fabricación de aparatos y equipo eléctrico; fabricación de productos informáticos, electrónicos y ópticos",2022,2617.9999999999995,21112.773498191014,1011647.9709713358,52605694.490509465,2617999999999.9995,124.0007619190494,49766.475385517624,Equipo eléctrico y electrónico,29
052,"Fabricación de aparatos y equipo eléctrico; fabricación de productos informáticos, electrónicos y ópticos",2023,2637.0000000000005,24054.76678292653,1145687.872362842,59575769.362867795,2637000000000.0005,109.62484167053645,44262.96174101248,Equipo eléctrico y electrónico,29
052,"Fabricación de aparatos y equipo eléctrico; fabricación de productos informáticos, electrónicos y ópticos",2024,2719.0000000000005,23060.234685057636,1082646.7551404918,56297631.267305575,2719000000000.0005,117.90860054697681,48296.88103732064,Equipo eléctrico y electrónico,29
052,"Fabricación de aparatos y equipo eléctrico; fabricación de productos informáticos, electrónicos y ópticos",2025,2860.7531984501175,30795.1774190062,1402573.838348197,72933839.59410624,2860753198450.1177,92.89614277995733,39223.94891549483,Equipo eléctrico y electrónico,29
"053,057","Fabricación de maquinaria y equipo n.c.p.; instalación, mantenimiento y reparación especializado de maquinaria y equipo",2010,4118.0,162902.22125578707,7617250.11378433,396097005.9167852,4118000000000.0,25.278967765172258,10396.443140156272,Maquinaria e instalación,30
"053,057","Fabricación de maquinaria y equipo n.c.p.; instalación, mantenimiento y reparación especializado de maquinaria y equipo",2011,4310.0,172724.83710822297,8037809.705108625,417966104.6656486,4310000000000.0,24.952983439778922,10311.840964826033,Maquinaria e instalación,30
"053,057","Fabricación de maquinaria y equipo n.c.p.; instalación, mantenimiento y reparación especializado de maquinaria y equipo",2012,4312.0,176310.628455133,8111782.65545298,421812698.083555,4312000000000.0,24.456835289979722,10222.546688591758,Maquinaria e instalación,30
"053,057","Fabricación de maquinaria y equipo n.c.p.; instalación, mantenimiento y reparación especializado de maquinaria y equipo",2013,4450.0,167089.62350837857,7746566.607418056,402821463.5857389,4450000000000.0,26.6324138301554,11047.077681482173,Maquinaria e instalación,30
"053,057","Fabricación de maquinaria y equipo n.c.p.; instalación, mantenimiento y reparación especializado de maquinaria y equipo",2014,4547.0,171684.8979952896,7953906.4515215745,413603135.47912186,4547000000000.0,26.484565929175396,10993.630390960918,Maquinaria e instalación,30
"053,057","Fabricación de maquinaria y equipo n.c.p.; instalación, mantenimiento y reparación especializado de maquinaria y equipo",2015,4635.0,202303.2470958208,9460927.173123859,491968213.00244063,4635000000000.0,22.91114980376284,9421.340398626538,Maquinaria e instalación,30
"053,057","Fabricación de maquinaria y equipo n.c.p.; instalación, mantenimiento y reparación especializado de maquinaria y equipo",2016,4628.0,186750.7326202358,8632557.664500877,448892998.5540456,4628000000000.0,24.781696623440837,10309.806601812705,Maquinaria e instalación,30
"053,057","Fabricación de maquinaria y equipo n.c.p.; instalación, mantenimiento y reparación especializado de maquinaria y equipo",2017,3793.0,156036.65873444476,7199913.410958864,374395497.3698609,3793000000000.0,24.308390289587145,10130.997906347522,Maquinaria e instalación,30
"053,057","Fabricación de maquinaria y equipo n.c.p.; instalación, mantenimiento y reparación especializado de maquinaria y equipo",2018,3902.0,159214.6331612773,7212968.777320382,375074376.4206599,3902000000000.0,24.50779757189434,10403.269978708866,Maquinaria e instalación,30
"053,057","Fabricación de maquinaria y equipo n.c.p.; instalación, mantenimiento y reparación especializado de maquinaria y equipo",2019,3994.0,164148.36294689722,7488660.325524465,389410336.9272722,3994000000000.0,24.3316468607858,10256.533073866334,Maquinaria e instalación,30
"053,057","Fabricación de maquinaria y equipo n.c.p.; instalación, mantenimiento y reparación especializado de maquinaria y equipo",2021,3795.0,114941.93654649056,5277405.391743679,274425080.37067133,3795000000000.0,33.01667010338769,13828.91095403532,Maquinaria e instalación,30
"053,057","Fabricación de maquinaria y equipo n.c.p.; instalación, mantenimiento y reparación especializado de maquinaria y equipo",2022,4249.000000000001,161019.79262600528,7408960.139492144,385265927.2535915,4249000000000.001,26.388060316715205,11028.745859488386,Maquinaria e instalación,30
"053,057","Fabricación de maquinaria y equipo n.c.p.; instalación, mantenimiento y reparación especializado de maquinaria y equipo",2023,4309.0,173997.75015412807,8023372.995556111,417215395.7689178,4309000000000.0,24.76468802719039,10327.998543914273,Maquinaria e instalación,30
"053,057","Fabricación de maquinaria y equipo n.c.p.; instalación, mantenimiento y reparación especializado de maquinaria y equipo",2024,4248.999999999999,172624.8826448319,7755822.258301603,403302757.4316833,4248999999999.999,24.6140645247657,10535.509419916996,Maquinaria e instalación,30
"053,057","Fabricación de maquinaria y equipo n.c.p.; instalación, mantenimiento y reparación especializado de maquinaria y equipo",2025,4018.355967096478,182257.0518959724,8106849.056444945,421556150.93513715,4018355967096.478,22.047739307173977,9532.19626420482,Maquinaria e instalación,30
054,"Fabricación de vehículos automotores, remolques y semirremolques; fabricación de otros tipos de equipo de transporte",2010,2081.9999999999995,42920.03026238436,2150059.0606713053,111803071.15490788,2081999999999.9995,48.50881947827259,18622.028701835035,Vehículos y equipo de transporte,31
054,"Fabricación de vehículos automotores, remolques y semirremolques; fabricación de otros tipos de equipo de transporte",2011,2522.0,45345.393834781695,2208145.010244564,114823540.53271733,2522000000000.0,55.61755642015236,21964.137216979405,Vehículos y equipo de transporte,31
054,"Fabricación de vehículos automotores, remolques y semirremolques; fabricación de otros tipos de equipo de transporte",2012,2680.0000000000005,49301.46013896196,2395935.3878852585,124588640.17003344,2680000000000.0005,54.359444780055306,21510.78939735153,Vehículos y equipo de transporte,31
054,"Fabricación de vehículos automotores, remolques y semirremolques; fabricación de otros tipos de equipo de transporte",2013,2431.0,42483.144586325034,2088629.5605899768,108608737.1506788,2431000000000.0,57.22269440437134,22383.09793278732,Vehículos y equipo de transporte,31
054,"Fabricación de vehículos automotores, remolques y semirremolques; fabricación de otros tipos de equipo de transporte",2014,2597.0,42512.16217069355,2067652.1768483194,107517913.1961126,2597000000000.0,61.08840076335341,24154.11462890908,Vehículos y equipo de transporte,31
054,"Fabricación de vehículos automotores, remolques y semirremolques; fabricación de otros tipos de equipo de transporte",2015,2503.0000000000005,38860.877091686765,1882182.0381322687,97873465.98287797,2503000000000.0005,64.40925134279715,25573.83632901972,Vehículos y equipo de transporte,31
054,"Fabricación de vehículos automotores, remolques y semirremolques; fabricación de otros tipos de equipo de transporte",2016,2424.0,35829.52346255687,1705362.7463195685,88678862.80861756,2424000000000.0,67.65370470341773,27334.58597942736,Vehículos y equipo de transporte,31
054,"Fabricación de vehículos automotores, remolques y semirremolques; fabricación de otros tipos de equipo de transporte",2017,2276.0,34981.40993905992,1701426.4266161607,88474174.18404035,2276000000000.0,65.06312935827779,25725.021126114814,Vehículos y equipo de transporte,31
054,"Fabricación de vehículos automotores, remolques y semirremolques; fabricación de otros tipos de equipo de transporte",2018,2474.0,36013.82649658647,1736834.276075035,90315382.35590182,2474000000000.0,68.69583825630124,27392.897372131116,Vehículos y equipo de transporte,31
054,"Fabricación de vehículos automotores, remolques y semirremolques; fabricación de otros tipos de equipo de transporte",2019,2544.0,36266.8120683501,1747406.941686573,90865160.9677018,2544000000000.0,70.14677758843156,27997.529227998286,Vehículos y equipo de transporte,31
054,"Fabricación de vehículos automotores, remolques y semirremolques; fabricación de otros tipos de equipo de transporte",2021,2171.0,22119.541085698314,1060703.8190468103,55156598.590434134,2171000000000.0,98.14851002508769,39360.65775412987,Vehículos y equipo de transporte,31
054,"Fabricación de vehículos automotores, remolques y semirremolques; fabricación de otros tipos de equipo de transporte",2022,2717.9999999999995,34674.85428444544,1648684.912530899,85731615.45160675,2717999999999.9995,78.38533300540065,31703.590159621326,Vehículos y equipo de transporte,31
054,"Fabricación de vehículos automotores, remolques y semirremolques; fabricación de otros tipos de equipo de transporte",2023,2004.0000000000002,31023.672304248616,1479145.6922197791,76915575.99542852,2004000000000.0002,64.59583444367279,26054.540631914504,Vehículos y equipo de transporte,31
054,"Fabricación de vehículos automotores, remolques y semirremolques; fabricación de otros tipos de equipo de transporte",2024,1898.0,34868.21665475295,1640207.338421604,85290781.5979234,1898000000000.0,54.43352663524534,22253.28417023454,Vehículos y equipo de transporte,31
054,"Fabricación de vehículos automotores, remolques y semirremolques; fabricación de otros tipos de equipo de transporte",2025,2236.9250351732885,35831.970996703254,1640667.1486008472,85314691.72724405,2236925035173.2886,62.42818837342491,26219.693113641737,Vehículos y equipo de transporte,31
055," Fabricación de muebles, colchones y somieres",2010,1912.0,49315.747880575174,2261690.1766321356,117607889.18487105,1912000000000.0,38.77057698952816,16257.41277436308,Muebles y colchones,32
055," Fabricación de muebles, colchones y somieres",2011,2068.0,55392.489135877935,2539225.0776358056,132039704.0370619,2068000000000.0,37.33358136203611,15661.95573582578,Muebles y colchones,32
055," Fabricación de muebles, colchones y somieres",2012,2114.0,57834.6192670134,2599333.5065667834,135165342.34147274,2114000000000.0,36.552501370156726,15640.103915538724,Muebles y colchones,32
055," Fabricación de muebles, colchones y somieres",2013,2175.0,52981.81703295256,2411483.766158228,125397155.84022787,2175000000000.0,41.05181969593903,17344.89100192376,Muebles y colchones,32
055," Fabricación de muebles, colchones y somieres",2014,2204.0,58052.531769137815,2655197.7178225354,138070281.32677186,2204000000000.0,37.96561377830728,15962.884835323675,Muebles y colchones,32
055," Fabricación de muebles, colchones y somieres",2015,2306.0,77354.10026634828,3575925.805702333,185948141.8965213,2306000000000.0,29.810960143804945,12401.307033674319,Muebles y colchones,32
055," Fabricación de muebles, colchones y somieres",2016,2358.0,72689.23783968722,3326251.757225473,172965091.37572458,2358000000000.0,32.43946518190851,13632.808685527292,Muebles y colchones,32
055," Fabricación de muebles, colchones y somieres",2017,2348.0000000000005,75023.02930487349,3413188.628124263,177485808.66246167,2348000000000.0005,31.297056673869534,13229.226706600366,Muebles y colchones,32
055," Fabricación de muebles, colchones y somieres",2018,2353.0,76311.97675565208,3399686.720121045,176783709.44629434,2353000000000.0,30.833954249857953,13310.04993259758,Muebles y colchones,32
055," Fabricación de muebles, colchones y somieres",2019,2398.9999999999995,76291.997409206,3427943.3192283176,178253052.59987253,2398999999999.9995,31.44497563922107,13458.395045750342,Muebles y colchones,32
055," Fabricación de muebles, colchones y somieres",2021,2501.0,61293.48828023631,2781893.1108290656,144658441.7631114,2501000000000.0,40.8036819272763,17289.001385038886,Muebles y colchones,32
055," Fabricación de muebles, colchones y somieres",2022,2511.0,74906.79641515274,3408117.1807571244,177222093.39937046,2511000000000.0,33.52165784908744,14168.662336819682,Muebles y colchones,32
055," Fabricación de muebles, colchones y somieres",2023,2317.0,72424.91715004189,3307603.4359586686,171995378.66985077,2317000000000.0,31.991752164519525,13471.292181911102,Muebles y colchones,32
055," Fabricación de muebles, colchones y somieres",2024,2208.0,70978.44142941794,3151148.4357886766,163859718.6610112,2208000000000.0,31.10803725094005,13474.940748359602,Muebles y colchones,32
055," Fabricación de muebles, colchones y somieres",2025,2409.6898030182356,83354.57877690364,3680012.8899847404,191360670.2792065,2409689803018.2354,28.90890744547708,12592.398424934212,Muebles y colchones,32
056,Otras industrias manufactureras,2010,3091.9999999999995,79751.19897841966,3657503.151750294,190190163.89101526,3091999999999.9995,38.770576989528166,16257.412774363082,Otras manufactureras,33
056,Otras industrias manufactureras,2011,3069.0,82204.81100484013,3768318.067342499,195952539.50180995,3069000000000.0,37.33358136203611,15661.955735825779,Otras manufactureras,33
056,Otras industrias manufactureras,2012,3148.0,86122.69699742582,3870719.9047645386,201277435.04775605,3148000000000.0,36.552501370156726,15640.10391553872,Otras manufactureras,33
056,Otras industrias manufactureras,2013,3103.0,75587.39230034566,3440383.506385739,178899942.33205843,3103000000000.0,41.051819695939024,17344.89100192376,Otras manufactureras,33
056,Otras industrias manufactureras,2014,3233.0,85156.00508603564,3894852.1877133655,202532313.76109502,3233000000000.0,37.96561377830728,15962.884835323675,Otras manufactureras,33
056,Otras industrias manufactureras,2015,3304.9999999999995,110865.26512588076,5125080.133497923,266504166.94189197,3304999999999.9995,29.810960143804945,12401.307033674319,Otras manufactureras,33
056,Otras industrias manufactureras,2016,3200.0,98645.27611832024,4513997.295641014,234727859.37333277,3200000000000.0,32.43946518190851,13632.808685527292,Otras manufactureras,33
056,Otras industrias manufactureras,2017,3082.0,98475.71393425044,4480173.488875203,232969021.42151055,3082000000000.0,31.297056673869534,13229.226706600366,Otras manufactureras,33
056,Otras industrias manufactureras,2018,3226.0,104624.92010783408,4661023.952023158,242373245.50520423,3226000000000.0,30.833954249857957,13310.04993259758,Otras manufactureras,33
056,Otras industrias manufactureras,2019,3158.0,100429.39884046375,4512482.285170083,234649078.82884428,3158000000000.0,31.444975639221077,13458.395045750345,Otras manufactureras,33
056,Otras industrias manufactureras,2021,3350.0,82100.43412186792,3726246.270002947,193764806.04015326,3350000000000.0,40.803681927276294,17289.001385038882,Otras manufactureras,33
056,Otras industrias manufactureras,2022,3869.0,115417.91928722657,5251296.444583558,273067415.118345,3869000000000.0,33.52165784908745,14168.66233681968,Otras manufactureras,33
056,Otras industrias manufactureras,2023,3770.9999999999995,117874.13145136292,5383242.363832601,279928602.91929525,3770999999999.9995,31.991752164519532,13471.292181911102,Otras manufactureras,33
056,Otras industrias manufactureras,2024,3453.0000000000005,111000.25283323377,4927950.882598868,256253445.89514112,3453000000000.0005,31.108037250940054,13474.940748359604,Otras manufactureras,33
056,Otras industrias manufactureras,2025,3608.110343975464,124809.64044664952,5510208.2258413,286530827.7437476,3608110343975.464,28.908907445477084,12592.398424934214,Otras manufactureras,33
058-060,Generación de energía eléctrica; transmisión de energía eléctrica y distribución y comercialización de energía eléctrica,2010,12705.0,47625.51811755776,2332668.870434261,121298781.26258159,12705000000000.0,266.7687513370303,104741.36564073835,Energía eléctrica,34
058-060,Generación de energía eléctrica; transmisión de energía eléctrica y distribución y comercialización de energía eléctrica,2011,13046.0,55899.15431250749,2773156.815336192,144204154.39748198,13046000000000.0,233.3845683436564,90468.96085975594,Energía eléctrica,34
058-060,Generación de energía eléctrica; transmisión de energía eléctrica y distribución y comercialización de energía eléctrica,2012,13301.000000000004,51690.82375724041,2556118.5327794706,132918163.70453249,13301000000000.004,257.31839876389887,100069.09235946991,Energía eléctrica,34
058-060,Generación de energía eléctrica; transmisión de energía eléctrica y distribución y comercialización de energía eléctrica,2013,13758.0,49776.563188192544,2434149.900935697,126575794.84865625,13758000000000.0,276.3951369640467,108693.7673703738,Energía eléctrica,34
058-060,Generación de energía eléctrica; transmisión de energía eléctrica y distribución y comercialización de energía eléctrica,2014,14207.0,58567.77045229273,2857196.539738791,148574220.06641713,14207000000000.0,242.57368669296588,95622.24182397893,Energía eléctrica,34
058-060,Generación de energía eléctrica; transmisión de energía eléctrica y distribución y comercialización de energía eléctrica,2015,14017.0,52917.86066689457,2553950.6442077197,132805433.49880143,14017000000000.0,264.8822122313996,105545.38041643081,Energía eléctrica,34
058-060,Generación de energía eléctrica; transmisión de energía eléctrica y distribución y comercialización de energía eléctrica,2016,14140.000000000002,48521.02310375737,2347962.90467194,122094071.04294087,14140000000000.002,291.4200710434943,115812.33944625304,Energía eléctrica,34
058-060,Generación de energía eléctrica; transmisión de energía eléctrica y distribución y comercialización de energía eléctrica,2017,14634.999999999998,51906.84609233883,2486668.812794096,129306778.26529299,14634999999999.998,281.9473942601966,113180.45501044049,Energía eléctrica,34
058-060,Generación de energía eléctrica; transmisión de energía eléctrica y distribución y comercialización de energía eléctrica,2018,15065.0,53444.010599563546,2564956.82191993,133377754.73983638,15065000000000.0,281.88378512377267,112949.86955947375,Energía eléctrica,34
058-060,Generación de energía eléctrica; transmisión de energía eléctrica y distribución y comercialización de energía eléctrica,2019,15512.999999999996,56713.59279848981,2706264.4359581317,140725750.66982284,15512999999999.996,273.53230917885145,110235.68839506355,Energía eléctrica,34
058-060,Generación de energía eléctrica; transmisión de energía eléctrica y distribución y comercialización de energía eléctrica,2021,16295.0,62641.04864179797,3055350.339109751,158878217.63370708,16295000000000.0,260.13293763934485,102562.8323548294,Energía eléctrica,34
058-060,Generación de energía eléctrica; transmisión de energía eléctrica y distribución y comercialización de energía eléctrica,2022,16930.0,63387.677307334794,3062246.608776039,159236823.65635404,16930000000000.0,267.0866124012557,106319.62891030978,Energía eléctrica,34
058-060,Generación de energía eléctrica; transmisión de energía eléctrica y distribución y comercialización de energía eléctrica,2023,17688.000000000004,75508.48248397355,3591946.9386203196,186781240.80825663,17688000000000.004,234.2518273195893,94699.01754297645,Energía eléctrica,34
058-060,Generación de energía eléctrica; transmisión de energía eléctrica y distribución y comercialización de energía eléctrica,2024,18178.0,74201.4181536747,3495953.70436458,181789592.62695816,18178000000000.0,244.98184067523465,99994.72322545007,Energía eléctrica,34
058-060,Generación de energía eléctrica; transmisión de energía eléctrica y distribución y comercialización de energía eléctrica,2025,18549.86127440577,70817.6429279057,3259245.4711252092,169480764.4985109,18549861274405.77,261.93841686160096,109451.13051203373,Energía eléctrica,34
061,Producción de gas; distribución de combustibles gaseosos por tuberías; suministro de vapor y aire acondicionado,2010,2145.0,8040.671889977284,393827.2118914986,20479015.01835793,2145000000000.0,266.7687513370303,104741.36564073835,"Gas, vapor y aire acondicionado",35
061,Producción de gas; distribución de combustibles gaseosos por tuberías; suministro de vapor y aire acondicionado,2011,2309.0,9893.54187548519,490818.571716332,25522565.729249265,2309000000000.0,233.38456834365638,90468.96085975594,"Gas, vapor y aire acondicionado",35
061,Producción de gas; distribución de combustibles gaseosos por tuberías; suministro de vapor y aire acondicionado,2012,2422.0,9412.463359148653,465447.642011268,24203277.38458594,2422000000000.0,257.31839876389887,100069.09235946993,"Gas, vapor y aire acondicionado",35
061,Producción de gas; distribución de combustibles gaseosos por tuberías; suministro de vapor y aire acondicionado,2013,2608.0,9435.766593604169,461423.3857857463,23994016.06085881,2608000000000.0,276.3951369640467,108693.7673703738,"Gas, vapor y aire acondicionado",35
061,Producción de gas; distribución de combustibles gaseosos por tuberías; suministro de vapor y aire acondicionado,2014,2816.0,11608.843640012412,566331.0660874523,29449215.43654752,2816000000000.0,242.57368669296582,95622.24182397893,"Gas, vapor y aire acondicionado",35
061,Producción de gas; distribución de combustibles gaseosos por tuberías; suministro de vapor y aire acondicionado,2015,2825.0,10665.117812939798,514725.7308901197,26765738.006286222,2825000000000.0,264.88221223139965,105545.38041643082,"Gas, vapor y aire acondicionado",35
061,Producción de gas; distribución de combustibles gaseosos por tuberías; suministro de vapor y aire acondicionado,2016,2850.0,9779.697018791265,473245.70567998785,24608776.695359368,2850000000000.0,291.4200710434943,115812.33944625303,"Gas, vapor y aire acondicionado",35
061,Producción de gas; distribución de combustibles gaseosos por tuberías; suministro de vapor y aire acondicionado,2017,2887.9999999999995,10243.045542512778,490707.1767235633,25516773.18962529,2887999999999.9995,281.9473942601966,113180.4550104405,"Gas, vapor y aire acondicionado",35
061,Producción de gas; distribución de combustibles gaseosos por tuberías; suministro de vapor y aire acondicionado,2018,2946.0,10451.115514524674,501583.98920518515,26082367.43866963,2946000000000.0,281.88378512377267,112949.86955947375,"Gas, vapor y aire acondicionado",35
061,Producción de gas; distribución de combustibles gaseosos por tuberías; suministro de vapor y aire acondicionado,2019,3042.0,11121.17251937124,530681.1328682163,27595418.909147244,3042000000000.0,273.53230917885145,110235.68839506355,"Gas, vapor y aire acondicionado",35
061,Producción de gas; distribución de combustibles gaseosos por tuberías; suministro de vapor y aire acondicionado,2021,3194.0,12278.337487689641,598882.4168834946,31141885.67794172,3194000000000.0,260.13293763934485,102562.83235482941,"Gas, vapor y aire acondicionado",35
061,Producción de gas; distribución de combustibles gaseosos por tuberías; suministro de vapor y aire acondicionado,2022,3420.0,12804.834990613406,618599.1377444804,32167155.16271298,3420000000000.0,267.0866124012557,106319.6289103098,"Gas, vapor y aire acondicionado",35
061,Producción de gas; distribución de combustibles gaseosos por tuberías; suministro de vapor y aire acondicionado,2023,3299.0,14083.134538366616,669936.2816886269,34836686.6478086,3299000000000.0,234.25182731958927,94699.01754297646,"Gas, vapor y aire acondicionado",35
061,Producción de gas; distribución de combustibles gaseosos por tuberías; suministro de vapor y aire acondicionado,2024,3326.0,13576.51649131489,639649.1374582789,33261755.1478305,3326000000000.0,244.98184067523465,99994.72322545007,"Gas, vapor y aire acondicionado",35
061,Producción de gas; distribución de combustibles gaseosos por tuberías; suministro de vapor y aire acondicionado,2025,3305.8298083149957,12620.637506798708,580840.5071970827,30203706.3742483,3305829808314.9956,261.9384168616009,109451.13051203372,"Gas, vapor y aire acondicionado",35
062,"Captación, tratamiento y distribución de agua",2010,2073.0,19501.65749015424,940581.4516727196,48910235.486981414,2073000000000.0,106.29865697552071,42383.7664930437,Agua,36
062,"Captación, tratamiento y distribución de agua",2011,2128.0,19396.951225002016,915993.8170132184,47631678.48468736,2128000000000.0,109.70796262337763,44676.149732663944,Agua,36
062,"Captación, tratamiento y distribución de agua",2012,2218.0,19719.782139500876,916192.6780854583,47642019.26044383,2218000000000.0,112.4758876294634,46555.54139875761,Agua,36
062,"Captación, tratamiento y distribución de agua",2013,2311.0,22754.52401438152,1077512.5197638401,56030651.027719684,2311000000000.0,101.5622211450954,41245.28195927429,Agua,36
062,"Captación, tratamiento y distribución de agua",2014,2365.9999999999995,22457.13811586012,1070426.747714477,55662190.8811528,2365999999999.9995,105.35625634011826,42506.411669130444,Agua,36
062,"Captación, tratamiento y distribución de agua",2015,2376.0,31730.568253006844,1426835.1427875652,74195427.42495339,2376000000000.0,74.88047428129013,32023.536792793035,Agua,36
062,"Captación, tratamiento y distribución de agua",2016,2349.0,29308.413900081578,1333883.643998733,69361949.48793411,2349000000000.0,80.14763296329255,33865.830146665954,Agua,36
062,"Captación, tratamiento y distribución de agua",2017,2370.0,30992.39752338548,1411237.9341376373,73384372.57515714,2370000000000.0,76.47036658624761,32295.704341857625,Agua,36
062,"Captación, tratamiento y distribución de agua",2018,2429.9999999999995,31108.859777607675,1426546.93989114,74180440.87433928,2429999999999.9995,78.11279543421668,32757.961146609905,Agua,36
062,"Captación, tratamiento y distribución de agua",2019,2523.0,35639.45168606078,1644000.2438467862,85488012.68003288,2523000000000.0,70.79233491649902,29512.909715695005,Agua,36
062,"Captación, tratamiento y distribución de agua",2021,2324.0,47503.99880636236,2151991.974839564,111903582.69165732,2324000000000.0,48.92219725487067,20767.87841908175,Agua,36
062,"Captación, tratamiento y distribución de agua",2022,2368.0,64631.75811663297,2941714.128559899,152969134.68511477,2368000000000.0,36.63833491465236,15480.247076473965,Agua,36
062,"Captación, tratamiento y distribución de agua",2023,2421.0,63256.54049029877,2771299.064453468,144107551.35158035,2421000000000.0,38.272722175998425,16799.95237788384,Agua,36
062,"Captación, tratamiento y distribución de agua",2024,2395.0,59962.13959574951,2611134.9063836606,135779015.13195038,2395000000000.0,39.94187025590682,17638.955457679032,Agua,36
062,"Captación, tratamiento y distribución de agua",2025,2427.1334978250006,64810.60248299748,2803935.0585524486,145804623.04472733,2427133497825.0005,37.449636399565,16646.478329294456,Agua,36
"063,064,066","Evacuación y tratamiento de aguas residuales; recolección, tratamiento y disposición de desechos y actividades de saneamiento ambiental y otros servicios de gestión de desechos",2010,3827.9999999999995,36011.74378789697,1736876.8919455716,90317598.38116972,3827999999999.9995,106.29865697552071,42383.7664930437,"Aguas residuales, desechos y saneamiento",37
"063,064,066","Evacuación y tratamiento de aguas residuales; recolección, tratamiento y disposición de desechos y actividades de saneamiento ambiental y otros servicios de gestión de desechos",2011,3922.9999999999995,35758.57126676828,1688648.3760069811,87809715.55236302,3922999999999.9995,109.70796262337763,44676.14973266394,"Aguas residuales, desechos y saneamiento",37
"063,064,066","Evacuación y tratamiento de aguas residuales; recolección, tratamiento y disposición de desechos y actividades de saneamiento ambiental y otros servicios de gestión de desechos",2012,3936.0,34994.167042865396,1625849.5856376754,84544178.45315911,3936000000000.0,112.4758876294634,46555.54139875761,"Aguas residuales, desechos y saneamiento",37
"063,064,066","Evacuación y tratamiento de aguas residuales; recolección, tratamiento y disposición de desechos y actividades de saneamiento ambiental y otros servicios de gestión de desechos",2013,4031.0,39689.95512850364,1879469.046805729,97732390.43389791,4031000000000.0,101.56222114509539,41245.28195927428,"Aguas residuales, desechos y saneamiento",37
"063,064,066","Evacuación y tratamiento de aguas residuales; recolección, tratamiento y disposición de desechos y actividades de saneamiento ambiental y otros servicios de gestión de desechos",2014,4115.999999999999,39067.44737315311,1862162.5078583208,96832450.40863268,4115999999999.999,105.35625634011826,42506.411669130444,"Aguas residuales, desechos y saneamiento",37
"063,064,066","Evacuación y tratamiento de aguas residuales; recolección, tratamiento y disposición de desechos y actividades de saneamiento ambiental y otros servicios de gestión de desechos",2015,4068.0,54326.578978632926,2442914.7141665886,127031565.1366626,4068000000000.0,74.88047428129013,32023.536792793035,"Aguas residuales, desechos y saneamiento",37
"063,064,066","Evacuación y tratamiento de aguas residuales; recolección, tratamiento y disposición de desechos y actividades de saneamiento ambiental y otros servicios de gestión de desechos",2016,3969.0,49521.11314151715,2253803.3984806174,117197776.7209921,3969000000000.0,80.14763296329255,33865.830146665954,"Aguas residuales, desechos y saneamiento",37
"063,064,066","Evacuación y tratamiento de aguas residuales; recolección, tratamiento y disposición de desechos y actividades de saneamiento ambiental y otros servicios de gestión de desechos",2017,3992.0000000000005,52203.22823348307,2377072.503408206,123607770.17722672,3992000000000.0005,76.4703665862476,32295.704341857625,"Aguas residuales, desechos y saneamiento",37
"063,064,066","Evacuación y tratamiento de aguas residuales; recolección, tratamiento y disposición de desechos y actividades de saneamiento ambiental y otros servicios de gestión de desechos",2018,4057.0,51937.71362870549,2381687.627628953,123847756.63670556,4057000000000.0,78.1127954342167,32757.961146609905,"Aguas residuales, desechos y saneamiento",37
"063,064,066","Evacuación y tratamiento de aguas residuales; recolección, tratamiento y disposición de desechos y actividades de saneamiento ambiental y otros servicios de gestión de desechos",2019,4150.999999999999,58636.29169593272,2704813.718671426,140650313.37091416,4150999999999.999,70.79233491649902,29512.909715695,"Aguas residuales, desechos y saneamiento",37
"063,064,066","Evacuación y tratamiento de aguas residuales; recolección, tratamiento y disposición de desechos y actividades de saneamiento ambiental y otros servicios de gestión de desechos",2021,3791.0000000000005,77490.3870374009,3510413.7593015432,182541515.48368025,3791000000000.0005,48.922197254870674,20767.878419081753,"Aguas residuales, desechos y saneamiento",37
"063,064,066","Evacuación y tratamiento de aguas residuales; recolección, tratamiento y disposición de desechos y actividades de saneamiento ambiental y otros servicios de gestión de desechos",2022,3987.0,108820.4474708681,4952962.090611621,257554028.71180427,3987000000000.0,36.63833491465236,15480.247076473966,"Aguas residuales, desechos y saneamiento",37
"063,064,066","Evacuación y tratamiento de aguas residuales; recolección, tratamiento y disposición de desechos y actividades de saneamiento ambiental y otros servicios de gestión de desechos",2023,4220.0,110261.29734368477,4830599.773644625,251191188.2295205,4220000000000.0,38.27272217599842,16799.95237788384,"Aguas residuales, desechos y saneamiento",37
"063,064,066","Evacuación y tratamiento de aguas residuales; recolección, tratamiento y disposición de desechos y actividades de saneamiento ambiental y otros servicios de gestión de desechos",2024,4358.0,109108.56131869575,4751284.309820456,247066784.1106637,4358000000000.0,39.94187025590683,17638.955457679036,"Aguas residuales, desechos y saneamiento",37
"063,064,066","Evacuación y tratamiento de aguas residuales; recolección, tratamiento y disposición de desechos y actividades de saneamiento ambiental y otros servicios de gestión de desechos",2025,4417.444723164031,117956.94559040741,5103233.151203537,265368123.86258394,4417444723164.03,37.449636399565,16646.478329294456,"Aguas residuales, desechos y saneamiento",37
065,Recuperación de materiales (reciclaje),2010,1131.0,10639.833391878654,513168.1726202827,26684744.976254698,1131000000000.0,106.2986569755207,42383.766493043695,Reciclaje,38
065,Recuperación de materiales (reciclaje),2011,1162.0,10591.756261020839,500180.8342901127,26009403.38308586,1162000000000.0,109.70796262337761,44676.14973266394,Reciclaje,38
065,Recuperación de materiales (reciclaje),2012,1185.0000000000002,10535.591449643165,489489.77616378193,25453468.360516656,1185000000000.0002,112.47588762946341,46555.54139875761,Reciclaje,38
065,Recuperación de materiales (reciclaje),2013,1221.0000000000002,12022.186854850646,569295.8834407828,29603385.938920707,1221000000000.0002,101.56222114509539,41245.28195927428,Reciclaje,38
065,Recuperación de materiales (reciclaje),2014,1261.0,11968.914270540838,570502.1677379357,29666112.722372655,1261000000000.0,105.35625634011826,42506.41166913044,Reciclaje,38
065,Recuperación de materiales (reciclaje),2015,1313.0000000000002,17534.61116001599,788482.5515488524,41001092.68054032,1313000000000.0002,74.88047428129013,32023.536792793035,Reciclaje,38
065,Recuperación de materiales (reciclaje),2016,1289.0,16082.82056926571,731960.8416834256,38061963.76753813,1289000000000.0,80.14763296329255,33865.830146665954,Reciclaje,38
065,Recuperación de materiales (reciclaje),2017,1426.0,18647.746357952612,849124.596658342,44154479.026233785,1426000000000.0,76.47036658624761,32295.70434185763,Reciclaje,38
065,Recuperación de materiales (reciclaje),2018,1462.0000000000002,18716.523866198535,858276.389350143,44630372.24620744,1462000000000.0002,78.11279543421666,32757.961146609905,Reciclaje,38
065,Recuperación de materiales (reciclaje),2019,1366.0,19295.874357177574,890092.8787533531,46284829.69517436,1366000000000.0,70.79233491649902,29512.909715695005,Reciclaje,38
065,Recuperación de materiales (reciclaje),2021,1371.0,28024.088796696557,1269527.107360173,66015409.58272899,1371000000000.0,48.92219725487066,20767.87841908175,Reciclaje,38
065,Recuperación de materiales (reciclaje),2022,1482.9999999999998,40476.73027321228,1842298.164127673,95799504.534639,1482999999999.9998,36.63833491465236,15480.247076473965,Reciclaje,38
065,Recuperación de materiales (reciclaje),2023,1470.0000000000002,38408.556183700624,1682697.0775491942,87500248.0325581,1470000000000.0002,38.27272217599842,16799.95237788384,Reciclaje,38
065,Recuperación de materiales (reciclaje),2024,1547.0,38731.28599358016,1686607.8080064815,87703606.01633704,1547000000000.0,39.94187025590682,17638.955457679036,Reciclaje,38
065,Recuperación de materiales (reciclaje),2025,1439.2379605138544,38431.293301704034,1662673.1816361293,86459005.44507873,1439237960513.8545,37.44963639956501,16646.478329294456,Reciclaje,38
067,Construcción de edificaciones residenciales y no residenciales,2010,22035.0,523706.1135208693,25613891.321284898,1331922348.7068145,22035000000000.0,42.07512463786032,16543.757240348245,Edificaciones,39
067,Construcción de edificaciones residenciales y no residenciales,2011,22711.0,557911.3147430634,27032971.39670658,1405714512.6287422,22711000000000.0,40.70718660807079,16156.196579011996,Edificaciones,39
067,Construcción de edificaciones residenciales y no residenciales,2012,24045.0,597239.5392385037,29050978.782665774,1510650896.6986203,24045000000000.0,40.26022796591467,15916.979927359786,Edificaciones,39
067,Construcción de edificaciones residenciales y no residenciales,2013,26444.0,571473.7730101486,27653256.62641464,1437969344.5735612,26444000000000.0,46.27333965076013,18389.8217996032,Edificaciones,39
067,Construcción de edificaciones residenciales y no residenciales,2014,28294.0,598092.0791841754,28790870.306080688,1497125255.9161959,28294000000000.0,47.30709699181152,18898.886307735767,Edificaciones,39
067,Construcción de edificaciones residenciales y no residenciales,2015,30111.0,707639.2931347418,34120655.81263731,1774274102.25714,30111000000000.0,42.551339774551714,16970.884014873656,Edificaciones,39
067,Construcción de edificaciones residenciales y no residenciales,2016,31906.0,721213.8238682037,34671373.89929487,1802911442.763333,31906000000000.0,44.23930732341395,17696.931331855925,Edificaciones,39
067,Construcción de edificaciones residenciales y no residenciales,2017,30260.000000000004,673020.9812120403,32133578.532761637,1670946083.7036052,30260000000000.004,44.96145119503543,18109.501135386465,Edificaciones,39
067,Construcción de edificaciones residenciales y no residenciales,2018,30166.000000000004,659999.6846333704,31510292.115190387,1638535189.9899,30166000000000.004,45.70608244571694,18410.346133723222,Edificaciones,39
067,Construcción de edificaciones residenciales y no residenciales,2019,26055.0,643265.3785202994,30475493.397430975,1584725656.6664107,26055000000000.0,40.50427843627183,16441.331589726797,Edificaciones,39
067,Construcción de edificaciones residenciales y no residenciales,2021,20120.999999999996,648967.4374379474,30241535.043813877,1572559822.2783215,20120999999999.996,31.004637273382325,12795.061729892559,Edificaciones,39
067,Construcción de edificaciones residenciales y no residenciales,2022,22528.0,762437.9091849867,35665443.59904138,1854603067.1501517,22528000000000.0,29.54732408843818,12147.073624016657,Edificaciones,39
067,Construcción de edificaciones residenciales y no residenciales,2023,22629.999999999996,810917.9756318402,37656230.089374475,1958123964.6474726,22629999999999.996,27.906644913583836,11556.980256903269,Edificaciones,39
067,Construcción de edificaciones residenciales y no residenciales,2024,22098.0,774258.7135858868,35719554.58568327,1857416838.45553,22098000000000.0,28.54084766790128,11897.16790678759,Edificaciones,39
067,Construcción de edificaciones residenciales y no residenciales,2025,20466.390757447632,779617.0025034526,35598994.54385131,1851147716.2802682,20466390757447.633,26.25185275812016,11056.054888246948,Edificaciones,39
068,"Construcción de carreteras y vías de ferrocarril, de proyectos de servicio público y de otras obras de ingeniería civil",2010,9751.0,231752.13582673005,11334742.64914223,589406617.7553959,9751000000000.0,42.07512463786031,16543.757240348245,Obras civiles,40
068,"Construcción de carreteras y vías de ferrocarril, de proyectos de servicio público y de otras obras de ingeniería civil",2011,11003.0,270296.252746155,13096903.891416606,681039002.3536634,11003000000000.0,40.70718660807079,16156.196579011996,Obras civiles,40
068,"Construcción de carreteras y vías de ferrocarril, de proyectos de servicio público y de otras obras de ingeniería civil",2012,11662.000000000002,289665.52325221174,14089936.143208498,732676679.446842,11662000000000.002,40.26022796591467,15916.979927359784,Obras civiles,40
068,"Construcción de carreteras y vías de ferrocarril, de proyectos de servicio público y de otras obras de ingeniería civil",2013,13177.000000000002,284764.40428659535,13779570.50999341,716537666.5196573,13177000000000.002,46.273339650760136,18389.8217996032,Obras civiles,40
068,"Construcción de carreteras y vías de ferrocarril, de proyectos de servicio público y de otras obras de ingeniería civil",2014,14914.000000000002,315259.251747819,15175904.423018571,789147029.9969658,14914000000000.002,47.30709699181153,18898.886307735767,Obras civiles,40
068,"Construcción de carreteras y vías de ferrocarril, de proyectos de servicio público y de otras obras de ingeniería civil",2015,15905.999999999998,373807.266334602,18024082.60621729,937252295.5232992,15905999999999.998,42.55133977455172,16970.884014873656,Obras civiles,40
068,"Construcción de carreteras y vías de ferrocarril, de proyectos de servicio público y de otras obras de ingeniería civil",2016,15492.0,350186.31477985997,16834730.91104733,875406007.3744612,15492000000000.0,44.23930732341395,17696.931331855925,Obras civiles,40
068,"Construcción de carreteras y vías de ferrocarril, de proyectos de servicio público y de otras obras de ingeniería civil",2017,16505.0,367092.24371793534,17526923.78331893,911400036.7325844,16505000000000.0,44.96145119503543,18109.50113538646,Obras civiles,40
068,"Construcción de carreteras y vías de ferrocarril, de proyectos de servicio público y de otras obras de ingeniería civil",2018,16106.0,352381.98371362,16823734.16453147,874834176.5556364,16106000000000.0,45.70608244571694,18410.346133723222,Obras civiles,40
068,"Construcción de carreteras y vías de ferrocarril, de proyectos de servicio público y de otras obras de ingeniería civil",2019,18250.0,450569.6855880048,21346296.469127435,1110007416.3946266,18250000000000.0,40.504278436271825,16441.331589726797,Obras civiles,40
068,"Construcción de carreteras y vías de ferrocarril, de proyectos de servicio público y de otras obras de ingeniería civil",2021,12318.0,397295.4075026409,18513753.226464856,962715167.7761725,12318000000000.0,31.004637273382325,12795.061729892559,Obras civiles,40
068,"Construcción de carreteras y vías de ferrocarril, de proyectos de servicio público y de otras obras de ingeniería civil",2022,11793.0,399122.4371013205,18670213.794544343,970851117.3163059,11793000000000.0,29.547324088438184,12147.073624016657,Obras civiles,40
068,"Construcción de carreteras y vías de ferrocarril, de proyectos de servicio público y de otras obras de ingeniería civil",2023,10307.0,369338.55832246476,17150807.049544092,891841966.5762928,10307000000000.0,27.90664491358384,11556.980256903269,Obras civiles,40
068,"Construcción de carreteras y vías de ferrocarril, de proyectos de servicio público y de otras obras de ingeniería civil",2024,11029.0,386428.6067580209,17827448.978437,927027346.8787239,11029000000000.0,28.54084766790128,11897.16790678759,Obras civiles,40
068,"Construcción de carreteras y vías de ferrocarril, de proyectos de servicio público y de otras obras de ingeniería civil",2025,11939.425353011724,454803.1509630744,20767293.219197292,1079899247.3982592,11939425353011.725,26.25185275812016,11056.054888246948,Obras civiles,40
069,Actividades especializadas para la construcción de edificaciones y obras de ingeniería civil (Alquiler de maquinaria y equipo de construcción con operadores),2010,8542.0,203017.81809372662,9929378.700540757,516327692.42811936,8542000000000.0,42.07512463786031,16543.75724034824,Actividades especializadas de construcción,41
069,Actividades especializadas para la construcción de edificaciones y obras de ingeniería civil (Alquiler de maquinaria y equipo de construcción con operadores),2011,8889.0,218364.39068077542,10580603.352794893,550191374.3453344,8889000000000.0,40.70718660807079,16156.196579011996,Actividades especializadas de construcción,41
069,Actividades especializadas para la construcción de edificaciones y obras de ingeniería civil (Alquiler de maquinaria y equipo de construcción con operadores),2012,9413.0,233803.94189444935,11372712.134798624,591381031.0095285,9413000000000.0,40.26022796591467,15916.979927359786,Actividades especializadas de construcción,41
069,Actividades especializadas para la construcción de edificaciones y obras de ingeniería civil (Alquiler de maquinaria y equipo de construcción con operadores),2013,10552.0,228036.27487532474,11034531.989181943,573795663.437461,10552000000000.0,46.27333965076013,18389.821799603196,Actividades especializadas de construcción,41
069,Actividades especializadas para la construcción de edificaciones y obras de ingeniería civil (Alquiler de maquinaria y equipo de construcción con operadores),2014,11395.0,240872.94982341406,11595107.342114562,602945581.7899573,11395000000000.0,47.30709699181153,18898.886307735767,Actividades especializadas de construcción,41
069,Actividades especializadas para la construcción de edificaciones y obras de ingeniería civil (Alquiler de maquinaria y equipo de construcción con operadores),2015,12024.999999999998,282599.79741440905,13626278.972699797,708566506.5803894,12024999999999.998,42.55133977455171,16970.884014873653,Actividades especializadas de construcción,41
069,Actividades especializadas para la construcción de edificaciones y obras de ingeniería civil (Alquiler de maquinaria y equipo de construcción con operadores),2016,12727.0,287685.33618663036,13830081.351981627,719164230.3030446,12727000000000.0,44.23930732341395,17696.931331855925,Actividades especializadas de construcción,41
069,Actividades especializadas para la construcción de edificaciones y obras de ingeniería civil (Alquiler de maquinaria y equipo de construcción con operadores),2017,12220.999999999998,271810.6216587026,12977675.58654593,674839130.5003884,12220999999999.998,44.96145119503543,18109.501135386465,Actividades especializadas de construcción,41
069,Actividades especializadas para la construcción de edificaciones y obras de ingeniería civil (Alquiler de maquinaria y equipo de construcción con operadores),2018,11978.999999999996,262087.65571249553,12512822.026382865,650666745.3719089,11978999999999.996,45.70608244571694,18410.346133723222,Actividades especializadas de construcción,41
069,Actividades especializadas para la construcción de edificaciones y obras de ingeniería civil (Alquiler de maquinaria y equipo de construcción con operadores),2019,11671.0,288142.40002726595,13651102.799517058,709857345.5748869,11671000000000.0,40.50427843627183,16441.331589726797,Actividades especializadas de construcción,41
069,Actividades especializadas para la construcción de edificaciones y obras de ingeniería civil (Alquiler de maquinaria y equipo de construcción con operadores),2021,8642.0,278732.49810341146,12988785.142320937,675416827.4006886,8642000000000.0,31.00463727338233,12795.06172989256,Actividades especializadas de construcción,41
069,Actividades especializadas para la construcción de edificaciones y obras de ingeniería civil (Alquiler de maquinaria y equipo de construcción con operadores),2022,9478.000000000002,320773.54861751175,15005196.840896407,780270235.7266132,9478000000000.002,29.547324088438184,12147.073624016657,Actividades especializadas de construcción,41
069,Actividades especializadas para la construcción de edificaciones y obras de ingeniería civil (Alquiler de maquinaria y equipo de construcción con operadores),2023,9521.0,341173.22341982997,15842906.1723789,823831120.9637027,9521000000000.0,27.906644913583836,11556.980256903269,Actividades especializadas de construcción,41
069,Actividades especializadas para la construcción de edificaciones y obras de ingeniería civil (Alquiler de maquinaria y equipo de construcción con operadores),2024,9362.0,328021.09134722926,15132883.972810514,786909966.5861467,9362000000000.0,28.54084766790128,11897.16790678759,Actividades especializadas de construcción,41
069,Actividades especializadas para la construcción de edificaciones y obras de ingeniería civil (Alquiler de maquinaria y equipo de construcción con operadores),2025,9082.220023194926,345964.91557669715,15797504.547015416,821470236.4448017,9082220023194.926,26.25185275812016,11056.054888246948,Actividades especializadas de construcción,41
070,"Comercio al por mayor y en comisión o por contrata; comercio al por menor (incluso el comercio al por menor de combustibles); comercio de vehículos automotores y motocicletas, sus partes, piezas y accesorios",2010,46676.0,3332173.5296888067,162725319.18727666,8461716597.738386,46676000000000.0,14.007673845353155,5516.1384171712125,Comercio,42
070,"Comercio al por mayor y en comisión o por contrata; comercio al por menor (incluso el comercio al por menor de combustibles); comercio de vehículos automotores y motocicletas, sus partes, piezas y accesorios",2011,50640.99999999999,3456261.849491248,166735113.58514225,8670225906.427397,50640999999999.99,14.651957000148645,5840.793601751357,Comercio,42
070,"Comercio al por mayor y en comisión o por contrata; comercio al por menor (incluso el comercio al por menor de combustibles); comercio de vehículos automotores y motocicletas, sus partes, piezas y accesorios",2012,52609.0,3478708.853326524,166637304.57376456,8665139837.835758,52609000000000.0,15.123139710209582,6071.338834058545,Comercio,42
070,"Comercio al por mayor y en comisión o por contrata; comercio al por menor (incluso el comercio al por menor de combustibles); comercio de vehículos automotores y motocicletas, sus partes, piezas y accesorios",2013,55024.00000000001,3551743.1030693315,168061290.7774552,8739187120.42767,55024000000000.01,15.49211145154321,6296.23776694088,Comercio,42
070,"Comercio al por mayor y en comisión o por contrata; comercio al por menor (incluso el comercio al por menor de combustibles); comercio de vehículos automotores y motocicletas, sus partes, piezas y accesorios",2014,57696.0,3496029.1717130123,164162889.66441175,8536470262.549413,57696000000000.0,16.50329478564667,6758.765417730058,Comercio,42
070,"Comercio al por mayor y en comisión o por contrata; comercio al por menor (incluso el comercio al por menor de combustibles); comercio de vehículos automotores y motocicletas, sus partes, piezas y accesorios",2015,59398.99999999999,3270220.0185927874,154123914.4872453,8014443553.336756,59398999999999.99,18.163609684451767,7411.493961457829,Comercio,42
070,"Comercio al por mayor y en comisión o por contrata; comercio al por menor (incluso el comercio al por menor de combustibles); comercio de vehículos automotores y motocicletas, sus partes, piezas y accesorios",2016,61636.99999999999,3293014.1957551367,155349547.05391425,8078176446.803541,61636999999999.99,18.71750206223017,7630.0635924323215,Comercio,42
070,"Comercio al por mayor y en comisión o por contrata; comercio al por menor (incluso el comercio al por menor de combustibles); comercio de vehículos automotores y motocicletas, sus partes, piezas y accesorios",2017,62619.00000000001,3266016.0969305565,152728225.2554067,7941867713.281149,62619000000000.01,19.17289999239445,7884.66923155652,Comercio,42
070,"Comercio al por mayor y en comisión o por contrata; comercio al por menor (incluso el comercio al por menor de combustibles); comercio de vehículos automotores y motocicletas, sus partes, piezas y accesorios",2018,64470.0,3311642.6776503148,155861664.35456392,8104806546.4373255,64470000000000.0,19.46768002329977,7954.539029477444,Comercio,42
070,"Comercio al por mayor y en comisión o por contrata; comercio al por menor (incluso el comercio al por menor de combustibles); comercio de vehículos automotores y motocicletas, sus partes, piezas y accesorios",2019,67126.0,3542744.917666766,167052887.20108572,8686750134.456457,67126000000000.0,18.94745502710617,7727.400807091382,Comercio,42
070,"Comercio al por mayor y en comisión o por contrata; comercio al por menor (incluso el comercio al por menor de combustibles); comercio de vehículos automotores y motocicletas, sus partes, piezas y accesorios",2021,75348.0,3100067.241096018,144379385.66362107,7507728054.508297,75348000000000.0,24.305279253672246,10036.05877210143,Comercio,42
070,"Comercio al por mayor y en comisión o por contrata; comercio al por menor (incluso el comercio al por menor de combustibles); comercio de vehículos automotores y motocicletas, sus partes, piezas y accesorios",2022,80232.0,3603475.1085894234,169222969.3452747,8799594405.954285,80232000000000.0,22.265173917465113,9117.692963861,Comercio,42
070,"Comercio al por mayor y en comisión o por contrata; comercio al por menor (incluso el comercio al por menor de combustibles); comercio de vehículos automotores y motocicletas, sus partes, piezas y accesorios",2023,75864.00000000001,3682484.646877559,172575716.68097162,8973937267.410524,75864000000000.02,20.601307887142553,8453.814389309962,Comercio,42
070,"Comercio al por mayor y en comisión o por contrata; comercio al por menor (incluso el comercio al por menor de combustibles); comercio de vehículos automotores y motocicletas, sus partes, piezas y accesorios",2024,76372.0,3685152.9473995757,171670610.06775135,8926871723.52307,76372000000000.0,20.72424159596736,8555.292645099094,Comercio,42
070,"Comercio al por mayor y en comisión o por contrata; comercio al por menor (incluso el comercio al por menor de combustibles); comercio de vehículos automotores y motocicletas, sus partes, piezas y accesorios",2025,82263.9178859029,3858862.517824809,177477350.03751737,9228822201.950903,82263917885902.9,21.31817796200576,8913.804609705552,Comercio,42
071,Mantenimiento y reparación de vehículos automotores y motocicletas,2010,4490.0,36019.46000495888,1860245.474066155,96732764.65144007,4490000000000.0,124.65483933911979,46416.53752147936,Reparación de vehículos,43
071,Mantenimiento y reparación de vehículos automotores y motocicletas,2011,4626.0,36485.83815314356,1889343.4455385315,98245859.16800363,4626000000000.0,126.78891959623057,47085.95394427147,Reparación de vehículos,43
071,Mantenimiento y reparación de vehículos automotores y motocicletas,2012,4829.0,36218.349851171595,1881973.783123438,97862636.72241879,4829000000000.0,133.33020471234394,49344.674962081335,Reparación de vehículos,43
071,Mantenimiento y reparación de vehículos automotores y motocicletas,2013,5103.0,37871.086704695,1935371.7258030488,100639329.74175854,5103000000000.0,134.7465954645385,50705.82259534464,Reparación de vehículos,43
071,Mantenimiento y reparación de vehículos automotores y motocicletas,2014,5419.999999999999,38715.89904136005,1966859.4948783577,102276693.73367459,5419999999999.999,139.99416607140734,52993.50029942809,Reparación de vehículos,43
071,Mantenimiento y reparación de vehículos automotores y motocicletas,2015,5467.0,35185.71535964924,1781008.3011114867,92612431.6577973,5467000000000.0,155.37555351992418,59030.95191583513,Reparación de vehículos,43
071,Mantenimiento y reparación de vehículos automotores y motocicletas,2016,5575.000000000001,34965.77116565591,1773355.8335332368,92214503.3437283,5575000000000.001,159.44164290235585,60456.86738906205,Reparación de vehículos,43
071,Mantenimiento y reparación de vehículos automotores y motocicletas,2017,5673.0,36205.40216234618,1820758.4288183614,94679438.2985548,5673000000000.0,156.6893242771365,59917.9727081946,Reparación de vehículos,43
071,Mantenimiento y reparación de vehículos automotores y motocicletas,2018,5730.0,35832.717119784305,1819467.1121087843,94612289.82965678,5730000000000.0,159.90972665693545,60562.956570615606,Reparación de vehículos,43
071,Mantenimiento y reparación de vehículos automotores y motocicletas,2019,5910.0,37886.259028944594,1917525.341561374,99711317.76119146,5910000000000.0,155.99323215007425,59271.10515332318,Reparación de vehículos,43
071,Mantenimiento y reparación de vehículos automotores y motocicletas,2021,5824.0,30280.05486236356,1472555.5522268151,76572888.7157944,5824000000000.0,192.33782853012303,76058.25113397746,Reparación de vehículos,43
071,Mantenimiento y reparación de vehículos automotores y motocicletas,2022,6463.0,38049.26977347077,1868845.165809767,97179948.6221079,6463000000000.0,169.8587131495023,66505.48895772624,Reparación de vehículos,43
071,Mantenimiento y reparación de vehículos automotores y motocicletas,2023,6486.0,40391.75739400713,1960548.9996388112,101948547.98121819,6486000000000.0,160.57731622646156,63620.32739490223,Reparación de vehículos,43
071,Mantenimiento y reparación de vehículos automotores y motocicletas,2024,6436.0,42274.42912947729,2051143.2210699292,106659447.49563631,6436000000000.0,152.24333320475944,60341.583902010294,Reparación de vehículos,43
071,Mantenimiento y reparación de vehículos automotores y motocicletas,2025,6809.220969129495,43896.38572096929,2109418.9344591764,109689784.59187718,6809220969129.495,155.12031018710346,62077.07485673863,Reparación de vehículos,43
"072,074",Transporte terrestre y transporte por tuberías,2010,24131.0,876941.7311406662,52298631.51771083,2719528838.920963,24131000000000.0,27.51722166148033,8873.228205799996,Transporte terrestre y tuberías,44
"072,074",Transporte terrestre y transporte por tuberías,2011,25187.0,916517.1534402434,54384125.89154963,2827974546.360581,25187000000000.0,27.481209604706194,8906.374363381039,Transporte terrestre y tuberías,44
"072,074",Transporte terrestre y transporte por tuberías,2012,25846.0,951860.0134858137,56301514.452267595,2927678751.517915,25846000000000.0,27.15315238986578,8828.154382238698,Transporte terrestre y tuberías,44
"072,074",Transporte terrestre y transporte por tuberías,2013,26271.0,957495.5372523029,55770754.050464064,2900079210.624131,26271000000000.0,27.43720359824248,9058.718087340163,Transporte terrestre y tuberías,44
"072,074",Transporte terrestre y transporte por tuberías,2014,27166.0,989379.6685324257,56798493.970876664,2953521686.4855866,27166000000000.0,27.457608907909016,9197.833259292905,Transporte terrestre y tuberías,44
"072,074",Transporte terrestre y transporte por tuberías,2015,27868.0,1019089.0489925866,57388061.938921094,2984179220.823897,27868000000000.0,27.345991037337434,9338.581210382523,Transporte terrestre y tuberías,44
"072,074",Transporte terrestre y transporte por tuberías,2016,27602.0,1018224.7768858566,57045241.04166177,2966352534.166412,27602000000000.0,27.107963414932883,9305.0302289025,Transporte terrestre y tuberías,44
"072,074",Transporte terrestre y transporte por tuberías,2017,27862.0,1007090.6520410798,55515649.85518518,2886813792.4696293,27862000000000.0,27.6658312174101,9651.471138415354,Transporte terrestre y tuberías,44
"072,074",Transporte terrestre y transporte por tuberías,2018,28299.999999999996,1012326.6168207796,55699232.12063587,2896360070.273065,28299999999999.996,27.955404441381166,9770.88459769158,Transporte terrestre y tuberías,44
"072,074",Transporte terrestre y transporte por tuberías,2019,28987.999999999996,1081036.616272731,59671179.37169501,3102901327.3281407,28987999999999.996,26.815002899667476,9342.224241774747,Transporte terrestre y tuberías,44
"072,074",Transporte terrestre y transporte por tuberías,2021,26795.0,963514.6413977173,48922350.040778704,2543962202.1204925,26795000000000.0,27.809644865520653,10532.782278630286,Transporte terrestre y tuberías,44
"072,074",Transporte terrestre y transporte por tuberías,2022,30626.0,1115617.8674687545,57934646.96950976,3012601642.4145074,30626000000000.0,27.45205226005199,10165.96405207235,Transporte terrestre y tuberías,44
"072,074",Transporte terrestre y transporte por tuberías,2023,31495.0,1211502.9028865756,62803244.160054915,3265768696.3228555,31495000000000.0,25.99663601709806,9643.977552807797,Transporte terrestre y tuberías,44
"072,074",Transporte terrestre y transporte por tuberías,2024,31529.0,1196313.6488386807,61294912.98265994,3187335475.098317,31529000000000.0,26.35512854894427,9891.961560471587,Transporte terrestre y tuberías,44
"072,074",Transporte terrestre y transporte por tuberías,2025,31811.564147692417,1300723.9382313886,65600851.29982086,3411244267.590685,31811564147692.418,24.456814557397184,9325.501679819748,Transporte terrestre y tuberías,44
073,Transporte acuático,2010,231.0,2231.0415004314086,110936.75379328149,5768711.197250637,231000000000.0,103.53908699382433,40043.60629287429,Transporte acuático,45
073,Transporte acuático,2011,233.99999999999997,1878.3375720138658,88977.73541880386,4626842.2417778,233999999999.99997,124.5782459375053,50574.44965101916,Transporte acuático,45
073,Transporte acuático,2012,230.0,1979.990763376042,98137.05227648123,5103126.718377024,230000000000.0,116.16215805362228,45070.4073586376,Transporte acuático,45
073,Transporte acuático,2013,227.0,1821.0737078132502,89556.15708902112,4656920.168629098,227000000000.0,124.6517365145984,48744.662090014775,Transporte acuático,45
073,Transporte acuático,2014,232.0,1716.5392967333933,80680.8307327583,4195403.198103432,232000000000.0,135.15565908773564,55298.61828414432,Transporte acuático,45
073,Transporte acuático,2015,231.0,1357.7041736427232,65397.01086679198,3400644.565073183,231000000000.0,170.14015606965876,67928.29876209918,Transporte acuático,45
073,Transporte acuático,2016,234.99999999999997,1374.5575281499305,67580.58627754252,3514190.486432211,234999999999.99997,170.96410676699392,66871.73074632736,Transporte acuático,45
073,Transporte acuático,2017,241.0,1324.7805067979596,64833.0091238737,3371316.4744414324,241000000000.0,181.91692794643043,71485.42767404518,Transporte acuático,45
073,Transporte acuático,2018,242.99999999999994,1232.2703003475872,57600.389772642615,2995220.2681774157,242999999999.99994,197.19699479201665,81129.25869985009,Transporte acuático,45
073,Transporte acuático,2019,248.0,1415.5432910471707,66552.76446670173,3460743.7522684904,248000000000.0,175.19775026911262,71660.89654498053,Transporte acuático,45
073,Transporte acuático,2021,233.0,1368.3993018586882,62773.5623322025,3264225.24127453,233000000000.0,170.27193720686466,71379.87815725124,Transporte acuático,45
073,Transporte acuático,2022,251.99999999999997,1204.152272615529,57214.510661822984,2975154.5544147952,251999999999.99997,209.2758579881537,84701.48202084503,Transporte acuático,45
073,Transporte acuático,2023,256.99999999999994,1594.4513047522541,75602.06621157586,3931307.443001945,256999999999.99994,161.18397547420403,65372.65368483998,Transporte acuático,45
073,Transporte acuático,2024,221.0,1488.1248514620368,69664.00771507449,3622528.4011838734,221000000000.0,148.5090446429104,61007.11313340574,Transporte acuático,45
073,Transporte acuático,2025,207.10213733070768,1199.4886005375147,53274.605771340146,2770279.500109688,207102137330.70767,172.65869574575456,74758.57122810444,Transporte acuático,45
075,Transporte aéreo,2010,2884.0,27854.21509629516,1385028.5625100597,72021485.2505231,2884000000000.0,103.53908699382434,40043.60629287429,Transporte aéreo,46
075,Transporte aéreo,2011,3332.0,26746.242692094882,1266982.1128865578,65883069.870101,3332000000000.0,124.5782459375053,50574.44965101915,Transporte aéreo,46
075,Transporte aéreo,2012,3519.0,30293.858679653444,1501496.899830163,78077838.79116847,3519000000000.0,116.16215805362226,45070.4073586376,Transporte aéreo,46
075,Transporte aéreo,2013,3899.0,31279.1470782549,1538235.4911457857,79988245.53958085,3899000000000.0,124.6517365145984,48744.662090014775,Transporte aéreo,46
075,Transporte aéreo,2014,4168.999999999999,30845.91520724791,1449820.6177796093,75390672.12453967,4168999999999.999,135.15565908773564,55298.61828414432,Transporte aéreo,46
075,Transporte aéreo,2015,4647.0,27312.77616847504,1315584.0238007894,68410369.23764104,4647000000000.0,170.14015606965876,67928.29876209919,Transporte aéreo,46
075,Transporte aéreo,2016,5016.0,29339.491749787452,1442486.045821929,75009274.3827403,5016000000000.0,170.96410676699395,66871.73074632736,Transporte aéreo,46
075,Transporte aéreo,2017,5309.0,29183.65025141231,1428209.3171728028,74266884.49298574,5309000000000.0,181.91692794643043,71485.42767404519,Transporte aéreo,46
075,Transporte aéreo,2018,5659.0,28697.19189163373,1341401.669643558,69752886.82146502,5659000000000.0,197.19699479201668,81129.2586998501,Transporte aéreo,46
075,Transporte aéreo,2019,5980.999999999999,34138.566224810995,1605048.7269167057,83462533.7996687,5980999999999.999,175.19775026911262,71660.89654498053,Transporte aéreo,46
075,Transporte aéreo,2021,4133.000000000001,24272.936972454765,1113489.8417124164,57901471.76904564,4133000000000.001,170.27193720686466,71379.87815725125,Transporte aéreo,46
075,Transporte aéreo,2022,6856.0,32760.587226397096,1556597.9567359462,80943093.7502692,6856000000000.0,209.27585798815366,84701.48202084503,Transporte aéreo,46
075,Transporte aéreo,2023,6922.000000000001,42944.71568675139,2036254.8728269583,105885253.38700183,6922000000000.001,161.18397547420403,65372.65368483999,Transporte aéreo,46
075,Transporte aéreo,2024,7227.0,48663.702721792484,2278107.6188092455,118461596.17808078,7227000000000.0,148.5090446429104,61007.11313340574,Transporte aéreo,46
075,Transporte aéreo,2025,7684.741303353824,44508.27842850064,1976809.9386495631,102794116.80977729,7684741303353.824,172.65869574575456,74758.57122810445,Transporte aéreo,46
076,Almacenamiento y actividades complementarias al transporte,2010,4917.000000000001,232541.99116839492,11320720.218894925,588677451.3825362,4917000000000.001,21.144568236019634,8352.621607048477,Almacenamiento y apoyo al transporte,47
076,Almacenamiento y actividades complementarias al transporte,2011,5663.000000000001,235985.40873954268,11412376.683913736,593443587.5635144,5663000000000.001,23.997246398612127,9542.608798336554,Almacenamiento y apoyo al transporte,47
076,Almacenamiento y actividades complementarias al transporte,2012,6055.0,256528.9490589957,11929403.60858303,620328987.6463176,6055000000000.0,23.60357387425889,9760.949626059191,Almacenamiento y apoyo al transporte,47
076,Almacenamiento y actividades complementarias al transporte,2013,6465.999999999999,261173.33472992372,12254309.667983381,637224102.7351358,6465999999999.999,24.75750446226225,10147.136576043189,Almacenamiento y apoyo al transporte,47
076,Almacenamiento y actividades complementarias al transporte,2014,6793.0,257274.52923271587,12241682.227199852,636567475.8143923,6793000000000.0,26.40370199202829,10671.296065368999,Almacenamiento y apoyo al transporte,47
076,Almacenamiento y actividades complementarias al transporte,2015,7055.0,244681.9245488609,11623020.285526423,604397054.847374,7055000000000.0,28.83335176069034,11672.790169008305,Almacenamiento y apoyo al transporte,47
076,Almacenamiento y actividades complementarias al transporte,2016,7065.0,247824.42970785897,11816689.907721354,614467875.2015104,7065000000000.0,28.508085374506383,11497.753235159906,Almacenamiento y apoyo al transporte,47
076,Almacenamiento y actividades complementarias al transporte,2017,7380.0,241200.85082779414,11556351.349322757,600930270.1647835,7380000000000.0,30.596906995444087,12280.95898377078,Almacenamiento y apoyo al transporte,47
076,Almacenamiento y actividades complementarias al transporte,2018,7645.0,239302.6990936051,11252037.292333238,585105939.2013283,7645000000000.0,31.946986093163954,13066.009909992457,Almacenamiento y apoyo al transporte,47
076,Almacenamiento y actividades complementarias al transporte,2019,8091.0,270972.6007785165,12928829.958119089,672299157.8221925,8091000000000.0,29.85910744021422,12034.820966025783,Almacenamiento y apoyo al transporte,47
076,Almacenamiento y actividades complementarias al transporte,2021,8147.0,255229.79328797976,11763633.605023196,611708947.4612062,8147000000000.0,31.920254665597025,13318.425427342097,Almacenamiento y apoyo al transporte,47
076,Almacenamiento y actividades complementarias al transporte,2022,9639.0,349170.42218877585,16453183.407048851,855565537.1665403,9639000000000.0,27.605431008668774,11266.232195282684,Almacenamiento y apoyo al transporte,47
076,Almacenamiento y actividades complementarias al transporte,2023,9054.0,362164.18879501993,16948462.397913568,881320044.6915056,9054000000000.0,24.99971084972303,10273.226002897998,Almacenamiento y apoyo al transporte,47
076,Almacenamiento y actividades complementarias al transporte,2024,9103.0,360105.85420959117,16612847.88298425,863868089.915181,9103000000000.0,25.27867818194872,10537.488427074299,Almacenamiento y apoyo al transporte,47
076,Almacenamiento y actividades complementarias al transporte,2025,9521.505769207131,395243.7241316897,18072925.54907881,939792128.5520982,9521505769207.13,24.090213677965192,10131.50193530196,Almacenamiento y apoyo al transporte,47
077,Actividades de correo y de servicios de mensajería,2010,741.0,35044.46114618275,1706051.1861299851,88714661.67875923,741000000000.0,21.144568236019634,8352.621607048479,Correo y mensajería,48
077,Actividades de correo y de servicios de mensajería,2011,786.0,32753.75794972285,1583988.7115585722,82367413.00104576,786000000000.0,23.997246398612127,9542.608798336554,Correo y mensajería,48
077,Actividades de correo y de servicios de mensajería,2012,822.0,34825.23470297183,1619483.0332378612,84213117.72836879,822000000000.0,23.603573874258892,9760.949626059191,Correo y mensajería,48
077,Actividades de correo y de servicios de mensajería,2013,864.0,34898.50931126726,1637445.6469436502,85147173.64106981,864000000000.0,24.75750446226225,10147.136576043189,Correo y mensajería,48
077,Actividades de correo y de servicios de mensajería,2014,909.9999999999999,34464.86406621101,1639913.2675919128,85275489.91477945,909999999999.9999,26.40370199202829,10671.296065369,Correo y mensajería,48
077,Actividades de correo y de servicios de mensajería,2015,902.0,31283.21700114423,1486033.210141011,77273726.92733257,902000000000.0,28.83335176069034,11672.790169008305,Correo y mensajería,48
077,Actividades de correo y de servicios de mensajería,2016,871.0,30552.735778562655,1456806.356634862,75753930.54501283,871000000000.0,28.508085374506383,11497.753235159904,Correo y mensajería,48
077,Actividades de correo y de servicios de mensajería,2017,866.9999999999998,28336.197515948166,1357636.3983553967,70597092.71448064,866999999999.9998,30.596906995444087,12280.95898377078,Correo y mensajería,48
077,Actividades de correo y de servicios de mensajería,2018,904.0,28296.87900335108,1330522.133717364,69187150.95330292,904000000000.0,31.946986093163954,13066.009909992457,Correo y mensajería,48
077,Actividades de correo y de servicios de mensajería,2019,963.9999999999999,32284.957007846977,1540401.937909628,80100900.77130066,963999999999.9999,29.85910744021422,12034.820966025782,Correo y mensajería,48
077,Actividades de correo y de servicios de mensajería,2021,1119.0,35056.11129118073,1615748.8651062916,84018940.98552716,1119000000000.0,31.920254665597017,13318.425427342097,Correo y mensajería,48
077,Actividades de correo y de servicios de mensajería,2022,1186.0,42962.56050585,2024429.4554165306,105270331.6816596,1186000000000.0,27.605431008668774,11266.232195282684,Correo y mensajería,48
077,Actividades de correo y de servicios de mensajería,2023,1100.0,44000.50891037353,2059123.993561401,107074447.66519284,1100000000000.0,24.99971084972303,10273.226002897998,Correo y mensajería,48
077,Actividades de correo y de servicios de mensajería,2024,1171.0,46323.62465993972,2137058.64780562,111127049.68589224,1171000000000.0,25.27867818194872,10537.488427074299,Correo y mensajería,48
077,Actividades de correo y de servicios de mensajería,2025,1224.568396863621,50832.608346006826,2324373.266447534,120867409.85527176,1224568396863.621,24.090213677965192,10131.501935301962,Correo y mensajería,48
078-080,Alojamiento y servicios de comida,2010,23796.0,863326.4591965569,40038891.22282215,2082022343.586752,23796000000000.0,27.56315382960164,11429.272156131638,Alojamiento y comida,49
078-080,Alojamiento y servicios de comida,2011,24756.0,914136.6225455772,42368050.39988361,2203138620.793948,24756000000000.0,27.081291121520195,11236.696486705247,Alojamiento y comida,49
078-080,Alojamiento y servicios de comida,2012,25686.0,1007364.3604454017,45490050.9632399,2365482650.0884748,25686000000000.0,25.49822190318809,10858.671907417829,Alojamiento y comida,49
078-080,Alojamiento y servicios de comida,2013,27318.000000000004,1085871.3508214953,48312320.63364804,2512240672.949698,27318000000000.004,25.15767634843031,10873.958173730669,Alojamiento y comida,49
078-080,Alojamiento y servicios de comida,2014,28679.0,1143580.465954698,50201926.06334931,2610500155.294164,28679000000000.0,25.07825278045288,10986.017350674438,Alojamiento y comida,49
078-080,Alojamiento y servicios de comida,2015,29860.0,1272254.789597796,54569673.698651865,2837623032.329897,29860000000000.0,23.470141550372773,10522.891751228402,Alojamiento y comida,49
078-080,Alojamiento y servicios de comida,2016,31065.0,1311593.7793163897,55749612.736965686,2898979862.322216,31065000000000.0,23.68492477616908,10715.838493308991,Alojamiento y comida,49
078-080,Alojamiento y servicios de comida,2017,31746.0,1255587.403223261,54332653.18280993,2825297965.5061164,31746000000000.0,25.283783445504284,11236.336976695875,Alojamiento y comida,49
078-080,Alojamiento y servicios de comida,2018,32589.0,1249165.667211511,54653669.060844555,2841990791.1639166,32589000000000.0,26.088613268364806,11466.961856921927,Alojamiento y comida,49
078-080,Alojamiento y servicios de comida,2019,33711.99999999999,1359924.6486790935,59136001.90360733,3075072098.9875813,33711999999999.992,24.78960877188655,10962.994985092913,Alojamiento y comida,49
078-080,Alojamiento y servicios de comida,2021,34499.0,1120390.0807817315,47391883.2415053,2464377928.5582757,34499000000000.0,30.79195415219042,13999.070353702933,Alojamiento y comida,49
078-080,Alojamiento y servicios de comida,2022,41050.0,1360637.649940014,58625372.38257941,3048519363.8941293,41050000000000.0,30.169678166563862,13465.55330636424,Alojamiento y comida,49
078-080,Alojamiento y servicios de comida,2023,39059.0,1527095.33622252,64971070.773041025,3378495680.1981335,39059000000000.0,25.577316015264508,11561.062584430882,Alojamiento y comida,49
078-080,Alojamiento y servicios de comida,2024,40444.0,1568946.9854121231,66110747.10594185,3437758849.508976,40444000000000.0,25.777798979852957,11764.64137552194,Alojamiento y comida,49
078-080,Alojamiento y servicios de comida,2025,40636.9681586291,1733839.7050460202,72853299.75740421,3788371587.385019,40636968158629.09,23.43755771676165,10726.764051854634,Alojamiento y comida,49
081-084,Información y comunicaciones,2010,18256.0,402662.02835911995,19963985.38842923,1038127240.19832,18256000000000.0,45.338270594807916,17585.51292470896,Información y comunicaciones,50
081-084,Información y comunicaciones,2011,20153.0,409538.14216138923,20201060.130789153,1050455126.801036,20153000000000.0,49.209091718881176,19185.017508907953,Información y comunicaciones,50
081-084,Información y comunicaciones,2012,20415.0,380792.1458251577,18426191.938359287,958161980.7946827,20415000000000.0,53.611925098301874,21306.418339692584,Información y comunicaciones,50
081-084,Información y comunicaciones,2013,22218.0,370259.3680682825,17972570.112041894,934573645.8261787,22218000000000.0,60.00658434630775,23773.40737054373,Información y comunicaciones,50
081-084,Información y comunicaciones,2014,23653.999999999996,370552.27032954025,17288507.93265875,899002412.4982551,23653999999999.996,63.83444899410271,26311.38656710324,Información y comunicaciones,50
081-084,Información y comunicaciones,2015,23961.0,338200.07860969775,16028108.197929539,833461626.2923361,23961000000000.0,70.8485938220386,28748.774081646436,Información y comunicaciones,50
081-084,Información y comunicaciones,2016,23804.0,289345.52941320656,13498997.077806404,701947848.045933,23804000000000.0,82.26842159363778,33911.35120118261,Información y comunicaciones,50
081-084,Información y comunicaciones,2017,23758.0,291393.4158963241,13427030.994078625,698205611.6920885,23758000000000.0,81.53238441205185,34027.225794451755,Información y comunicaciones,50
081-084,Información y comunicaciones,2018,24595.0,285920.42743049224,13215711.987138022,687217023.3311771,24595000000000.0,86.02043659849762,35789.27640758895,Información y comunicaciones,50
081-084,Información y comunicaciones,2019,24821.0,287226.7805251041,13383189.049760565,695925830.5875494,24821000000000.0,86.41603667534966,35666.157094707014,Información y comunicaciones,50
081-084,Información y comunicaciones,2021,27210.0,310193.32753567735,14505635.841439752,754293063.7548671,27210000000000.0,87.71948841120833,36073.512149970935,Información y comunicaciones,50
081-084,Información y comunicaciones,2022,30564.0,359790.87452721596,16840956.424313862,875729734.0643209,30564000000000.0,84.94934742345174,34901.1787668216,Información y comunicaciones,50
081-084,Información y comunicaciones,2023,31034.000000000004,382663.4118305091,17755654.94556381,923294057.1693182,31034000000000.004,81.09999294561696,33612.26010177691,Información y comunicaciones,50
081-084,Información y comunicaciones,2024,30969.0,388326.4723371959,17449579.45642205,907378131.7339467,30969000000000.0,79.74990685957836,34130.20318312063,Información y comunicaciones,50
081-084,Información y comunicaciones,2025,31286.88267426024,398052.6886598733,17674330.998138268,919065211.90319,31286882674260.24,78.59985264662826,34042.07043096725,Información y comunicaciones,50
085-088,Actividades financieras y de seguros,2010,22312.0,220834.9530420208,9983967.82182133,519166326.73470926,22312000000000.0,101.03473065585972,42976.59314757772,Financieras y seguros,51
085-088,Actividades financieras y de seguros,2011,24754.0,215059.7265371115,9698753.50135436,504335182.0704267,24754000000000.0,115.10290838079513,49082.437394865876,Financieras y seguros,51
085-088,Actividades financieras y de seguros,2012,26626.0,233934.47688171628,10613882.52972589,551921891.5457463,26626000000000.0,113.8181953977773,48242.3335762776,Financieras y seguros,51
085-088,Actividades financieras y de seguros,2013,29160.000000000004,257989.93427983735,11617209.42813478,604094890.2630086,29160000000000.004,113.02766552268137,48270.56224114796,Financieras y seguros,51
085-088,Actividades financieras y de seguros,2014,32139.0,254497.70455383335,11408103.738878587,593221394.4216865,32139000000000.0,126.28404667281275,54177.07503845395,Financieras y seguros,51
085-088,Actividades financieras y de seguros,2015,34696.0,272999.8248966723,12334662.780965958,641402464.6102298,34696000000000.0,127.09165660868864,54093.961146663525,Financieras y seguros,51
085-088,Actividades financieras y de seguros,2016,35726.0,280941.92670837964,12725111.401045987,661705792.8543913,35726000000000.0,127.16507079800846,53990.76203623552,Financieras y seguros,51
085-088,Actividades financieras y de seguros,2017,37651.0,257062.3277797193,11585918.114961378,602467741.9779917,37651000000000.0,146.46642440841714,62494.63228750827,Financieras y seguros,51
085-088,Actividades financieras y de seguros,2018,39057.0,250553.43958245736,11325582.439573867,588930286.857841,39057000000000.0,155.88291290308274,66318.54545702414,Financieras y seguros,51
085-088,Actividades financieras y de seguros,2019,41505.00000000001,282806.7849171858,12870607.097923677,669271569.0920312,41505000000000.01,146.760976799598,62015.184742283105,Financieras y seguros,51
085-088,Actividades financieras y de seguros,2021,44003.0,306701.05251112086,14141201.743500078,735342490.662004,44003000000000.0,143.47195629008957,59840.14327852262,Financieras y seguros,51
085-088,Actividades financieras y de seguros,2022,46940.00000000001,398280.92024183273,18386746.33476671,956110809.4078687,46940000000000.01,117.85651185976583,49094.72786848894,Financieras y seguros,51
085-088,Actividades financieras y de seguros,2023,51135.0,398854.5324834046,18440259.14222241,958893475.3955653,51135000000000.0,128.20463561393177,53327.09139449056,Financieras y seguros,51
085-088,Actividades financieras y de seguros,2024,51684.00000000001,398161.45383580204,17941443.82122553,932955078.7037275,51684000000000.01,129.8066387443773,55398.16565639058,Financieras y seguros,51
085-088,Actividades financieras y de seguros,2025,53112.34172668485,426553.9778314568,18849604.10033033,980179413.2171772,53112341726684.85,124.5149371169878,54186.34691822161,Financieras y seguros,51
089,Actividades inmobiliarias,2010,59932.0,214047.2855106472,10940366.729916891,568899069.9556783,59932000000000.0,279.99420715390875,105347.33341130118,Inmobiliarias,52
089,Actividades inmobiliarias,2011,61628.0,233150.699929674,12211214.165570995,634983136.6096917,61628000000000.0,264.32689251453695,97054.54593494377,Inmobiliarias,52
089,Actividades inmobiliarias,2012,63579.0,266075.0932555178,13712819.955932118,713066637.7084701,63579000000000.0,238.95133972176677,89162.77475036438,Inmobiliarias,52
089,Actividades inmobiliarias,2013,65625.0,286498.7777829726,14785887.349057373,768866142.1509833,65625000000000.0,229.05856879330906,85352.95860005905,Inmobiliarias,52
089,Actividades inmobiliarias,2014,67664.00000000001,318304.4186937912,16138780.187441135,839216569.7469391,67664000000000.016,212.57637665750653,80627.57867186025,Inmobiliarias,52
089,Actividades inmobiliarias,2015,69825.0,225334.55674141136,11519366.147391748,599007039.6643709,69825000000000.0,309.8725779558505,116567.9121886841,Inmobiliarias,52
089,Actividades inmobiliarias,2016,72289.0,225742.42549660112,11553347.741371566,600774082.5513215,72289000000000.0,320.22779874440755,120326.42901805716,Inmobiliarias,52
089,Actividades inmobiliarias,2017,74495.0,240339.78011003227,12222099.559089214,635549177.0726391,74495000000000.0,309.9570115521231,117213.58895172593,Inmobiliarias,52
089,Actividades inmobiliarias,2018,77449.0,249543.04435480476,12518348.648888705,650954129.7422127,77449000000000.0,310.3632890279307,118977.66134561729,Inmobiliarias,52
089,Actividades inmobiliarias,2019,79963.99999999999,253032.18750207868,12509076.985952308,650472003.26952,79963999999999.98,316.0230356042868,122932.27010243402,Inmobiliarias,52
089,Actividades inmobiliarias,2021,83143.0,149585.37086647484,6934301.836973206,360583695.52260673,83143000000000.0,555.8230695849019,230578.92254251236,Inmobiliarias,52
089,Actividades inmobiliarias,2022,84843.0,207145.74356635413,9885294.350800514,514035306.24162674,84843000000000.0,409.5811892597378,165052.86498768008,Inmobiliarias,52
089,Actividades inmobiliarias,2023,86413.0,261865.00296722958,12444647.473432647,647121668.6184976,86413000000000.0,329.99064029496884,133534.394211336,Inmobiliarias,52
089,Actividades inmobiliarias,2024,88322.0,294037.99961779255,13817886.573843107,718530101.8398416,88322000000000.0,300.3761422496616,122920.38952000195,Inmobiliarias,52
089,Actividades inmobiliarias,2025,90073.80494244305,316513.85220982396,14490046.618616177,753482424.1680412,90073804942443.05,284.58092533255433,119543.33910561772,Inmobiliarias,52
090-093,"Actividades profesionales, científicas y técnicas",2010,21757.0,286953.4848763071,12533764.31808543,651755744.5404423,21757000000000.0,75.82065089531315,33382.13768309939,"Profesionales, científicas y técnicas",53
090-093,"Actividades profesionales, científicas y técnicas",2011,23283.0,292833.5745270486,12785254.9364844,664833256.6971887,23283000000000.0,79.50932551912479,35020.81125674598,"Profesionales, científicas y técnicas",53
090-093,"Actividades profesionales, científicas y técnicas",2012,24399.0,291401.98231987556,12508525.072862156,650443303.7888322,24399000000000.0,83.72969808152133,37511.34012430572,"Profesionales, científicas y técnicas",53
090-093,"Actividades profesionales, científicas y técnicas",2013,25690.0,319786.1062211556,13902959.792331144,722953909.2012196,25690000000000.0,80.33494732955495,35534.76877714719,"Profesionales, científicas y técnicas",53
090-093,"Actividades profesionales, científicas y técnicas",2014,27555.0,328506.036695819,14308709.361985695,744052886.8232561,27555000000000.0,83.87973711884821,37033.65780575954,"Profesionales, científicas y técnicas",53
090-093,"Actividades profesionales, científicas y técnicas",2015,27056.999999999996,337166.61338928045,14456703.248259652,751748568.9095019,27056999999999.996,80.2481589977622,35992.08714058385,"Profesionales, científicas y técnicas",53
090-093,"Actividades profesionales, científicas y técnicas",2016,26368.999999999996,325361.51848213864,14204431.421717258,738630433.9292974,26368999999999.996,81.045232770659,35699.855826038256,"Profesionales, científicas y técnicas",53
090-093,"Actividades profesionales, científicas y técnicas",2017,26193.0,333299.33403246437,14372514.239287619,747370740.4429561,26193000000000.0,78.58701571077464,35046.86306621501,"Profesionales, científicas y técnicas",53
090-093,"Actividades profesionales, científicas y técnicas",2018,27282.0,342936.9335254933,14683377.588606864,763535634.6075569,27282000000000.0,79.55398597500991,35731.14176134351,"Profesionales, científicas y técnicas",53
090-093,"Actividades profesionales, científicas y técnicas",2019,28160.0,396368.11647667014,16782773.874828413,872704241.4910774,28160000000000.0,71.0450685345613,32267.518205121396,"Profesionales, científicas y técnicas",53
090-093,"Actividades profesionales, científicas y técnicas",2021,28986.0,420977.06706113607,18708940.714789785,972864917.1690687,28986000000000.0,68.85410695255409,29794.47556228681,"Profesionales, científicas y técnicas",53
090-093,"Actividades profesionales, científicas y técnicas",2022,30867.0,497404.7430175146,21844587.01204872,1135918524.6265335,30867000000000.0,62.0561030695944,27173.6038552135,"Profesionales, científicas y técnicas",53
090-093,"Actividades profesionales, científicas y técnicas",2023,31407.0,552767.8009192438,24155197.333648063,1256070261.3496993,31407000000000.0,56.8177088965216,25004.174500757534,"Profesionales, científicas y técnicas",53
090-093,"Actividades profesionales, científicas y técnicas",2024,30896.0,583471.7176533118,25047618.250783287,1302476149.040731,30896000000000.0,52.95200960941493,23720.971798796312,"Profesionales, científicas y técnicas",53
090-093,"Actividades profesionales, científicas y técnicas",2025,31191.24967170415,570643.7187215897,23820619.718881283,1238672225.3818269,31191249671704.15,54.65976168384321,25181.197279279666,"Profesionales, científicas y técnicas",53
094-097,Actividades de servicios administrativos y de apoyo,2010,23600.0,514524.9857557886,21062693.82661217,1095260078.9838328,23600000000000.0,45.867549008011395,21547.39358518002,Servicios administrativos y de apoyo,54
094-097,Actividades de servicios administrativos y de apoyo,2011,25288.0,563067.711630407,22543449.35141346,1172259366.2735,25288000000000.0,44.911117220301264,21572.017872109758,Servicios administrativos y de apoyo,54
094-097,Actividades de servicios administrativos y de apoyo,2012,26511.0,588180.9170866689,23979243.493210297,1246920661.6469355,26511000000000.0,45.07286657872579,21261.176284451183,Servicios administrativos y de apoyo,54
094-097,Actividades de servicios administrativos y de apoyo,2013,27907.000000000004,609698.5415393922,24824285.096124455,1290862824.9984717,27907000000000.004,45.77180048608818,21618.87340743045,Servicios administrativos y de apoyo,54
094-097,Actividades de servicios administrativos y de apoyo,2014,29948.999999999996,608609.060524785,24281927.370838553,1262660223.2836046,29948999999999.996,49.20892892093307,23718.970034643426,Servicios administrativos y de apoyo,54
094-097,Actividades de servicios administrativos y de apoyo,2015,30335.0,662547.4639038914,26544387.029399227,1380308125.5287597,30335000000000.0,45.78539901316469,21976.977052409555,Servicios administrativos y de apoyo,54
094-097,Actividades de servicios administrativos y de apoyo,2016,29626.0,705222.9856097751,27963638.77021798,1454109216.051335,29626000000000.0,42.00940781075607,20373.98544275102,Servicios administrativos y de apoyo,54
094-097,Actividades de servicios administrativos y de apoyo,2017,30610.0,715583.7872728523,28521623.614146512,1483124427.9356186,30610000000000.0,42.776262604631086,20638.861732327125,Servicios administrativos y de apoyo,54
094-097,Actividades de servicios administrativos y de apoyo,2018,31777.0,719280.7527150987,28750692.571592834,1495036013.7228274,31777000000000.0,44.178854890875435,21255.006373305536,Servicios administrativos y de apoyo,54
094-097,Actividades de servicios administrativos y de apoyo,2019,32934.00000000001,732092.863504516,29148187.74722288,1515705762.8555899,32934000000000.008,44.98609622056076,21728.491642040306,Servicios administrativos y de apoyo,54
094-097,Actividades de servicios administrativos y de apoyo,2021,34171.99999999999,910715.3112125889,39160467.5626815,2036344313.2594383,34171999999999.992,37.52215382708461,16781.052092955335,Servicios administrativos y de apoyo,54
094-097,Actividades de servicios administrativos y de apoyo,2022,37248.0,1033633.4015541872,42520258.40503081,2211053437.061602,37248000000000.0,36.03598717300866,16846.268559434295,Servicios administrativos y de apoyo,54
094-097,Actividades de servicios administrativos y de apoyo,2023,38012.0,1069394.4052735325,42533821.02775623,2211758693.443324,38012000000000.0,35.54535147420861,17186.323314873884,Servicios administrativos y de apoyo,54
094-097,Actividades de servicios administrativos y de apoyo,2024,38229.00000000001,1013681.8874094306,39778437.49710874,2068478749.8496547,38229000000000.01,37.71301477793807,18481.698205881323,Servicios administrativos y de apoyo,54
094-097,Actividades de servicios administrativos y de apoyo,2025,38843.95535022218,1080240.2302210107,41521198.4864523,2159102321.2955194,38843955350222.18,35.95862685309816,17990.789490196446,Servicios administrativos y de apoyo,54
"098,099",Administración pública y defensa; planes de seguridad social de afiliación obligatoria,2010,31284.0,498847.21863817185,25407982.810015645,1321215106.1208136,31284000000000.0,62.71258780474665,23678.203386466088,Administración pública y defensa,55
"098,099",Administración pública y defensa; planes de seguridad social de afiliación obligatoria,2011,34831.0,497581.88134934293,25067567.78520854,1303513524.830844,34831000000000.0,70.00053921888245,26720.858154900998,Administración pública y defensa,55
"098,099",Administración pública y defensa; planes de seguridad social de afiliación obligatoria,2012,37542.99999999999,511574.0320144258,25909181.91368236,1347277459.5114827,37542999999999.99,73.38722775307197,27865.8265489077,Administración pública y defensa,55
"098,099",Administración pública y defensa; planes de seguridad social de afiliación obligatoria,2013,39212.0,528713.4709037251,26538079.81010831,1379980150.1256323,39212000000000.0,74.16493461567242,28414.901472626378,Administración pública y defensa,55
"098,099",Administración pública y defensa; planes de seguridad social de afiliación obligatoria,2014,43522.0,602689.4970201171,29956477.011112463,1557736804.577848,43522000000000.0,72.21297237663208,27939.251272807032,Administración pública y defensa,55
"098,099",Administración pública y defensa; planes de seguridad social de afiliación obligatoria,2015,45796.999999999985,564714.8573628546,27979457.82700313,1454931807.0041628,45796999999999.984,81.09756526305337,31477.076643406526,Administración pública y defensa,55
"098,099",Administración pública y defensa; planes de seguridad social de afiliación obligatoria,2016,47413.0,587208.1301116268,28798447.17804452,1497519253.258315,47413000000000.0,80.74309187610687,31661.028662461864,Administración pública y defensa,55
"098,099",Administración pública y defensa; planes de seguridad social de afiliación obligatoria,2017,49286.00000000001,547378.1720210747,27086864.47353098,1408516952.623611,49286000000000.01,90.0401267701673,34991.414131151316,Administración pública y defensa,55
"098,099",Administración pública y defensa; planes de seguridad social de afiliación obligatoria,2018,52156.99999999999,596458.5618948449,29192207.838468395,1517994807.6003566,52156999999999.99,87.44446526898079,34359.14256021052,Administración pública y defensa,55
"098,099",Administración pública y defensa; planes de seguridad social de afiliación obligatoria,2019,54352.0,617315.8379195145,29868741.95333927,1553174581.573642,54352000000000.0,88.0456917858738,34994.134365070386,Administración pública y defensa,55
"098,099",Administración pública y defensa; planes de seguridad social de afiliación obligatoria,2021,56352.0,590209.4141377328,28629623.33811564,1488740413.5820134,56352000000000.0,95.47797552895277,37852.13290771972,Administración pública y defensa,55
"098,099",Administración pública y defensa; planes de seguridad social de afiliación obligatoria,2022,56962.0,706399.2766273022,34315920.757324696,1784427879.3808842,56962000000000.0,80.63711541716835,31921.71600668066,Administración pública y defensa,55
"098,099",Administración pública y defensa; planes de seguridad social de afiliación obligatoria,2023,59065.99999999999,732266.8495087179,34620547.425709076,1800268466.136872,59065999999999.99,80.66185167282626,32809.550970332486,Administración pública y defensa,55
"098,099",Administración pública y defensa; planes de seguridad social de afiliación obligatoria,2024,60719.000000000015,723042.9500887416,34061382.03631806,1771191865.8885388,60719000000000.016,83.97703067645948,34281.43566453182,Administración pública y defensa,55
"098,099",Administración pública y defensa; planes de seguridad social de afiliación obligatoria,2025,62723.72487733989,812268.4920920301,37513216.41112062,1950687253.3782725,62723724877339.89,77.22043325328602,32154.68023831735,Administración pública y defensa,55
100,Educación de mercado,2010,15572.999999999998,374492.05432395183,14022577.701235736,729174040.4642582,15572999999999.998,41.58432687741,21357.041166858897,Educación de mercado,56
100,Educación de mercado,2011,16056.0,391715.0484619619,14383705.436675116,747952682.707106,16056000000000.0,40.988979267052954,21466.598584669344,Educación de mercado,56
100,Educación de mercado,2012,16568.0,392066.0284994973,14370402.542463673,747260932.2081109,16568000000000.0,42.258188151134966,22171.639498190492,Educación de mercado,56
100,Educación de mercado,2013,17287.000000000004,408860.29791187256,15081522.818614027,784239186.5679294,17287000000000.004,42.28094556572992,22043.019905257737,Educación de mercado,56
100,Educación de mercado,2014,17925.0,406082.2546475691,15199033.375208812,790349735.5108582,17925000000000.0,44.14130338090435,22679.832983576343,Educación de mercado,56
100,Educación de mercado,2015,18575.0,421480.05573590874,15891265.723226523,826345817.6077791,18575000000000.0,44.07088721569008,22478.48249994596,Educación de mercado,56
100,Educación de mercado,2016,19120.0,428617.221137094,15983977.803524598,831166845.7832791,19120000000000.0,44.608566938294885,23003.80494842958,Educación de mercado,56
100,Educación de mercado,2017,19421.0,410091.1191989272,15451347.073398856,803470047.8167405,19421000000000.0,47.357767800329405,24171.405085693546,Educación de mercado,56
100,Educación de mercado,2018,19733.0,398545.6452984826,15114052.70041961,785930740.4218198,19733000000000.0,49.51252192260531,25107.81037704293,Educación de mercado,56
100,Educación de mercado,2019,20156.999999999996,430034.93356743123,16426295.092770876,854167344.8240855,20156999999999.996,46.872936188658024,23598.420288651167,Educación de mercado,56
100,Educación de mercado,2021,20074.0,314194.7448234751,13077355.567962712,680022489.534061,20074000000000.0,63.89031112305278,29519.61193776744,Educación de mercado,56
100,Educación de mercado,2022,21243.0,405549.47006759373,16414786.097649325,853568877.0777649,21243000000000.0,52.38078599007758,24887.271045690486,Educación de mercado,56
100,Educación de mercado,2023,21849.0,418652.474850993,16784463.5056931,872792102.2960413,21849000000000.0,52.18887099085347,25033.452917965413,Educación de mercado,56
100,Educación de mercado,2024,21809.0,411761.1405162021,16392590.745856008,852414718.7845124,21809000000000.0,52.965172897712655,25584.96412532412,Educación de mercado,56
100,Educación de mercado,2025,22071.952627494335,420971.6401107999,16443900.972153053,855082850.5519588,22071952627494.336,52.43097283628177,25812.647994573646,Educación de mercado,56
101,Educación de no mercado,2010,15506.0,372880.8703748281,13962248.111177122,726036901.7812104,15506000000000.0,41.58432687741,21357.041166858897,Educación de no mercado,57
101,Educación de no mercado,2011,15808.999999999998,385689.0384364197,14162431.442974396,736446435.0346686,15808999999999.998,40.988979267052954,21466.59858466934,Educación de no mercado,57
101,Educación de no mercado,2012,16514.0,390788.1696427268,14323565.160927396,744825388.3682245,16514000000000.0,42.25818815113497,22171.639498190492,Educación de no mercado,57
101,Educación de no mercado,2013,17135.0,405265.29789552465,14948914.993749712,777343579.674985,17135000000000.0,42.28094556572992,22043.019905257737,Educación de no mercado,57
101,Educación de no mercado,2014,17207.0,389816.30994257855,14590224.11644173,758691654.0549699,17207000000000.0,44.14130338090435,22679.832983576343,Educación de no mercado,57
101,Educación de no mercado,2015,18285.0,414899.7480016739,15643165.208570497,813444590.8456658,18285000000000.0,44.07088721569007,22478.48249994596,Educación de no mercado,57
101,Educación de no mercado,2016,19348.0,433728.34699584177,16174581.72293901,841078249.5928286,19348000000000.0,44.608566938294885,23003.80494842958,Educación de no mercado,57
101,Educación de no mercado,2017,19625.0,414398.7546613947,15613649.46786739,811909772.3291043,19625000000000.0,47.357767800329405,24171.405085693546,Educación de no mercado,57
101,Educación de no mercado,2018,20535.0,414743.5679422461,15728326.77256964,817872992.1736213,20535000000000.0,49.5125219226053,25107.81037704293,Educación de no mercado,57
101,Educación de no mercado,2019,22107.0,471636.7652118472,18015384.51237217,936799994.6433527,22107000000000.0,46.872936188658024,23598.420288651167,Educación de no mercado,57
101,Educación de no mercado,2021,26567.999999999993,415837.69953522383,17307919.833099194,900011831.3211579,26567999999999.992,63.89031112305278,29519.611937767444,Educación de no mercado,57
101,Educación de no mercado,2022,26276.000000000004,501634.32074076607,20303861.01312591,1055800772.6825473,26276000000000.004,52.380785990077584,24887.271045690486,Educación de no mercado,57
101,Educación de no mercado,2023,26944.999999999996,516297.8138523505,20699225.097757358,1076359705.0833828,26944999999999.996,52.18887099085346,25033.45291796541,Educación de no mercado,57
101,Educación de no mercado,2024,27878.999999999996,526364.7501697096,20955066.138003554,1089663439.176185,27878999999999.996,52.96517289771266,25584.964125324124,Educación de no mercado,57
101,Educación de no mercado,2025,30755.357684049945,586587.5840237606,22913154.293820012,1191484023.2786407,30755357684049.945,52.43097283628177,25812.647994573646,Educación de no mercado,57
"102,103",Actividades de atención de la salud humana y de servicios sociales,2010,23573.0,710052.6035476815,31263112.033173285,1625681825.7250109,23573000000000.0,33.198948757064905,14500.377396719108,Salud y servicios sociales,58
"102,103",Actividades de atención de la salud humana y de servicios sociales,2011,23797.0,744047.725292979,32352666.317573875,1682338648.5138416,23797000000000.0,31.983163433003714,14145.190102493332,Salud y servicios sociales,58
"102,103",Actividades de atención de la salud humana y de servicios sociales,2012,24817.000000000004,757339.7728895239,33526712.521565564,1743389051.1214094,24817000000000.004,32.7686474266553,14234.917893993215,Salud y servicios sociales,58
"102,103",Actividades de atención de la salud humana y de servicios sociales,2013,27055.0,794750.110188172,35282928.774832144,1834712296.2912717,27055000000000.0,34.04214690023034,14746.18121581764,Salud y servicios sociales,58
"102,103",Actividades de atención de la salud humana y de servicios sociales,2014,27757.999999999996,857096.2773747294,38266647.372518584,1989865663.3709664,27757999999999.996,32.3860932928355,13949.685403875996,Salud y servicios sociales,58
"102,103",Actividades de atención de la salud humana y de servicios sociales,2015,29419.999999999996,787664.7958798549,35623177.13843542,1852405211.198642,29419999999999.996,37.35091393431721,15882.05421909988,Salud y servicios sociales,58
"102,103",Actividades de atención de la salud humana y de servicios sociales,2016,30317.0,803685.6512129904,36006075.017419085,1872315900.9057927,30317000000000.0,37.722460210958126,16192.246183100395,Salud y servicios sociales,58
"102,103",Actividades de atención de la salud humana y de servicios sociales,2017,31891.0,810946.955556061,36243019.08922777,1884636992.6398442,31891000000000.0,39.32563009393451,16921.561088180548,Salud y servicios sociales,58
"102,103",Actividades de atención de la salud humana y de servicios sociales,2018,33503.0,811687.3496187353,36530025.22493121,1899561311.6964228,33503000000000.0,41.27574492289055,17637.23012977128,Salud y servicios sociales,58
"102,103",Actividades de atención de la salud humana y de servicios sociales,2019,35748.0,859567.1094135129,38614290.350749396,2007943098.2389684,35748000000000.0,41.588375833029545,17803.293345987822,Salud y servicios sociales,58
"102,103",Actividades de atención de la salud humana y de servicios sociales,2021,41054.0,800321.411668265,37057176.06732656,1926973155.500981,41054000000000.0,51.296890725968694,21304.915370928786,Salud y servicios sociales,58
"102,103",Actividades de atención de la salud humana y de servicios sociales,2022,41167.0,923756.4852473736,42731848.6193707,2222056128.2072763,41167000000000.0,44.564775086776095,18526.534715940303,Salud y servicios sociales,58
"102,103",Actividades de atención de la salud humana y de servicios sociales,2023,44934.00000000001,976356.9664621131,44798550.36026744,2329524618.7339067,44934000000000.01,46.02210210351753,19288.913986417356,Salud y servicios sociales,58
"102,103",Actividades de atención de la salud humana y de servicios sociales,2024,48605.00000000001,988794.8918173425,44509902.104458556,2314514909.4318447,48605000000000.01,49.15579601212046,21000.08075209648,Salud y servicios sociales,58
"102,103",Actividades de atención de la salud humana y de servicios sociales,2025,49788.63414168853,1013370.5095546737,45045432.24680933,2342362476.8340855,49788634141688.53,49.13171803624735,21255.734171844473,Salud y servicios sociales,58
104-108,"Actividades artísticas, de entretenimiento y recreación y otras actividades de servicios",2010,10994.0,796525.0974504132,31233425.961156026,1624138149.9801133,10994000000000.0,13.80245272269581,6769.128599149411,"Artes, entretenimiento y otros servicios",59
104-108,"Actividades artísticas, de entretenimiento y recreación y otras actividades de servicios",2011,11773.0,792121.6547757976,31364258.949448463,1630941465.37132,11773000000000.0,14.86261602497439,7218.530063750397,"Artes, entretenimiento y otros servicios",59
104-108,"Actividades artísticas, de entretenimiento y recreación y otras actividades de servicios",2012,12139.0,803339.1720981582,31229601.847207747,1623939296.054803,12139000000000.0,15.110678554732251,7475.033105911335,"Artes, entretenimiento y otros servicios",59
104-108,"Actividades artísticas, de entretenimiento y recreación y otras actividades de servicios",2013,13051.0,860910.7149077527,33239010.686579727,1728428555.702146,13051000000000.0,15.15952789761529,7550.78939013377,"Artes, entretenimiento y otros servicios",59
104-108,"Actividades artísticas, de entretenimiento y recreación y otras actividades de servicios",2014,13368.0,871996.0569233513,34262432.35198293,1781646482.3031123,13368000000000.0,15.330344551288553,7503.1720000475925,"Artes, entretenimiento y otros servicios",59
104-108,"Actividades artísticas, de entretenimiento y recreación y otras actividades de servicios",2015,13991.0,1058172.3752015494,41255247.079860404,2145272848.152741,13991000000000.0,13.221853384081346,6521.781139423556,"Artes, entretenimiento y otros servicios",59
104-108,"Actividades artísticas, de entretenimiento y recreación y otras actividades de servicios",2016,14842.999999999998,1079975.0715039466,42167036.23877854,2192685884.4164844,14842999999999.998,13.743835752921596,6769.323461007277,"Artes, entretenimiento y otros servicios",59
104-108,"Actividades artísticas, de entretenimiento y recreación y otras actividades de servicios",2017,15150.0,1090443.7010376868,43029143.10618445,2237515441.521591,15150000000000.0,13.893427038537592,6770.902993052621,"Artes, entretenimiento y otros servicios",59
104-108,"Actividades artísticas, de entretenimiento y recreación y otras actividades de servicios",2018,15476.0,1137285.867535175,44874196.06573681,2333458195.418314,15476000000000.0,13.607836377621517,6632.216523264369,"Artes, entretenimiento y otros servicios",59
104-108,"Actividades artísticas, de entretenimiento y recreación y otras actividades de servicios",2019,18057.0,1187013.697714601,47568829.79355449,2473579149.2648335,18057000000000.0,15.212124371240007,7299.948338166853,"Artes, entretenimiento y otros servicios",59
104-108,"Actividades artísticas, de entretenimiento y recreación y otras actividades de servicios",2021,23575.999999999996,917403.6113505107,36506574.27653839,1898341862.379996,23575999999999.996,25.698612593527667,12419.259390109117,"Artes, entretenimiento y otros servicios",59
104-108,"Actividades artísticas, de entretenimiento y recreación y otras actividades de servicios",2022,29915.0,1120444.4086594582,45073401.168597616,2343816860.767076,29915000000000.0,26.6992273501471,12763.36922937295,"Artes, entretenimiento y otros servicios",59
104-108,"Actividades artísticas, de entretenimiento y recreación y otras actividades de servicios",2023,33520.0,1192273.8856785547,47428927.34815307,2466304222.10396,33520000000000.0,28.11434553976067,13591.186237115828,"Artes, entretenimiento y otros servicios",59
104-108,"Actividades artísticas, de entretenimiento y recreación y otras actividades de servicios",2024,36403.0,1207229.3353039287,48115640.9701596,2502013330.448299,36403000000000.0,30.154171154924164,14549.4828332819,"Artes, entretenimiento y otros servicios",59
104-108,"Actividades artísticas, de entretenimiento y recreación y otras actividades de servicios",2025,40570.91580353411,1235100.1965294841,48881124.45547861,2541818471.6848874,40570915803534.11,32.84827896354853,15961.374211212255,"Artes, entretenimiento y otros servicios",59
109,Actividades de los hogares individuales en calidad de empleadores,2010,4276.0,672332.560084494,30859518.087324865,1604694940.540893,4276000000000.0,6.359947820261186,2664.6809259326837,Hogares como empleadores,60
109,Actividades de los hogares individuales en calidad de empleadores,2011,4423.000000000001,673838.8305464907,30656524.202031493,1594139258.5056376,4423000000000.001,6.563884121093021,2774.5380313550313,Hogares como empleadores,60
109,Actividades de los hogares individuales en calidad de empleadores,2012,4545.0,694543.8378288554,31011224.59930014,1612583679.1636071,4545000000000.0,6.543863399908166,2818.458389928229,Hogares como empleadores,60
109,Actividades de los hogares individuales en calidad de empleadores,2013,4668.0,665319.7496871307,28706201.455479052,1492722475.6849108,4668000000000.0,7.016175308481593,3127.1720470733626,Hogares como empleadores,60
109,Actividades de los hogares individuales en calidad de empleadores,2014,4844.0,667758.3570394486,28745559.063397292,1494769071.2966592,4844000000000.0,7.254121118717553,3240.63435149752,Hogares como empleadores,60
109,Actividades de los hogares individuales en calidad de empleadores,2015,4991.0,721864.1352709787,30312229.996268623,1576235959.8059683,4991000000000.0,6.914043455180719,3166.4040963856596,Hogares como empleadores,60
109,Actividades de los hogares individuales en calidad de empleadores,2016,5191.0,636905.0396277457,26833427.355182383,1395338222.4694839,5191000000000.0,8.15035158621763,3720.2449674265463,Hogares como empleadores,60
109,Actividades de los hogares individuales en calidad de empleadores,2017,5306.0,621886.9471235409,26180245.310503636,1361372756.146189,5306000000000.0,8.53209739252806,3897.5364947219664,Hogares como empleadores,60
109,Actividades de los hogares individuales en calidad de empleadores,2018,5449.0,612092.5807872534,25762091.27059535,1339628746.0709581,5449000000000.0,8.90224807657638,4067.544844779984,Hogares como empleadores,60
109,Actividades de los hogares individuales en calidad de empleadores,2019,5608.0,674776.2515007491,27581090.41968606,1434216701.8236752,5608000000000.0,8.31090304012244,3910.148301068562,Hogares como empleadores,60
109,Actividades de los hogares individuales en calidad de empleadores,2021,4542.0,495820.52917267877,20527942.711577278,1067453021.0020185,4542000000000.0,9.160572692661066,4254.988192113994,Hogares como empleadores,60
109,Actividades de los hogares individuales en calidad de empleadores,2022,6090.0,658607.990417401,27194752.05448866,1414127106.8334103,6090000000000.0,9.246775150936733,4306.5435706391745,Hogares como empleadores,60
109,Actividades de los hogares individuales en calidad de empleadores,2023,6238.000000000002,668243.1400616989,27422795.00917329,1425985340.477011,6238000000000.002,9.334925607203461,4374.519024096916,Hogares como empleadores,60
109,Actividades de los hogares individuales en calidad de empleadores,2024,6616.0,700543.4605649099,28513557.672845487,1482704998.9879653,6616000000000.0,9.444096437164566,4462.114853943175,Hogares como empleadores,60
109,Actividades de los hogares individuales en calidad de empleadores,2025,6724.33785508047,715904.3419566725,29001000.43591156,1508052022.667401,6724337855080.47,9.392788199470699,4458.956159341668,Hogares como empleadores,60
