anio,rama_ptf,sexo,grupo_edad,grupo_educ,horas_pond,ingreso_pond,n
2008,A-B_AgriculturaPesca,Hombre,15-29,1_Bajo,9123648.498064926,13396536585.267933,1579
2008,A-B_AgriculturaPesca,Hombre,15-29,2_Medio,5636776.009719905,10183726577.982868,975
2008,A-B_AgriculturaPesca,Hombre,15-29,3_Alto,326943.07662359637,1091739037.222094,74
2008,A-B_AgriculturaPesca,Hombre,30-49,1_Bajo,20939675.304443885,39341444448.333305,3602
2008,A-B_AgriculturaPesca,Hombre,30-49,2_Medio,5075556.492334669,11871504234.152235,980
2008,A-B_AgriculturaPesca,Hombre,30-49,3_Alto,535154.9996189828,4776120524.055167,164
2008,A-B_AgriculturaPesca,Hombre,50+,1_Bajo,14826226.030369394,28188370580.43942,2826
2008,A-B_AgriculturaPesca,Hombre,50+,2_Medio,1263752.1617526384,4404371431.892748,304
2008,A-B_AgriculturaPesca,Hombre,50+,3_Alto,398717.55020852835,3713813101.2131596,124
2008,A-B_AgriculturaPesca,Mujer,15-29,1_Bajo,641660.3768681488,978867501.7429069,138
2008,A-B_AgriculturaPesca,Mujer,15-29,2_Medio,600456.542179956,1111587334.9213712,141
2008,A-B_AgriculturaPesca,Mujer,15-29,3_Alto,151592.776990971,477807423.52371913,48
2008,A-B_AgriculturaPesca,Mujer,30-49,1_Bajo,1693560.950431637,3020167018.9386954,363
2008,A-B_AgriculturaPesca,Mujer,30-49,2_Medio,808528.8815592066,2111449829.93248,174
2008,A-B_AgriculturaPesca,Mujer,30-49,3_Alto,225420.41058968645,1777224334.2833464,81
2008,A-B_AgriculturaPesca,Mujer,50+,1_Bajo,882594.4609439316,2039684624.3688147,274
2008,A-B_AgriculturaPesca,Mujer,50+,2_Medio,88407.18354196339,333294792.1832409,37
2008,A-B_AgriculturaPesca,Mujer,50+,3_Alto,33681.914656730114,308777148.1092645,19
2008,C_Mineria,Hombre,15-29,1_Bajo,527070.3306201879,1261495656.134941,68
2008,C_Mineria,Hombre,15-29,2_Medio,756982.3284535862,1775737318.3212123,104
2008,C_Mineria,Hombre,15-29,3_Alto,340637.08705103333,1727286089.0412002,66
2008,C_Mineria,Hombre,30-49,1_Bajo,1192574.9678623562,3628394215.5039544,180
2008,C_Mineria,Hombre,30-49,2_Medio,610764.7283934156,2647867799.9603,159
2008,C_Mineria,Hombre,30-49,3_Alto,224730.23344566888,3498328824.142487,97
2008,C_Mineria,Hombre,50+,1_Bajo,333269.3449779416,698050236.0476114,77
2008,C_Mineria,Hombre,50+,2_Medio,62360.055814134415,368196485.2414837,32
2008,C_Mineria,Hombre,50+,3_Alto,96147.13550142205,2363549924.839448,34
2008,C_Mineria,Mujer,15-29,1_Bajo,75886.46827886655,111250874.42856789,13
2008,C_Mineria,Mujer,15-29,2_Medio,35816.769711166184,62905049.63483369,10
2008,C_Mineria,Mujer,15-29,3_Alto,42512.770874331654,166833983.95237938,18
2008,C_Mineria,Mujer,30-49,1_Bajo,140863.89720626263,202040520.83403638,33
2008,C_Mineria,Mujer,30-49,2_Medio,27570.77791303876,53730322.587211445,17
2008,C_Mineria,Mujer,30-49,3_Alto,78116.1141729586,1114999377.7025168,22
2008,C_Mineria,Mujer,50+,1_Bajo,74603.05580881517,70066785.23219591,18
2008,C_Mineria,Mujer,50+,2_Medio,10398.761486432915,50301283.06040916,6
2008,C_Mineria,Mujer,50+,3_Alto,2936.39767256475,19763396.74292524,2
2008,D_Manufactura,Hombre,15-29,1_Bajo,1348523.6944255172,2662304722.5714436,494
2008,D_Manufactura,Hombre,15-29,2_Medio,7063044.684158677,17268496927.002518,2470
2008,D_Manufactura,Hombre,15-29,3_Alto,2117099.3662049607,8434604890.121859,746
2008,D_Manufactura,Hombre,30-49,1_Bajo,3798907.599240636,9917560652.594412,1308
2008,D_Manufactura,Hombre,30-49,2_Medio,7643468.820137043,26554546306.027008,2789
2008,D_Manufactura,Hombre,30-49,3_Alto,2889526.1140013873,25611113570.74865,965
2008,D_Manufactura,Hombre,50+,1_Bajo,2733708.9360252437,5920832987.399156,1050
2008,D_Manufactura,Hombre,50+,2_Medio,1903595.1005761612,7917987708.859343,807
2008,D_Manufactura,Hombre,50+,3_Alto,805781.8742367096,9348453917.970713,268
2008,D_Manufactura,Mujer,15-29,1_Bajo,434065.9143335923,661772953.034692,190
2008,D_Manufactura,Mujer,15-29,2_Medio,3476238.7200451107,6839444702.321055,1287
2008,D_Manufactura,Mujer,15-29,3_Alto,1951234.1087317143,7885949145.55536,733
2008,D_Manufactura,Mujer,30-49,1_Bajo,2374507.9714454836,3913923888.5837064,1063
2008,D_Manufactura,Mujer,30-49,2_Medio,5618509.977719212,13126895168.338236,2393
2008,D_Manufactura,Mujer,30-49,3_Alto,1940983.5531830345,12508998638.378784,815
2008,D_Manufactura,Mujer,50+,1_Bajo,1880993.871490263,2746091401.799445,1156
2008,D_Manufactura,Mujer,50+,2_Medio,1068692.1862032576,2826279919.066524,740
2008,D_Manufactura,Mujer,50+,3_Alto,380353.81564764504,2541439381.268116,167
2008,E_ElectricidadGasAgua,Hombre,15-29,1_Bajo,59254.79362192343,127645989.73183239,25
2008,E_ElectricidadGasAgua,Hombre,15-29,2_Medio,150514.68748400372,379052712.5572269,101
2008,E_ElectricidadGasAgua,Hombre,15-29,3_Alto,152805.92241847396,702293624.8405524,105
2008,E_ElectricidadGasAgua,Hombre,30-49,1_Bajo,208906.52270733047,555742678.5834543,79
2008,E_ElectricidadGasAgua,Hombre,30-49,2_Medio,495985.91743227415,1686752617.7568285,235
2008,E_ElectricidadGasAgua,Hombre,30-49,3_Alto,347193.12869423,3657205262.141734,185
2008,E_ElectricidadGasAgua,Hombre,50+,1_Bajo,153920.13603972175,378840926.42163014,47
2008,E_ElectricidadGasAgua,Hombre,50+,2_Medio,123328.9310244294,744424445.9363388,53
2008,E_ElectricidadGasAgua,Hombre,50+,3_Alto,48731.01129138083,1144200751.0943844,34
2008,E_ElectricidadGasAgua,Mujer,15-29,1_Bajo,5211.855295117731,10834038.425881999,3
2008,E_ElectricidadGasAgua,Mujer,15-29,2_Medio,35796.16175017385,89532147.18703184,27
2008,E_ElectricidadGasAgua,Mujer,15-29,3_Alto,113972.6731277579,487665047.7759484,83
2008,E_ElectricidadGasAgua,Mujer,30-49,1_Bajo,22645.5640412532,47419864.91771872,18
2008,E_ElectricidadGasAgua,Mujer,30-49,2_Medio,98582.39570765154,277605984.1111976,39
2008,E_ElectricidadGasAgua,Mujer,30-49,3_Alto,172315.18762733354,1365939719.0754385,106
2008,E_ElectricidadGasAgua,Mujer,50+,1_Bajo,24877.047668038045,46994868.536002524,8
2008,E_ElectricidadGasAgua,Mujer,50+,2_Medio,9999.038908553224,33423046.952217825,8
2008,E_ElectricidadGasAgua,Mujer,50+,3_Alto,12838.99094419199,138181393.38299462,8
2008,F_Construccion,Hombre,15-29,1_Bajo,1469418.696689138,2859872271.392245,668
2008,F_Construccion,Hombre,15-29,2_Medio,3948279.9162428323,8498756723.620677,1656
2008,F_Construccion,Hombre,15-29,3_Alto,482904.7642985474,1825766597.6518111,208
2008,F_Construccion,Hombre,30-49,1_Bajo,4854965.671604769,11276389045.86543,2040
2008,F_Construccion,Hombre,30-49,2_Medio,4766167.687003049,13002166981.059668,1963
2008,F_Construccion,Hombre,30-49,3_Alto,632984.9079107954,5065002605.07442,374
2008,F_Construccion,Hombre,50+,1_Bajo,2633094.105855169,5575078221.726136,1271
2008,F_Construccion,Hombre,50+,2_Medio,990197.744844616,3193864681.875128,466
2008,F_Construccion,Hombre,50+,3_Alto,267839.5385274183,3164340325.4797945,139
2008,F_Construccion,Mujer,15-29,1_Bajo,7035.28629020449,18080796.387546696,6
2008,F_Construccion,Mujer,15-29,2_Medio,101752.85818820163,229582606.22145474,37
2008,F_Construccion,Mujer,15-29,3_Alto,132876.39960637625,611851438.7310102,74
2008,F_Construccion,Mujer,30-49,1_Bajo,43967.47325491399,74289817.31796673,18
2008,F_Construccion,Mujer,30-49,2_Medio,89366.44133857402,246130708.97541022,50
2008,F_Construccion,Mujer,30-49,3_Alto,165728.8281421158,1325061135.0989153,106
2008,F_Construccion,Mujer,50+,1_Bajo,17471.87262537906,23518295.35005661,7
2008,F_Construccion,Mujer,50+,2_Medio,23049.251849041884,105222744.64845929,11
2008,F_Construccion,Mujer,50+,3_Alto,28115.8533279614,266694648.88904643,13
2008,G-H_ComercioHotelesRest,Hombre,15-29,1_Bajo,2619577.4590791883,4872309021.451432,1052
2008,G-H_ComercioHotelesRest,Hombre,15-29,2_Medio,11472772.582251212,25055074224.99229,4832
2008,G-H_ComercioHotelesRest,Hombre,15-29,3_Alto,3061866.8178945165,10994757033.496407,1569
2008,G-H_ComercioHotelesRest,Hombre,30-49,1_Bajo,8547902.423646731,19527292636.807346,3327
2008,G-H_ComercioHotelesRest,Hombre,30-49,2_Medio,13708193.360838259,42274716657.98849,5814
2008,G-H_ComercioHotelesRest,Hombre,30-49,3_Alto,4044435.5870456956,25373392728.954628,1727
2008,G-H_ComercioHotelesRest,Hombre,50+,1_Bajo,7674183.363398892,15284962979.360271,3266
2008,G-H_ComercioHotelesRest,Hombre,50+,2_Medio,4175419.530029012,14658805654.816904,1805
2008,G-H_ComercioHotelesRest,Hombre,50+,3_Alto,1222139.480802157,9946481312.350353,452
2008,G-H_ComercioHotelesRest,Mujer,15-29,1_Bajo,1021860.0246812919,1523408377.8150134,441
2008,G-H_ComercioHotelesRest,Mujer,15-29,2_Medio,7627128.802055792,14495960168.55479,3624
2008,G-H_ComercioHotelesRest,Mujer,15-29,3_Alto,3105368.7506564013,9459742945.729267,1874
2008,G-H_ComercioHotelesRest,Mujer,30-49,1_Bajo,6559140.751135269,10396564151.126106,2683
2008,G-H_ComercioHotelesRest,Mujer,30-49,2_Medio,10823743.62642619,24585020521.916245,5409
2008,G-H_ComercioHotelesRest,Mujer,30-49,3_Alto,3605738.747170255,19332115365.931393,1908
2008,G-H_ComercioHotelesRest,Mujer,50+,1_Bajo,4939386.534429878,8022076465.861602,2307
2008,G-H_ComercioHotelesRest,Mujer,50+,2_Medio,2271733.1979036294,5525667330.521433,1414
2008,G-H_ComercioHotelesRest,Mujer,50+,3_Alto,566802.2304979264,2831673775.3081455,290
2008,I_TransporteComunicaciones,Hombre,15-29,1_Bajo,1594221.8778924886,2569258573.599886,622
2008,I_TransporteComunicaciones,Hombre,15-29,2_Medio,6514094.225674144,12560970206.516989,2572
2008,I_TransporteComunicaciones,Hombre,15-29,3_Alto,1919472.9978851438,7231019958.621918,883
2008,I_TransporteComunicaciones,Hombre,30-49,1_Bajo,4880484.169612766,10069450769.737051,1797
2008,I_TransporteComunicaciones,Hombre,30-49,2_Medio,9615819.667553594,23553229617.724133,3661
2008,I_TransporteComunicaciones,Hombre,30-49,3_Alto,2281002.397705916,14674996637.57207,955
2008,I_TransporteComunicaciones,Hombre,50+,1_Bajo,3100801.296795211,7089959837.165465,1321
2008,I_TransporteComunicaciones,Hombre,50+,2_Medio,2388999.5609483747,6928277381.466553,942
2008,I_TransporteComunicaciones,Hombre,50+,3_Alto,538439.2585406573,4405886551.86166,204
2008,I_TransporteComunicaciones,Mujer,15-29,1_Bajo,103231.11739226455,103665470.3424975,52
2008,I_TransporteComunicaciones,Mujer,15-29,2_Medio,1637160.3557707581,2189265816.344099,733
2008,I_TransporteComunicaciones,Mujer,15-29,3_Alto,1169883.8464812585,3875278525.9631276,574
2008,I_TransporteComunicaciones,Mujer,30-49,1_Bajo,273823.32262225647,222163060.98463523,154
2008,I_TransporteComunicaciones,Mujer,30-49,2_Medio,1346016.041561328,2336305564.5739713,654
2008,I_TransporteComunicaciones,Mujer,30-49,3_Alto,943246.0564955783,5244540241.374857,411
2008,I_TransporteComunicaciones,Mujer,50+,1_Bajo,226469.261058059,544436600.7694359,98
2008,I_TransporteComunicaciones,Mujer,50+,2_Medio,215118.11479125443,553795943.2362169,110
2008,I_TransporteComunicaciones,Mujer,50+,3_Alto,66001.33437036979,1015868821.6198596,43
2008,J-K_FinancieroInmobiliario,Hombre,15-29,1_Bajo,272177.93964901264,621470832.2489456,83
2008,J-K_FinancieroInmobiliario,Hombre,15-29,2_Medio,2238086.4910568167,5098379536.456729,737
2008,J-K_FinancieroInmobiliario,Hombre,15-29,3_Alto,1753997.0143515833,9493947923.908518,714
2008,J-K_FinancieroInmobiliario,Hombre,30-49,1_Bajo,1168807.180478959,3514837878.990442,385
2008,J-K_FinancieroInmobiliario,Hombre,30-49,2_Medio,3174620.0179696665,10256812502.409658,1107
2008,J-K_FinancieroInmobiliario,Hombre,30-49,3_Alto,3056109.2852087477,34879083256.63668,1353
2008,J-K_FinancieroInmobiliario,Hombre,50+,1_Bajo,983718.5081403315,2293745165.8941274,424
2008,J-K_FinancieroInmobiliario,Hombre,50+,2_Medio,894596.5656847628,3691785339.5758452,424
2008,J-K_FinancieroInmobiliario,Hombre,50+,3_Alto,1276546.6337402787,17624852570.868523,632
2008,J-K_FinancieroInmobiliario,Mujer,15-29,1_Bajo,161881.73611635534,236267494.69838658,105
2008,J-K_FinancieroInmobiliario,Mujer,15-29,2_Medio,1062162.5964142582,2506035186.209416,523
2008,J-K_FinancieroInmobiliario,Mujer,15-29,3_Alto,2122602.0950281583,10907440804.319618,989
2008,J-K_FinancieroInmobiliario,Mujer,30-49,1_Bajo,1179096.429333389,2209813870.510706,772
2008,J-K_FinancieroInmobiliario,Mujer,30-49,2_Medio,2088134.3956628875,5554157176.864125,1045
2008,J-K_FinancieroInmobiliario,Mujer,30-49,3_Alto,2547056.856002188,20536120499.52175,1301
2008,J-K_FinancieroInmobiliario,Mujer,50+,1_Bajo,668563.3711180366,1145397084.001181,463
2008,J-K_FinancieroInmobiliario,Mujer,50+,2_Medio,392656.09399743355,1331212852.0104222,215
2008,J-K_FinancieroInmobiliario,Mujer,50+,3_Alto,505393.8742999309,4928533050.567043,212
2008,L-Q_ServiciosSocialesComunales,Hombre,15-29,1_Bajo,343384.74280061317,680087301.8733695,123
2008,L-Q_ServiciosSocialesComunales,Hombre,15-29,2_Medio,3663679.5479917796,9639722233.471586,1446
2008,L-Q_ServiciosSocialesComunales,Hombre,15-29,3_Alto,2686299.922766274,14597835816.19885,1480
2008,L-Q_ServiciosSocialesComunales,Hombre,30-49,1_Bajo,1397524.7976240513,3249606847.8635387,441
2008,L-Q_ServiciosSocialesComunales,Hombre,30-49,2_Medio,4975528.146109467,18058027797.522118,1998
2008,L-Q_ServiciosSocialesComunales,Hombre,30-49,3_Alto,6088491.329821442,59815110579.013336,3286
2008,L-Q_ServiciosSocialesComunales,Hombre,50+,1_Bajo,1613459.4363828774,3314922750.847414,645
2008,L-Q_ServiciosSocialesComunales,Hombre,50+,2_Medio,1223108.317611248,4739765767.956703,600
2008,L-Q_ServiciosSocialesComunales,Hombre,50+,3_Alto,2073823.6672332678,28507967048.328297,1489
2008,L-Q_ServiciosSocialesComunales,Mujer,15-29,1_Bajo,1878370.2144227033,3090493382.2830367,854
2008,L-Q_ServiciosSocialesComunales,Mujer,15-29,2_Medio,5756004.292469678,12016267061.29597,3048
2008,L-Q_ServiciosSocialesComunales,Mujer,15-29,3_Alto,5152920.339841033,26721706102.39654,3073
2008,L-Q_ServiciosSocialesComunales,Mujer,30-49,1_Bajo,5961095.467462301,10868035639.255423,3100
2008,L-Q_ServiciosSocialesComunales,Mujer,30-49,2_Medio,9195508.659330558,21906615157.874073,4863
2008,L-Q_ServiciosSocialesComunales,Mujer,30-49,3_Alto,9314840.516144585,69906103748.43423,5934
2008,L-Q_ServiciosSocialesComunales,Mujer,50+,1_Bajo,3568423.6871480197,5994586973.661584,1952
2008,L-Q_ServiciosSocialesComunales,Mujer,50+,2_Medio,1863693.2676672721,5727630669.791622,1140
2008,L-Q_ServiciosSocialesComunales,Mujer,50+,3_Alto,2406168.0481406855,24314589910.413372,1843
2009,A-B_AgriculturaPesca,Hombre,15-29,1_Bajo,19445674.99870083,32230253013.99131,3260
2009,A-B_AgriculturaPesca,Hombre,15-29,2_Medio,11324947.192496719,20798399833.429638,2147
2009,A-B_AgriculturaPesca,Hombre,15-29,3_Alto,553655.654751204,1787716913.6505728,138
2009,A-B_AgriculturaPesca,Hombre,30-49,1_Bajo,39231756.258363016,75925391220.08656,7178
2009,A-B_AgriculturaPesca,Hombre,30-49,2_Medio,8893971.838428628,22705202549.304676,1793
2009,A-B_AgriculturaPesca,Hombre,30-49,3_Alto,804796.015339102,5650997166.063395,287
2009,A-B_AgriculturaPesca,Hombre,50+,1_Bajo,29544096.101648264,57572030659.644745,6017
2009,A-B_AgriculturaPesca,Hombre,50+,2_Medio,2335524.5186599893,8021799980.011303,557
2009,A-B_AgriculturaPesca,Hombre,50+,3_Alto,417446.6653549548,4852178457.747759,169
2009,A-B_AgriculturaPesca,Mujer,15-29,1_Bajo,1135071.3777554387,1598006025.0805755,264
2009,A-B_AgriculturaPesca,Mujer,15-29,2_Medio,1388313.3849300088,2356229830.6808443,260
2009,A-B_AgriculturaPesca,Mujer,15-29,3_Alto,178923.02430179634,610306282.1230763,65
2009,A-B_AgriculturaPesca,Mujer,30-49,1_Bajo,2978739.1535707163,5135769615.462466,736
2009,A-B_AgriculturaPesca,Mujer,30-49,2_Medio,1223968.0577614969,2582586993.5234942,283
2009,A-B_AgriculturaPesca,Mujer,30-49,3_Alto,277950.55240805214,2133470500.4087822,114
2009,A-B_AgriculturaPesca,Mujer,50+,1_Bajo,1795034.6757256384,3631443237.0617886,583
2009,A-B_AgriculturaPesca,Mujer,50+,2_Medio,196226.88601966837,695493018.3654723,67
2009,A-B_AgriculturaPesca,Mujer,50+,3_Alto,46869.590049774284,356434546.0092841,28
2009,C_Mineria,Hombre,15-29,1_Bajo,1004441.2888534941,2643233958.5940948,182
2009,C_Mineria,Hombre,15-29,2_Medio,1038446.7031604103,3480513979.176244,234
2009,C_Mineria,Hombre,15-29,3_Alto,257178.8463354242,1991552370.672993,105
2009,C_Mineria,Hombre,30-49,1_Bajo,1704311.226568209,4581575093.002029,329
2009,C_Mineria,Hombre,30-49,2_Medio,841735.394043787,4475808871.419704,304
2009,C_Mineria,Hombre,30-49,3_Alto,486486.9757925501,8936154126.765272,235
2009,C_Mineria,Hombre,50+,1_Bajo,537553.8958257426,1184300645.0407438,151
2009,C_Mineria,Hombre,50+,2_Medio,223215.19844367303,1281600432.8209357,86
2009,C_Mineria,Hombre,50+,3_Alto,53406.72404422255,985345163.0246384,35
2009,C_Mineria,Mujer,15-29,1_Bajo,117409.0542651425,106609002.31501831,21
2009,C_Mineria,Mujer,15-29,2_Medio,132001.26431564282,210399238.33572003,32
2009,C_Mineria,Mujer,15-29,3_Alto,155314.0172997741,1596459865.2434988,51
2009,C_Mineria,Mujer,30-49,1_Bajo,371894.50046891195,335330477.53878415,99
2009,C_Mineria,Mujer,30-49,2_Medio,102443.4618642696,163537686.75875345,36
2009,C_Mineria,Mujer,30-49,3_Alto,62271.3275003985,940830399.3455483,37
2009,C_Mineria,Mujer,50+,1_Bajo,293861.8131285974,277084337.72723925,71
2009,C_Mineria,Mujer,50+,2_Medio,10653.766006509824,15028695.737781096,6
2009,C_Mineria,Mujer,50+,3_Alto,25182.530721756564,685048766.4329256,3
2009,D_Manufactura,Hombre,15-29,1_Bajo,2506599.8262660154,5573115093.129027,796
2009,D_Manufactura,Hombre,15-29,2_Medio,12635760.295677492,31608801387.43522,4127
2009,D_Manufactura,Hombre,15-29,3_Alto,3796456.766750122,16645279552.131407,1164
2009,D_Manufactura,Hombre,30-49,1_Bajo,7525664.436603894,19617151852.98192,2225
2009,D_Manufactura,Hombre,30-49,2_Medio,14938530.223680856,54249953071.43214,4820
2009,D_Manufactura,Hombre,30-49,3_Alto,5233476.021799122,38526633179.443954,1600
2009,D_Manufactura,Hombre,50+,1_Bajo,4722369.289110241,13909573997.946415,1704
2009,D_Manufactura,Hombre,50+,2_Medio,3565649.580403723,14891728991.710924,1272
2009,D_Manufactura,Hombre,50+,3_Alto,1277386.3604118263,15634489934.920147,382
2009,D_Manufactura,Mujer,15-29,1_Bajo,950604.5351294336,1261853644.3771715,371
2009,D_Manufactura,Mujer,15-29,2_Medio,6411739.736059573,13374573815.238918,2273
2009,D_Manufactura,Mujer,15-29,3_Alto,3202867.3390526366,13483498352.025558,1252
2009,D_Manufactura,Mujer,30-49,1_Bajo,4874262.2003858285,8459563216.126832,2008
2009,D_Manufactura,Mujer,30-49,2_Medio,10628824.389382532,25291691281.975597,4313
2009,D_Manufactura,Mujer,30-49,3_Alto,3802120.361760146,25300326534.609837,1344
2009,D_Manufactura,Mujer,50+,1_Bajo,4022870.465167816,6083996342.241678,2134
2009,D_Manufactura,Mujer,50+,2_Medio,2377942.97992278,6186381799.620698,1318
2009,D_Manufactura,Mujer,50+,3_Alto,569543.6929507589,3998426990.279142,246
2009,E_ElectricidadGasAgua,Hombre,15-29,1_Bajo,143649.2889827368,337400575.5867588,54
2009,E_ElectricidadGasAgua,Hombre,15-29,2_Medio,612060.4172802534,1510286557.5997245,245
2009,E_ElectricidadGasAgua,Hombre,15-29,3_Alto,234731.1307400481,1333369738.9273605,167
2009,E_ElectricidadGasAgua,Hombre,30-49,1_Bajo,423695.4061863383,1088344950.5917237,152
2009,E_ElectricidadGasAgua,Hombre,30-49,2_Medio,1027007.4741911796,3262530035.718554,484
2009,E_ElectricidadGasAgua,Hombre,30-49,3_Alto,709795.0686170938,6019764593.6926775,344
2009,E_ElectricidadGasAgua,Hombre,50+,1_Bajo,250554.88067872386,623233524.132902,91
2009,E_ElectricidadGasAgua,Hombre,50+,2_Medio,207417.26986640517,774845907.1280135,99
2009,E_ElectricidadGasAgua,Hombre,50+,3_Alto,123217.36380149065,1234700547.4500756,59
2009,E_ElectricidadGasAgua,Mujer,15-29,1_Bajo,332.0144070095636,642913.0625843158,1
2009,E_ElectricidadGasAgua,Mujer,15-29,2_Medio,104820.85397292631,242150806.7938656,37
2009,E_ElectricidadGasAgua,Mujer,15-29,3_Alto,246709.32032488822,1534221855.194177,153
2009,E_ElectricidadGasAgua,Mujer,30-49,1_Bajo,57467.58194582785,149294325.3893254,30
2009,E_ElectricidadGasAgua,Mujer,30-49,2_Medio,186142.84817267483,590884379.0206873,86
2009,E_ElectricidadGasAgua,Mujer,30-49,3_Alto,263332.1898149178,2462871143.4259853,179
2009,E_ElectricidadGasAgua,Mujer,50+,1_Bajo,23170.445537318767,53604152.970580205,14
2009,E_ElectricidadGasAgua,Mujer,50+,2_Medio,26680.534992585493,97586779.20314516,17
2009,E_ElectricidadGasAgua,Mujer,50+,3_Alto,12412.645926113717,158135057.2947178,17
2009,F_Construccion,Hombre,15-29,1_Bajo,3187540.7163961777,6598994759.32184,1303
2009,F_Construccion,Hombre,15-29,2_Medio,7371703.984114156,16708649793.839603,3286
2009,F_Construccion,Hombre,15-29,3_Alto,894581.3362740523,4551688632.284484,415
2009,F_Construccion,Hombre,30-49,1_Bajo,9963139.556331469,24102599801.470444,3839
2009,F_Construccion,Hombre,30-49,2_Medio,9294895.713373223,26289587827.409546,3657
2009,F_Construccion,Hombre,30-49,3_Alto,1351712.8552062712,11090983026.015553,667
2009,F_Construccion,Hombre,50+,1_Bajo,5463936.540992009,13799890690.990532,2269
2009,F_Construccion,Hombre,50+,2_Medio,2069784.0145684476,5724390966.012131,852
2009,F_Construccion,Hombre,50+,3_Alto,446970.61301830376,5742083857.921576,208
2009,F_Construccion,Mujer,15-29,1_Bajo,20453.992875683496,63978762.81079709,8
2009,F_Construccion,Mujer,15-29,2_Medio,111940.90674508388,261560911.11930537,62
2009,F_Construccion,Mujer,15-29,3_Alto,229519.62225300187,1134154535.1725025,119
2009,F_Construccion,Mujer,30-49,1_Bajo,78292.00542708297,157161659.14956775,32
2009,F_Construccion,Mujer,30-49,2_Medio,170042.32269041234,508019771.059805,69
2009,F_Construccion,Mujer,30-49,3_Alto,300631.50071027916,2058516183.1195004,148
2009,F_Construccion,Mujer,50+,1_Bajo,13646.02337035527,29275269.82937885,6
2009,F_Construccion,Mujer,50+,2_Medio,17854.266797077296,47314111.4246643,11
2009,F_Construccion,Mujer,50+,3_Alto,48208.55925777535,435256281.0967063,13
2009,G-H_ComercioHotelesRest,Hombre,15-29,1_Bajo,5145033.530678393,9996513114.496944,1945
2009,G-H_ComercioHotelesRest,Hombre,15-29,2_Medio,21377977.910109077,48101241234.6698,8618
2009,G-H_ComercioHotelesRest,Hombre,15-29,3_Alto,5782214.569842692,23200917423.194942,2783
2009,G-H_ComercioHotelesRest,Hombre,30-49,1_Bajo,16356329.961912308,41775743974.844505,5942
2009,G-H_ComercioHotelesRest,Hombre,30-49,2_Medio,25557183.670247238,81845837006.44215,9989
2009,G-H_ComercioHotelesRest,Hombre,30-49,3_Alto,7679182.13175541,53154109850.81427,3067
2009,G-H_ComercioHotelesRest,Hombre,50+,1_Bajo,14576146.105685484,28830502107.867912,5683
2009,G-H_ComercioHotelesRest,Hombre,50+,2_Medio,6677287.4425724875,22992829326.804485,2975
2009,G-H_ComercioHotelesRest,Hombre,50+,3_Alto,2074459.382023048,18585698578.13115,786
2009,G-H_ComercioHotelesRest,Mujer,15-29,1_Bajo,2477923.787278295,3476258142.342744,959
2009,G-H_ComercioHotelesRest,Mujer,15-29,2_Medio,13643622.228588687,28034014176.145355,6506
2009,G-H_ComercioHotelesRest,Mujer,15-29,3_Alto,5944116.189248381,19904228423.067013,3296
2009,G-H_ComercioHotelesRest,Mujer,30-49,1_Bajo,12525367.232921034,20386927905.411266,5171
2009,G-H_ComercioHotelesRest,Mujer,30-49,2_Medio,20792137.945005115,51997586346.50539,10152
2009,G-H_ComercioHotelesRest,Mujer,30-49,3_Alto,6648412.447711574,33785206039.55177,3440
2009,G-H_ComercioHotelesRest,Mujer,50+,1_Bajo,9443463.853408083,14356526372.491953,4423
2009,G-H_ComercioHotelesRest,Mujer,50+,2_Medio,4411611.752982446,11833814103.284254,2527
2009,G-H_ComercioHotelesRest,Mujer,50+,3_Alto,1181474.7247902383,7863566851.852835,551
2009,I_TransporteComunicaciones,Hombre,15-29,1_Bajo,3385126.797557572,5500750985.007559,1227
2009,I_TransporteComunicaciones,Hombre,15-29,2_Medio,12145989.654028133,23910119178.63326,4889
2009,I_TransporteComunicaciones,Hombre,15-29,3_Alto,3376249.1108007343,13218358717.484533,1591
2009,I_TransporteComunicaciones,Hombre,30-49,1_Bajo,9950502.245278481,19999737211.493206,3407
2009,I_TransporteComunicaciones,Hombre,30-49,2_Medio,18883516.903636016,50871645340.59043,6815
2009,I_TransporteComunicaciones,Hombre,30-49,3_Alto,4632793.979516092,34569821455.30496,1702
2009,I_TransporteComunicaciones,Hombre,50+,1_Bajo,5992286.841095081,13727499518.76061,2412
2009,I_TransporteComunicaciones,Hombre,50+,2_Medio,4398148.368489702,12312698295.860521,1622
2009,I_TransporteComunicaciones,Hombre,50+,3_Alto,1004193.0401494341,7626144029.689744,317
2009,I_TransporteComunicaciones,Mujer,15-29,1_Bajo,285376.20030436444,198523227.83860648,89
2009,I_TransporteComunicaciones,Mujer,15-29,2_Medio,3129645.4190470697,5061933220.480041,1273
2009,I_TransporteComunicaciones,Mujer,15-29,3_Alto,2044921.1880932278,7362813695.057292,981
2009,I_TransporteComunicaciones,Mujer,30-49,1_Bajo,824534.4603149636,942542793.2211242,385
2009,I_TransporteComunicaciones,Mujer,30-49,2_Medio,2879515.5085899057,5617442306.771706,1268
2009,I_TransporteComunicaciones,Mujer,30-49,3_Alto,1947520.5535321853,14755762544.717432,837
2009,I_TransporteComunicaciones,Mujer,50+,1_Bajo,348137.2017550503,428251641.9968546,175
2009,I_TransporteComunicaciones,Mujer,50+,2_Medio,356766.57721087086,665656308.8637006,165
2009,I_TransporteComunicaciones,Mujer,50+,3_Alto,161780.27136377047,911030032.9340965,82
2009,J-K_FinancieroInmobiliario,Hombre,15-29,1_Bajo,716106.4070438148,1517038186.658342,188
2009,J-K_FinancieroInmobiliario,Hombre,15-29,2_Medio,4111007.22123985,10185034525.669983,1247
2009,J-K_FinancieroInmobiliario,Hombre,15-29,3_Alto,3482808.497523381,21204251497.466644,1310
2009,J-K_FinancieroInmobiliario,Hombre,30-49,1_Bajo,2604340.342995576,6254847391.483029,734
2009,J-K_FinancieroInmobiliario,Hombre,30-49,2_Medio,5669382.420974362,18347250816.67063,1961
2009,J-K_FinancieroInmobiliario,Hombre,30-49,3_Alto,5974056.681230033,64500965570.23191,2324
2009,J-K_FinancieroInmobiliario,Hombre,50+,1_Bajo,2208458.670374926,6691072817.351284,759
2009,J-K_FinancieroInmobiliario,Hombre,50+,2_Medio,1934098.0808336986,8581951098.563363,721
2009,J-K_FinancieroInmobiliario,Hombre,50+,3_Alto,2150199.78417012,27927706139.76224,932
2009,J-K_FinancieroInmobiliario,Mujer,15-29,1_Bajo,335405.1435939532,477962605.6429759,238
2009,J-K_FinancieroInmobiliario,Mujer,15-29,2_Medio,2133500.0471543614,5026003099.91824,992
2009,J-K_FinancieroInmobiliario,Mujer,15-29,3_Alto,4537757.802275207,22118040283.201088,1820
2009,J-K_FinancieroInmobiliario,Mujer,30-49,1_Bajo,2936985.17339655,5570589858.884394,1663
2009,J-K_FinancieroInmobiliario,Mujer,30-49,2_Medio,4172489.256911132,10727612723.084824,2014
2009,J-K_FinancieroInmobiliario,Mujer,30-49,3_Alto,5201660.161421754,46202094295.81068,2268
2009,J-K_FinancieroInmobiliario,Mujer,50+,1_Bajo,1454706.1901109766,2569457795.565731,874
2009,J-K_FinancieroInmobiliario,Mujer,50+,2_Medio,779573.4532068475,2526069870.464384,417
2009,J-K_FinancieroInmobiliario,Mujer,50+,3_Alto,980868.690739075,10763522088.995764,392
2009,L-Q_ServiciosSocialesComunales,Hombre,15-29,1_Bajo,753540.2811801435,1546113955.9567788,224
2009,L-Q_ServiciosSocialesComunales,Hombre,15-29,2_Medio,6934288.657835145,19963728378.24362,2631
2009,L-Q_ServiciosSocialesComunales,Hombre,15-29,3_Alto,5326805.547108066,30099726808.744194,2699
2009,L-Q_ServiciosSocialesComunales,Hombre,30-49,1_Bajo,3101687.341523992,7326412440.371188,800
2009,L-Q_ServiciosSocialesComunales,Hombre,30-49,2_Medio,9282750.112371145,35270339730.910614,3389
2009,L-Q_ServiciosSocialesComunales,Hombre,30-49,3_Alto,12232935.347211132,121615813428.04976,5875
2009,L-Q_ServiciosSocialesComunales,Hombre,50+,1_Bajo,3038364.2130530262,6198941269.537942,1104
2009,L-Q_ServiciosSocialesComunales,Hombre,50+,2_Medio,2481452.6007293873,13771029592.661863,1053
2009,L-Q_ServiciosSocialesComunales,Hombre,50+,3_Alto,4145005.0675107446,56126458860.474304,2567
2009,L-Q_ServiciosSocialesComunales,Mujer,15-29,1_Bajo,3201286.4977497673,5116280690.351794,1425
2009,L-Q_ServiciosSocialesComunales,Mujer,15-29,2_Medio,11267406.221408319,22901027374.26838,5848
2009,L-Q_ServiciosSocialesComunales,Mujer,15-29,3_Alto,9866183.697929494,47730331470.2183,5476
2009,L-Q_ServiciosSocialesComunales,Mujer,30-49,1_Bajo,12283113.375287246,22696337488.743645,5692
2009,L-Q_ServiciosSocialesComunales,Mujer,30-49,2_Medio,17180897.562964045,42815191949.650795,8667
2009,L-Q_ServiciosSocialesComunales,Mujer,30-49,3_Alto,18010643.355113707,148788505120.24487,10331
2009,L-Q_ServiciosSocialesComunales,Mujer,50+,1_Bajo,7222728.61045719,12938779383.697666,3708
2009,L-Q_ServiciosSocialesComunales,Mujer,50+,2_Medio,3825286.142089159,11605349958.707638,2082
2009,L-Q_ServiciosSocialesComunales,Mujer,50+,3_Alto,4637706.138811101,57573365466.62302,3101
2010,A-B_AgriculturaPesca,Hombre,15-29,1_Bajo,18379951.139779173,31299797948.72673,3476
2010,A-B_AgriculturaPesca,Hombre,15-29,2_Medio,12756976.399412654,23309134054.75938,2507
2010,A-B_AgriculturaPesca,Hombre,15-29,3_Alto,672428.5358680126,2618122009.586735,191
2010,A-B_AgriculturaPesca,Hombre,30-49,1_Bajo,42513233.76655494,86970380624.98755,7653
2010,A-B_AgriculturaPesca,Hombre,30-49,2_Medio,9886693.38761253,24919830698.577118,2008
2010,A-B_AgriculturaPesca,Hombre,30-49,3_Alto,1165541.8784535276,8274387996.347743,358
2010,A-B_AgriculturaPesca,Hombre,50+,1_Bajo,33262655.7116339,72195286417.1906,6732
2010,A-B_AgriculturaPesca,Hombre,50+,2_Medio,2834286.5718916506,9228133137.513058,706
2010,A-B_AgriculturaPesca,Hombre,50+,3_Alto,659561.1657988911,10613814433.328976,266
2010,A-B_AgriculturaPesca,Mujer,15-29,1_Bajo,1257037.9213584433,2013444964.1551824,311
2010,A-B_AgriculturaPesca,Mujer,15-29,2_Medio,1414662.3477312098,2788322311.893673,329
2010,A-B_AgriculturaPesca,Mujer,15-29,3_Alto,352587.3245402891,1083307201.9265857,117
2010,A-B_AgriculturaPesca,Mujer,30-49,1_Bajo,3702736.1205225033,6749073907.462646,936
2010,A-B_AgriculturaPesca,Mujer,30-49,2_Medio,1273100.1934363989,3139795725.768347,314
2010,A-B_AgriculturaPesca,Mujer,30-49,3_Alto,261415.70597990425,2164242133.7773376,125
2010,A-B_AgriculturaPesca,Mujer,50+,1_Bajo,2357589.681501342,4823534872.522739,801
2010,A-B_AgriculturaPesca,Mujer,50+,2_Medio,179976.746093806,1270325471.568853,86
2010,A-B_AgriculturaPesca,Mujer,50+,3_Alto,58524.32841017197,1079514364.293382,42
2010,C_Mineria,Hombre,15-29,1_Bajo,1024402.104103371,2249858830.9121695,181
2010,C_Mineria,Hombre,15-29,2_Medio,1198010.4560419098,3711960155.623421,275
2010,C_Mineria,Hombre,15-29,3_Alto,497821.71155035007,5160394242.882578,152
2010,C_Mineria,Hombre,30-49,1_Bajo,1748746.037977547,4726866055.2127905,343
2010,C_Mineria,Hombre,30-49,2_Medio,1227484.7985326892,6057439254.81555,315
2010,C_Mineria,Hombre,30-49,3_Alto,772749.5760766244,13469228950.761557,338
2010,C_Mineria,Hombre,50+,1_Bajo,1007604.1105920614,2521742951.578336,195
2010,C_Mineria,Hombre,50+,2_Medio,299368.0750546566,1824186229.388217,78
2010,C_Mineria,Hombre,50+,3_Alto,144034.5336834502,3621962680.1824093,66
2010,C_Mineria,Mujer,15-29,1_Bajo,127540.85918193836,198983242.91846642,27
2010,C_Mineria,Mujer,15-29,2_Medio,132004.3216037526,234762255.071348,29
2010,C_Mineria,Mujer,15-29,3_Alto,207236.8144357325,1645622415.4238403,52
2010,C_Mineria,Mujer,30-49,1_Bajo,560424.5640180391,720554916.3786783,124
2010,C_Mineria,Mujer,30-49,2_Medio,207217.14263095864,583694668.8284904,47
2010,C_Mineria,Mujer,30-49,3_Alto,164266.48406242268,1447198001.0806794,57
2010,C_Mineria,Mujer,50+,1_Bajo,272793.42571359675,368851790.96709496,77
2010,C_Mineria,Mujer,50+,2_Medio,22261.500169071962,20295321.279062502,5
2010,C_Mineria,Mujer,50+,3_Alto,12636.71757718208,30723144.362024844,2
2010,D_Manufactura,Hombre,15-29,1_Bajo,2349119.007445694,5142669722.091654,785
2010,D_Manufactura,Hombre,15-29,2_Medio,12531999.98053393,31948991718.01149,4361
2010,D_Manufactura,Hombre,15-29,3_Alto,4328022.450098908,18014122527.474674,1486
2010,D_Manufactura,Hombre,30-49,1_Bajo,7110677.16356523,19979978107.230515,2286
2010,D_Manufactura,Hombre,30-49,2_Medio,16329294.263647363,57163564968.53455,5506
2010,D_Manufactura,Hombre,30-49,3_Alto,6153533.968153503,55790525467.05478,1987
2010,D_Manufactura,Hombre,50+,1_Bajo,5268727.2297928,15415161022.28877,1916
2010,D_Manufactura,Hombre,50+,2_Medio,4500790.883236319,18815906923.662148,1556
2010,D_Manufactura,Hombre,50+,3_Alto,1508479.2133897026,19223025401.778732,464
2010,D_Manufactura,Mujer,15-29,1_Bajo,1004791.7186755688,1291270358.1234894,405
2010,D_Manufactura,Mujer,15-29,2_Medio,6525656.297760079,13601418295.142864,2511
2010,D_Manufactura,Mujer,15-29,3_Alto,3648387.9657749757,15439705216.421484,1398
2010,D_Manufactura,Mujer,30-49,1_Bajo,4855884.633810104,8662067724.821606,2174
2010,D_Manufactura,Mujer,30-49,2_Medio,11581529.566539573,29699694633.06637,4782
2010,D_Manufactura,Mujer,30-49,3_Alto,4757139.843065875,33335692438.130047,1744
2010,D_Manufactura,Mujer,50+,1_Bajo,4661031.3844306925,6757181509.271272,2515
2010,D_Manufactura,Mujer,50+,2_Medio,2993894.262768264,8016967638.36269,1661
2010,D_Manufactura,Mujer,50+,3_Alto,823293.7185910511,5333552213.286728,347
2010,E_ElectricidadGasAgua,Hombre,15-29,1_Bajo,120489.24149694879,316758547.05845845,49
2010,E_ElectricidadGasAgua,Hombre,15-29,2_Medio,763777.2925041062,2402232905.488434,288
2010,E_ElectricidadGasAgua,Hombre,15-29,3_Alto,365464.18214990303,2161327437.6757617,230
2010,E_ElectricidadGasAgua,Hombre,30-49,1_Bajo,445939.00178302266,1225211322.142869,174
2010,E_ElectricidadGasAgua,Hombre,30-49,2_Medio,1412216.2378704222,4697461064.609482,602
2010,E_ElectricidadGasAgua,Hombre,30-49,3_Alto,717977.5741624836,6956227373.48654,400
2010,E_ElectricidadGasAgua,Hombre,50+,1_Bajo,381364.1000197974,1017379732.0325816,115
2010,E_ElectricidadGasAgua,Hombre,50+,2_Medio,379678.7701907479,1427328185.977229,149
2010,E_ElectricidadGasAgua,Hombre,50+,3_Alto,163305.57495053782,2769477804.064728,89
2010,E_ElectricidadGasAgua,Mujer,15-29,1_Bajo,464.9493251251632,831005.4022559924,2
2010,E_ElectricidadGasAgua,Mujer,15-29,2_Medio,112734.42941743109,332726133.6780755,48
2010,E_ElectricidadGasAgua,Mujer,15-29,3_Alto,321674.5422018061,1719392020.7779803,190
2010,E_ElectricidadGasAgua,Mujer,30-49,1_Bajo,77862.16665178724,208368401.08510473,30
2010,E_ElectricidadGasAgua,Mujer,30-49,2_Medio,205199.38506817998,593777413.1868625,90
2010,E_ElectricidadGasAgua,Mujer,30-49,3_Alto,337910.9719711101,3456001786.291058,210
2010,E_ElectricidadGasAgua,Mujer,50+,1_Bajo,48838.61133909396,125379371.37191495,18
2010,E_ElectricidadGasAgua,Mujer,50+,2_Medio,13381.17403572697,39656820.75687361,8
2010,E_ElectricidadGasAgua,Mujer,50+,3_Alto,48844.39342610433,510586023.4442902,21
2010,F_Construccion,Hombre,15-29,1_Bajo,3251051.0620415816,7085639544.015892,1436
2010,F_Construccion,Hombre,15-29,2_Medio,8905953.2315667,21173703494.579765,3940
2010,F_Construccion,Hombre,15-29,3_Alto,1179471.5852498193,5700078878.446083,538
2010,F_Construccion,Hombre,30-49,1_Bajo,10594443.790424632,27606101954.172115,4122
2010,F_Construccion,Hombre,30-49,2_Medio,10597179.670660669,32113006698.339855,4559
2010,F_Construccion,Hombre,30-49,3_Alto,1818374.2045506588,14498000904.502216,824
2010,F_Construccion,Hombre,50+,1_Bajo,6151476.321039265,15261565409.436485,2778
2010,F_Construccion,Hombre,50+,2_Medio,2472673.281675395,7373645090.068977,1214
2010,F_Construccion,Hombre,50+,3_Alto,529800.7756924108,6655672977.09507,267
2010,F_Construccion,Mujer,15-29,1_Bajo,28926.215142039888,54403882.559838004,8
2010,F_Construccion,Mujer,15-29,2_Medio,171613.61305734352,569333612.7291067,78
2010,F_Construccion,Mujer,15-29,3_Alto,320858.72186626575,2826935256.7783628,172
2010,F_Construccion,Mujer,30-49,1_Bajo,89735.67737528053,193014983.5513332,29
2010,F_Construccion,Mujer,30-49,2_Medio,251186.48213109784,955122954.4965658,84
2010,F_Construccion,Mujer,30-49,3_Alto,429114.5072466285,3736363576.024134,206
2010,F_Construccion,Mujer,50+,1_Bajo,17828.149944426215,41780787.57083171,8
2010,F_Construccion,Mujer,50+,2_Medio,26556.064842517786,224183694.16860896,13
2010,F_Construccion,Mujer,50+,3_Alto,57152.6957235433,873330680.3977733,32
2010,G-H_ComercioHotelesRest,Hombre,15-29,1_Bajo,5457476.88856147,9890892426.999132,2033
2010,G-H_ComercioHotelesRest,Hombre,15-29,2_Medio,22107393.863564927,54189983636.3254,9723
2010,G-H_ComercioHotelesRest,Hombre,15-29,3_Alto,6555306.691447545,27630223380.41716,3284
2010,G-H_ComercioHotelesRest,Hombre,30-49,1_Bajo,17719316.877526004,40788031375.84401,6408
2010,G-H_ComercioHotelesRest,Hombre,30-49,2_Medio,27693888.438305706,90586924425.40306,11621
2010,G-H_ComercioHotelesRest,Hombre,30-49,3_Alto,9007900.276965253,66768679702.41213,3857
2010,G-H_ComercioHotelesRest,Hombre,50+,1_Bajo,15832582.355843127,34096713730.873356,6391
2010,G-H_ComercioHotelesRest,Hombre,50+,2_Medio,9002641.010994952,34207622598.753845,3752
2010,G-H_ComercioHotelesRest,Hombre,50+,3_Alto,2536030.676259349,23700731072.104202,1024
2010,G-H_ComercioHotelesRest,Mujer,15-29,1_Bajo,2299353.9705435843,3561149707.248559,1025
2010,G-H_ComercioHotelesRest,Mujer,15-29,2_Medio,15334619.775505852,32424438424.803833,7650
2010,G-H_ComercioHotelesRest,Mujer,15-29,3_Alto,7194989.519116643,22967228863.120255,4304
2010,G-H_ComercioHotelesRest,Mujer,30-49,1_Bajo,13819890.974631788,24161851187.395325,5887
2010,G-H_ComercioHotelesRest,Mujer,30-49,2_Medio,23480186.814732797,54542789926.74362,12389
2010,G-H_ComercioHotelesRest,Mujer,30-49,3_Alto,8396686.571469057,43915322275.770065,4346
2010,G-H_ComercioHotelesRest,Mujer,50+,1_Bajo,11734019.593710572,19095212174.469456,5519
2010,G-H_ComercioHotelesRest,Mujer,50+,2_Medio,5828014.249208652,16207353964.644436,3471
2010,G-H_ComercioHotelesRest,Mujer,50+,3_Alto,1365863.1245648505,9110856420.806536,797
2010,I_TransporteComunicaciones,Hombre,15-29,1_Bajo,3030842.879352425,5008505081.946269,1227
2010,I_TransporteComunicaciones,Hombre,15-29,2_Medio,13556150.345730552,28464460201.46576,5523
2010,I_TransporteComunicaciones,Hombre,15-29,3_Alto,3961949.279865197,18127003272.864975,1978
2010,I_TransporteComunicaciones,Hombre,30-49,1_Bajo,11160699.501313975,23939920964.110596,3859
2010,I_TransporteComunicaciones,Hombre,30-49,2_Medio,20134249.856454156,53807808427.88612,7774
2010,I_TransporteComunicaciones,Hombre,30-49,3_Alto,5674544.554507697,40247204868.27843,2276
2010,I_TransporteComunicaciones,Hombre,50+,1_Bajo,7438610.524544474,18022566025.613823,2814
2010,I_TransporteComunicaciones,Hombre,50+,2_Medio,5654498.635841343,19642118256.972515,2139
2010,I_TransporteComunicaciones,Hombre,50+,3_Alto,1298552.2977726795,10549371429.539894,485
2010,I_TransporteComunicaciones,Mujer,15-29,1_Bajo,232758.21935059092,182086674.2074734,90
2010,I_TransporteComunicaciones,Mujer,15-29,2_Medio,2874606.2958012563,4830652101.538239,1352
2010,I_TransporteComunicaciones,Mujer,15-29,3_Alto,2595871.8066315847,9712793365.830051,1241
2010,I_TransporteComunicaciones,Mujer,30-49,1_Bajo,1059044.8383622789,1037101420.7126468,412
2010,I_TransporteComunicaciones,Mujer,30-49,2_Medio,3200608.072373435,5746211721.577776,1441
2010,I_TransporteComunicaciones,Mujer,30-49,3_Alto,2501118.4088442586,20232062273.02641,1103
2010,I_TransporteComunicaciones,Mujer,50+,1_Bajo,470766.06269384,405533627.47352344,221
2010,I_TransporteComunicaciones,Mujer,50+,2_Medio,505008.4487044921,1146074350.0086658,270
2010,I_TransporteComunicaciones,Mujer,50+,3_Alto,278902.2605149173,2707086795.9318824,119
2010,J-K_FinancieroInmobiliario,Hombre,15-29,1_Bajo,487535.0110139764,1122503616.2586179,162
2010,J-K_FinancieroInmobiliario,Hombre,15-29,2_Medio,3872368.7950663804,10460174634.268816,1391
2010,J-K_FinancieroInmobiliario,Hombre,15-29,3_Alto,4076348.836673743,22252523212.06512,1483
2010,J-K_FinancieroInmobiliario,Hombre,30-49,1_Bajo,2267057.8630457185,6023668630.936396,749
2010,J-K_FinancieroInmobiliario,Hombre,30-49,2_Medio,6155188.098470182,20546988826.046444,2293
2010,J-K_FinancieroInmobiliario,Hombre,30-49,3_Alto,6696773.8198419865,77240824139.25299,2615
2010,J-K_FinancieroInmobiliario,Hombre,50+,1_Bajo,2111864.1165650906,5003552609.995136,853
2010,J-K_FinancieroInmobiliario,Hombre,50+,2_Medio,1791189.7059416447,7534121243.576084,837
2010,J-K_FinancieroInmobiliario,Hombre,50+,3_Alto,2416964.029961697,40457225388.62841,1161
2010,J-K_FinancieroInmobiliario,Mujer,15-29,1_Bajo,317435.28268667945,490123985.2892312,232
2010,J-K_FinancieroInmobiliario,Mujer,15-29,2_Medio,2138530.3369120955,5369739841.438083,1050
2010,J-K_FinancieroInmobiliario,Mujer,15-29,3_Alto,4939633.901421382,25137386143.941345,2068
2010,J-K_FinancieroInmobiliario,Mujer,30-49,1_Bajo,3214417.0855118623,6321069997.574591,1881
2010,J-K_FinancieroInmobiliario,Mujer,30-49,2_Medio,4279753.895051549,11457414010.718544,2381
2010,J-K_FinancieroInmobiliario,Mujer,30-49,3_Alto,6226032.758980125,58106967356.88841,2653
2010,J-K_FinancieroInmobiliario,Mujer,50+,1_Bajo,1719124.2715480127,3452788198.788755,1064
2010,J-K_FinancieroInmobiliario,Mujer,50+,2_Medio,836836.9196069024,3029294758.69342,560
2010,J-K_FinancieroInmobiliario,Mujer,50+,3_Alto,1106433.115567702,14045553253.245451,491
2010,L-Q_ServiciosSocialesComunales,Hombre,15-29,1_Bajo,508978.47384297464,1097893081.7290702,200
2010,L-Q_ServiciosSocialesComunales,Hombre,15-29,2_Medio,7455728.882071453,21626459902.409386,2936
2010,L-Q_ServiciosSocialesComunales,Hombre,15-29,3_Alto,6606026.197519845,37485085631.89336,3277
2010,L-Q_ServiciosSocialesComunales,Hombre,30-49,1_Bajo,2660773.0672046947,6256696061.685071,843
2010,L-Q_ServiciosSocialesComunales,Hombre,30-49,2_Medio,10015323.063005984,38693874601.416,3941
2010,L-Q_ServiciosSocialesComunales,Hombre,30-49,3_Alto,13196289.316369398,141132779705.5823,6749
2010,L-Q_ServiciosSocialesComunales,Hombre,50+,1_Bajo,3034712.409743841,6900191096.119989,1114
2010,L-Q_ServiciosSocialesComunales,Hombre,50+,2_Medio,2971916.3605509726,11885181738.036873,1282
2010,L-Q_ServiciosSocialesComunales,Hombre,50+,3_Alto,4798616.221795149,75937345509.19563,2967
2010,L-Q_ServiciosSocialesComunales,Mujer,15-29,1_Bajo,2736330.59508409,4755312052.352158,1399
2010,L-Q_ServiciosSocialesComunales,Mujer,15-29,2_Medio,12476776.10377962,27389457739.251522,6421
2010,L-Q_ServiciosSocialesComunales,Mujer,15-29,3_Alto,12048001.321217999,64275422820.78902,6684
2010,L-Q_ServiciosSocialesComunales,Mujer,30-49,1_Bajo,12627817.423094619,30335606629.289036,6135
2010,L-Q_ServiciosSocialesComunales,Mujer,30-49,2_Medio,19005268.278744165,48031452397.97185,10074
2010,L-Q_ServiciosSocialesComunales,Mujer,30-49,3_Alto,20449375.34140633,160203818020.7469,12207
2010,L-Q_ServiciosSocialesComunales,Mujer,50+,1_Bajo,7941293.7905017175,15407889256.894333,4229
2010,L-Q_ServiciosSocialesComunales,Mujer,50+,2_Medio,4624412.480607133,14806652888.576258,2513
2010,L-Q_ServiciosSocialesComunales,Mujer,50+,3_Alto,5246014.024698618,56351833029.79596,3742
2011,A-B_AgriculturaPesca,Hombre,15-29,1_Bajo,16758355.413083673,32655605940.641598,3150
2011,A-B_AgriculturaPesca,Hombre,15-29,2_Medio,13241262.607160736,25784279894.939407,2638
2011,A-B_AgriculturaPesca,Hombre,15-29,3_Alto,944448.5316827092,2976695918.569852,223
2011,A-B_AgriculturaPesca,Hombre,30-49,1_Bajo,41160636.46564933,90803444393.35313,7326
2011,A-B_AgriculturaPesca,Hombre,30-49,2_Medio,11061352.454827428,31447439322.601826,2059
2011,A-B_AgriculturaPesca,Hombre,30-49,3_Alto,1168364.2324055294,10573051209.869308,357
2011,A-B_AgriculturaPesca,Hombre,50+,1_Bajo,34188841.4315889,75545519623.36179,6933
2011,A-B_AgriculturaPesca,Hombre,50+,2_Medio,3112850.3549213507,10819323720.658836,746
2011,A-B_AgriculturaPesca,Hombre,50+,3_Alto,581835.6267283468,6645673998.044928,264
2011,A-B_AgriculturaPesca,Mujer,15-29,1_Bajo,947810.7367940207,1346912496.3812447,258
2011,A-B_AgriculturaPesca,Mujer,15-29,2_Medio,1431732.6938585786,2645088439.8938575,335
2011,A-B_AgriculturaPesca,Mujer,15-29,3_Alto,291178.7085618523,1130088996.8620682,117
2011,A-B_AgriculturaPesca,Mujer,30-49,1_Bajo,3559437.045512568,6462281687.322562,944
2011,A-B_AgriculturaPesca,Mujer,30-49,2_Medio,1437847.6816878458,3326024892.7367463,363
2011,A-B_AgriculturaPesca,Mujer,30-49,3_Alto,390929.33936089533,2659404563.668714,134
2011,A-B_AgriculturaPesca,Mujer,50+,1_Bajo,2324987.94158261,4811718115.03342,805
2011,A-B_AgriculturaPesca,Mujer,50+,2_Medio,268505.0605314403,999635256.8144315,115
2011,A-B_AgriculturaPesca,Mujer,50+,3_Alto,63536.538992630005,1288846050.171753,57
2011,C_Mineria,Hombre,15-29,1_Bajo,1296646.767444987,3125342366.8733706,202
2011,C_Mineria,Hombre,15-29,2_Medio,1381413.9565301328,4715476778.184712,306
2011,C_Mineria,Hombre,15-29,3_Alto,446583.42642457073,3416264426.216265,162
2011,C_Mineria,Hombre,30-49,1_Bajo,1820935.3723758995,5267065404.086338,366
2011,C_Mineria,Hombre,30-49,2_Medio,1523456.827780963,9914587369.459953,360
2011,C_Mineria,Hombre,30-49,3_Alto,1084927.2199851582,19704977114.599583,338
2011,C_Mineria,Hombre,50+,1_Bajo,1174374.2830020636,3167344601.3080635,216
2011,C_Mineria,Hombre,50+,2_Medio,243538.55190503097,1934710471.9326048,88
2011,C_Mineria,Hombre,50+,3_Alto,161526.86989801837,2455988736.36361,59
2011,C_Mineria,Mujer,15-29,1_Bajo,162111.058664395,211092574.35711056,35
2011,C_Mineria,Mujer,15-29,2_Medio,174511.9968177349,404474845.03534067,49
2011,C_Mineria,Mujer,15-29,3_Alto,168625.35918094227,1419087713.6910162,66
2011,C_Mineria,Mujer,30-49,1_Bajo,497953.1957486915,586868582.3653435,105
2011,C_Mineria,Mujer,30-49,2_Medio,187146.67493094073,580094735.331672,47
2011,C_Mineria,Mujer,30-49,3_Alto,278227.36567318364,6988230568.727198,72
2011,C_Mineria,Mujer,50+,1_Bajo,288941.70535033423,333828888.2796961,90
2011,C_Mineria,Mujer,50+,2_Medio,1681.0302089318975,64566868.74290655,6
2011,C_Mineria,Mujer,50+,3_Alto,53489.825014221096,1059346767.2529753,8
2011,D_Manufactura,Hombre,15-29,1_Bajo,2412266.3831529026,5490383201.239545,771
2011,D_Manufactura,Hombre,15-29,2_Medio,13870477.910962677,38649369589.82976,4635
2011,D_Manufactura,Hombre,15-29,3_Alto,4797493.961355732,22864007009.956436,1694
2011,D_Manufactura,Hombre,30-49,1_Bajo,7522150.66964007,23223157994.925537,2311
2011,D_Manufactura,Hombre,30-49,2_Medio,16793023.816676646,63601412272.79932,5537
2011,D_Manufactura,Hombre,30-49,3_Alto,6270577.683794802,57718712684.05444,2020
2011,D_Manufactura,Hombre,50+,1_Bajo,5776553.008694304,16027437494.177645,2100
2011,D_Manufactura,Hombre,50+,2_Medio,4525032.6543432055,18766023140.55429,1675
2011,D_Manufactura,Hombre,50+,3_Alto,1727050.8647317244,21190723853.00298,558
2011,D_Manufactura,Mujer,15-29,1_Bajo,944613.5266923211,1428148713.2700536,384
2011,D_Manufactura,Mujer,15-29,2_Medio,6573484.254188213,14553674722.42467,2566
2011,D_Manufactura,Mujer,15-29,3_Alto,3686418.4670099365,14885967446.873302,1543
2011,D_Manufactura,Mujer,30-49,1_Bajo,5389302.682317292,9529372130.439726,2093
2011,D_Manufactura,Mujer,30-49,2_Medio,11389470.93000395,30090976970.668274,4773
2011,D_Manufactura,Mujer,30-49,3_Alto,4678848.90396618,43792136727.69775,1797
2011,D_Manufactura,Mujer,50+,1_Bajo,4894493.137067763,7536643308.744191,2689
2011,D_Manufactura,Mujer,50+,2_Medio,3495074.575854248,9142593274.945427,1805
2011,D_Manufactura,Mujer,50+,3_Alto,839659.4326268331,7789471157.970349,386
2011,E_ElectricidadGasAgua,Hombre,15-29,1_Bajo,78565.35163749772,197923915.20071536,41
2011,E_ElectricidadGasAgua,Hombre,15-29,2_Medio,743380.4496044633,2160785867.903523,304
2011,E_ElectricidadGasAgua,Hombre,15-29,3_Alto,356263.39432103146,1739457565.6849642,224
2011,E_ElectricidadGasAgua,Hombre,30-49,1_Bajo,679192.2987825105,1912507883.833177,206
2011,E_ElectricidadGasAgua,Hombre,30-49,2_Medio,1377639.6029485199,4948409102.90436,619
2011,E_ElectricidadGasAgua,Hombre,30-49,3_Alto,1009054.6353272909,9846123963.130337,494
2011,E_ElectricidadGasAgua,Hombre,50+,1_Bajo,235784.55662281613,642363787.0805225,95
2011,E_ElectricidadGasAgua,Hombre,50+,2_Medio,373579.2635828763,1454871201.554337,179
2011,E_ElectricidadGasAgua,Hombre,50+,3_Alto,236788.64705169658,3780805865.5128117,97
2011,E_ElectricidadGasAgua,Mujer,15-29,1_Bajo,9247.110055082525,25755092.668798048,3
2011,E_ElectricidadGasAgua,Mujer,15-29,2_Medio,81096.12634065161,229727392.71779847,49
2011,E_ElectricidadGasAgua,Mujer,15-29,3_Alto,336485.25642260816,1848237315.9706302,203
2011,E_ElectricidadGasAgua,Mujer,30-49,1_Bajo,77418.90371043813,201594280.258975,31
2011,E_ElectricidadGasAgua,Mujer,30-49,2_Medio,192587.1147930557,569211399.9748443,116
2011,E_ElectricidadGasAgua,Mujer,30-49,3_Alto,421732.53348672466,4942734821.453745,270
2011,E_ElectricidadGasAgua,Mujer,50+,1_Bajo,41457.14534785866,118145664.55517682,20
2011,E_ElectricidadGasAgua,Mujer,50+,2_Medio,39972.00959752551,128420897.98187669,22
2011,E_ElectricidadGasAgua,Mujer,50+,3_Alto,78554.01473018806,1097236050.800664,41
2011,F_Construccion,Hombre,15-29,1_Bajo,3301061.1510806372,7770504067.861849,1519
2011,F_Construccion,Hombre,15-29,2_Medio,9804689.506710246,25729053266.480637,4515
2011,F_Construccion,Hombre,15-29,3_Alto,1404779.288211249,6220614832.010356,675
2011,F_Construccion,Hombre,30-49,1_Bajo,10942114.85231461,31269420112.45285,4286
2011,F_Construccion,Hombre,30-49,2_Medio,11117152.178679816,36154199710.60801,4883
2011,F_Construccion,Hombre,30-49,3_Alto,1939919.2212009463,17360802068.967175,918
2011,F_Construccion,Hombre,50+,1_Bajo,6615747.769169439,17927042324.637268,3096
2011,F_Construccion,Hombre,50+,2_Medio,3140428.230760482,10012793275.746124,1438
2011,F_Construccion,Hombre,50+,3_Alto,656467.7738824061,9742704254.701405,327
2011,F_Construccion,Mujer,15-29,1_Bajo,8043.859204374372,20174380.747119516,8
2011,F_Construccion,Mujer,15-29,2_Medio,186145.82008813706,566044904.0131009,73
2011,F_Construccion,Mujer,15-29,3_Alto,438087.2842978572,2403475632.2383003,223
2011,F_Construccion,Mujer,30-49,1_Bajo,108441.35473112462,311703956.87986535,38
2011,F_Construccion,Mujer,30-49,2_Medio,353509.97141050204,1187440365.8517995,128
2011,F_Construccion,Mujer,30-49,3_Alto,564219.4177110175,4984012511.066046,262
2011,F_Construccion,Mujer,50+,1_Bajo,17179.742136387853,50232938.057960585,11
2011,F_Construccion,Mujer,50+,2_Medio,16263.460386163782,66485326.36729166,11
2011,F_Construccion,Mujer,50+,3_Alto,84859.56142570113,1735835276.7636573,29
2011,G-H_ComercioHotelesRest,Hombre,15-29,1_Bajo,4783179.277966885,9813623741.438648,1915
2011,G-H_ComercioHotelesRest,Hombre,15-29,2_Medio,23219509.27361703,56974495578.728836,10008
2011,G-H_ComercioHotelesRest,Hombre,15-29,3_Alto,7780138.879928539,31004524588.881508,3677
2011,G-H_ComercioHotelesRest,Hombre,30-49,1_Bajo,17026459.107317228,45943257925.95629,6120
2011,G-H_ComercioHotelesRest,Hombre,30-49,2_Medio,28464701.49190469,99212543493.07031,11842
2011,G-H_ComercioHotelesRest,Hombre,30-49,3_Alto,9332210.671307748,64501296793.051865,4009
2011,G-H_ComercioHotelesRest,Hombre,50+,1_Bajo,16578867.211480906,35956483474.44257,6637
2011,G-H_ComercioHotelesRest,Hombre,50+,2_Medio,9091874.944572512,33193141606.28444,4126
2011,G-H_ComercioHotelesRest,Hombre,50+,3_Alto,2552975.500403687,23484899721.76427,1083
2011,G-H_ComercioHotelesRest,Mujer,15-29,1_Bajo,2021720.380366903,3428857327.157056,929
2011,G-H_ComercioHotelesRest,Mujer,15-29,2_Medio,15749306.60874453,33898176773.968468,7863
2011,G-H_ComercioHotelesRest,Mujer,15-29,3_Alto,7621256.881654779,25696498265.096077,4709
2011,G-H_ComercioHotelesRest,Mujer,30-49,1_Bajo,13822245.021862246,25293939851.95571,5837
2011,G-H_ComercioHotelesRest,Mujer,30-49,2_Medio,24840812.243289135,65344954651.88453,12928
2011,G-H_ComercioHotelesRest,Mujer,30-49,3_Alto,8670281.623618692,50329119407.9456,4787
2011,G-H_ComercioHotelesRest,Mujer,50+,1_Bajo,11921112.001026787,19068038274.320625,5910
2011,G-H_ComercioHotelesRest,Mujer,50+,2_Medio,6412702.47595893,19018002413.66686,4032
2011,G-H_ComercioHotelesRest,Mujer,50+,3_Alto,1750119.6172190015,9531234184.17234,962
2011,I_TransporteComunicaciones,Hombre,15-29,1_Bajo,3363860.409652999,6271941534.62665,1238
2011,I_TransporteComunicaciones,Hombre,15-29,2_Medio,13494707.720431475,29539487123.74858,5654
2011,I_TransporteComunicaciones,Hombre,15-29,3_Alto,4100273.8632337414,16770020401.50316,2138
2011,I_TransporteComunicaciones,Hombre,30-49,1_Bajo,10766848.348495675,24354088900.769547,3740
2011,I_TransporteComunicaciones,Hombre,30-49,2_Medio,21124711.554282915,60322129588.78637,7976
2011,I_TransporteComunicaciones,Hombre,30-49,3_Alto,5815668.003652988,43786471493.88937,2282
2011,I_TransporteComunicaciones,Hombre,50+,1_Bajo,7487984.349704105,18166139669.098747,2910
2011,I_TransporteComunicaciones,Hombre,50+,2_Medio,6000221.15217762,20056752373.92012,2366
2011,I_TransporteComunicaciones,Hombre,50+,3_Alto,1438448.8706897954,11247401944.9691,517
2011,I_TransporteComunicaciones,Mujer,15-29,1_Bajo,300196.0591474279,239217432.2585007,88
2011,I_TransporteComunicaciones,Mujer,15-29,2_Medio,2708497.2427092846,4558264518.70462,1241
2011,I_TransporteComunicaciones,Mujer,15-29,3_Alto,2792611.1070441524,11155743305.271257,1267
2011,I_TransporteComunicaciones,Mujer,30-49,1_Bajo,900592.8192590219,1041093059.6707332,380
2011,I_TransporteComunicaciones,Mujer,30-49,2_Medio,2747330.512947768,6032686211.477575,1306
2011,I_TransporteComunicaciones,Mujer,30-49,3_Alto,2625006.781940035,20208852707.1232,1068
2011,I_TransporteComunicaciones,Mujer,50+,1_Bajo,526759.2328904357,788970216.211045,225
2011,I_TransporteComunicaciones,Mujer,50+,2_Medio,501905.02723684796,1312733705.533649,243
2011,I_TransporteComunicaciones,Mujer,50+,3_Alto,346637.902863538,3419409548.893857,139
2011,J-K_FinancieroInmobiliario,Hombre,15-29,1_Bajo,574959.061758438,1373657395.5513663,195
2011,J-K_FinancieroInmobiliario,Hombre,15-29,2_Medio,4257548.842789769,12452827989.305517,1477
2011,J-K_FinancieroInmobiliario,Hombre,15-29,3_Alto,4339215.5736247115,25675403645.01032,1672
2011,J-K_FinancieroInmobiliario,Hombre,30-49,1_Bajo,2339132.8307692753,6197531156.664347,711
2011,J-K_FinancieroInmobiliario,Hombre,30-49,2_Medio,6507982.532325091,22478264149.347275,2332
2011,J-K_FinancieroInmobiliario,Hombre,30-49,3_Alto,6280335.284619631,82353161679.70341,2672
2011,J-K_FinancieroInmobiliario,Hombre,50+,1_Bajo,2116349.0536626186,4846191919.320301,857
2011,J-K_FinancieroInmobiliario,Hombre,50+,2_Medio,1911013.911833338,7653667458.230705,912
2011,J-K_FinancieroInmobiliario,Hombre,50+,3_Alto,2911662.4008260956,53520748855.177124,1294
2011,J-K_FinancieroInmobiliario,Mujer,15-29,1_Bajo,448814.17570065707,759112337.2706385,239
2011,J-K_FinancieroInmobiliario,Mujer,15-29,2_Medio,2356144.4964666595,6037422664.133226,1199
2011,J-K_FinancieroInmobiliario,Mujer,15-29,3_Alto,5492032.154192874,29668633967.89045,2327
2011,J-K_FinancieroInmobiliario,Mujer,30-49,1_Bajo,3284084.2655608044,6924933760.491447,1824
2011,J-K_FinancieroInmobiliario,Mujer,30-49,2_Medio,4450377.104302346,12398507322.635057,2456
2011,J-K_FinancieroInmobiliario,Mujer,30-49,3_Alto,6149838.74091317,61177022928.92271,2775
2011,J-K_FinancieroInmobiliario,Mujer,50+,1_Bajo,1740083.8905448886,3914352407.385912,1139
2011,J-K_FinancieroInmobiliario,Mujer,50+,2_Medio,1000324.4505830903,3263108239.1815705,626
2011,J-K_FinancieroInmobiliario,Mujer,50+,3_Alto,1194119.4214503164,15563577279.606306,530
2011,L-Q_ServiciosSocialesComunales,Hombre,15-29,1_Bajo,545289.6768423466,1418539196.7301044,169
2011,L-Q_ServiciosSocialesComunales,Hombre,15-29,2_Medio,7055325.392050654,21442690415.22367,2857
2011,L-Q_ServiciosSocialesComunales,Hombre,15-29,3_Alto,7102986.926144019,44444561997.54967,3608
2011,L-Q_ServiciosSocialesComunales,Hombre,30-49,1_Bajo,2559263.913690399,6750447001.800147,721
2011,L-Q_ServiciosSocialesComunales,Hombre,30-49,2_Medio,9702196.963273033,38834136035.80086,3734
2011,L-Q_ServiciosSocialesComunales,Hombre,30-49,3_Alto,13045769.655164938,132331856596.45972,6891
2011,L-Q_ServiciosSocialesComunales,Hombre,50+,1_Bajo,3170923.976396737,7851041187.005257,1100
2011,L-Q_ServiciosSocialesComunales,Hombre,50+,2_Medio,2738113.0422200803,11744236007.12263,1319
2011,L-Q_ServiciosSocialesComunales,Hombre,50+,3_Alto,4742267.13356383,74974381660.87613,3106
2011,L-Q_ServiciosSocialesComunales,Mujer,15-29,1_Bajo,2446785.405230662,4440865498.796883,1214
2011,L-Q_ServiciosSocialesComunales,Mujer,15-29,2_Medio,11892879.621367807,27092286019.027977,6456
2011,L-Q_ServiciosSocialesComunales,Mujer,15-29,3_Alto,12229613.025971571,62828600425.31362,7361
2011,L-Q_ServiciosSocialesComunales,Mujer,30-49,1_Bajo,12011061.610851632,25814510098.897728,5868
2011,L-Q_ServiciosSocialesComunales,Mujer,30-49,2_Medio,19501987.28493214,53068545268.39017,10052
2011,L-Q_ServiciosSocialesComunales,Mujer,30-49,3_Alto,21946300.355154704,178223556655.88422,12761
2011,L-Q_ServiciosSocialesComunales,Mujer,50+,1_Bajo,8226464.758043957,16479625404.275064,4223
2011,L-Q_ServiciosSocialesComunales,Mujer,50+,2_Medio,5295582.995609859,16356423488.593485,2827
2011,L-Q_ServiciosSocialesComunales,Mujer,50+,3_Alto,5927969.464099463,65525679559.52489,4140
2012,A-B_AgriculturaPesca,Hombre,15-29,1_Bajo,15720760.250172704,31376640966.00612,2926
2012,A-B_AgriculturaPesca,Hombre,15-29,2_Medio,13316759.477917839,26769877831.589664,2596
2012,A-B_AgriculturaPesca,Hombre,15-29,3_Alto,805303.7302305207,2650281313.9906445,215
2012,A-B_AgriculturaPesca,Hombre,30-49,1_Bajo,38944857.64392318,90041559312.17795,6966
2012,A-B_AgriculturaPesca,Hombre,30-49,2_Medio,10811870.567457441,32084855683.734512,2057
2012,A-B_AgriculturaPesca,Hombre,30-49,3_Alto,1162739.7904400656,10695221063.168493,345
2012,A-B_AgriculturaPesca,Hombre,50+,1_Bajo,33367796.321035486,77981200556.63379,6793
2012,A-B_AgriculturaPesca,Hombre,50+,2_Medio,3517284.427697533,13079710203.203938,796
2012,A-B_AgriculturaPesca,Hombre,50+,3_Alto,619703.0883621116,7539877725.733445,267
2012,A-B_AgriculturaPesca,Mujer,15-29,1_Bajo,1204073.0572879743,2007571406.1891277,285
2012,A-B_AgriculturaPesca,Mujer,15-29,2_Medio,1481991.552767889,2911613767.019159,334
2012,A-B_AgriculturaPesca,Mujer,15-29,3_Alto,371540.0680254681,1324782628.278226,121
2012,A-B_AgriculturaPesca,Mujer,30-49,1_Bajo,3641610.2217368274,7276340545.766587,893
2012,A-B_AgriculturaPesca,Mujer,30-49,2_Medio,1630067.6831371344,4150560635.8574586,399
2012,A-B_AgriculturaPesca,Mujer,30-49,3_Alto,452500.6836233725,3202494180.2716136,161
2012,A-B_AgriculturaPesca,Mujer,50+,1_Bajo,2440780.8877476593,6259628725.211025,917
2012,A-B_AgriculturaPesca,Mujer,50+,2_Medio,269718.2954495119,1637080881.8998141,107
2012,A-B_AgriculturaPesca,Mujer,50+,3_Alto,93878.99388295383,880278507.0903418,56
2012,C_Mineria,Hombre,15-29,1_Bajo,973648.1278480553,1992937117.3021047,183
2012,C_Mineria,Hombre,15-29,2_Medio,1516710.0854143163,5515303346.808163,342
2012,C_Mineria,Hombre,15-29,3_Alto,450101.1014783269,4471285805.158728,186
2012,C_Mineria,Hombre,30-49,1_Bajo,1896606.7792002277,5334511061.736557,366
2012,C_Mineria,Hombre,30-49,2_Medio,1576946.7021555672,8718266713.068647,395
2012,C_Mineria,Hombre,30-49,3_Alto,857811.5877329316,14453479590.081799,342
2012,C_Mineria,Hombre,50+,1_Bajo,1038124.8477636555,2861979920.7332425,223
2012,C_Mineria,Hombre,50+,2_Medio,253577.53697334597,2038923267.6550844,112
2012,C_Mineria,Hombre,50+,3_Alto,155020.23591702952,4963501905.929062,63
2012,C_Mineria,Mujer,15-29,1_Bajo,109042.26987400054,163825035.83085448,27
2012,C_Mineria,Mujer,15-29,2_Medio,156666.18055201278,371471913.5682059,41
2012,C_Mineria,Mujer,15-29,3_Alto,206379.26798091817,2027346004.290553,75
2012,C_Mineria,Mujer,30-49,1_Bajo,406389.3062741784,689974737.9430311,113
2012,C_Mineria,Mujer,30-49,2_Medio,124955.05781624999,345083096.51795495,44
2012,C_Mineria,Mujer,30-49,3_Alto,225748.81325318496,3647958479.9956646,72
2012,C_Mineria,Mujer,50+,1_Bajo,412047.5448210558,438795927.7449121,90
2012,C_Mineria,Mujer,50+,2_Medio,48161.90480798534,41124886.34820378,13
2012,C_Mineria,Mujer,50+,3_Alto,13819.335479180665,756335121.9492153,3
2012,D_Manufactura,Hombre,15-29,1_Bajo,2225131.3150517642,5695607727.804983,685
2012,D_Manufactura,Hombre,15-29,2_Medio,13385386.948093072,38895821374.68251,4423
2012,D_Manufactura,Hombre,15-29,3_Alto,5077654.692251768,22339258141.872147,1747
2012,D_Manufactura,Hombre,30-49,1_Bajo,7141220.823193655,21219959734.291916,2097
2012,D_Manufactura,Hombre,30-49,2_Medio,16601085.730752407,64211984647.18362,5330
2012,D_Manufactura,Hombre,30-49,3_Alto,6575292.062434411,55425730138.72541,2080
2012,D_Manufactura,Hombre,50+,1_Bajo,5101496.1106447065,16199628874.831795,1948
2012,D_Manufactura,Hombre,50+,2_Medio,4885461.906045686,21912699418.71066,1690
2012,D_Manufactura,Hombre,50+,3_Alto,1621069.8693353727,23245864174.02279,510
2012,D_Manufactura,Mujer,15-29,1_Bajo,846687.016115025,1296599672.5473251,386
2012,D_Manufactura,Mujer,15-29,2_Medio,6953091.95915847,15975945667.300049,2516
2012,D_Manufactura,Mujer,15-29,3_Alto,4578778.430678402,18421063091.643547,1797
2012,D_Manufactura,Mujer,30-49,1_Bajo,5279787.735216565,9499600557.13688,2046
2012,D_Manufactura,Mujer,30-49,2_Medio,11594549.32759249,31748226643.572315,4584
2012,D_Manufactura,Mujer,30-49,3_Alto,4718199.183848301,32126971259.98147,1932
2012,D_Manufactura,Mujer,50+,1_Bajo,4932889.447391712,8048269593.189054,2583
2012,D_Manufactura,Mujer,50+,2_Medio,3284602.255031776,9945843965.129793,1818
2012,D_Manufactura,Mujer,50+,3_Alto,842524.3030824151,4863621735.306727,415
2012,E_ElectricidadGasAgua,Hombre,15-29,1_Bajo,88577.21866765262,234947121.09622094,37
2012,E_ElectricidadGasAgua,Hombre,15-29,2_Medio,773121.6833254705,2294675009.39672,274
2012,E_ElectricidadGasAgua,Hombre,15-29,3_Alto,377702.0474975627,2080778675.5651593,246
2012,E_ElectricidadGasAgua,Hombre,30-49,1_Bajo,488661.5062893991,1406791844.570487,179
2012,E_ElectricidadGasAgua,Hombre,30-49,2_Medio,1208446.9667167298,4827018601.220981,547
2012,E_ElectricidadGasAgua,Hombre,30-49,3_Alto,836454.943666767,7882119524.290332,473
2012,E_ElectricidadGasAgua,Hombre,50+,1_Bajo,331476.5017294027,982963231.5209439,120
2012,E_ElectricidadGasAgua,Hombre,50+,2_Medio,380599.56685848837,1924840920.6376493,171
2012,E_ElectricidadGasAgua,Hombre,50+,3_Alto,236673.94756643596,3255988308.68297,113
2012,E_ElectricidadGasAgua,Mujer,15-29,1_Bajo,1805.7326183127552,6702575.24917284,2
2012,E_ElectricidadGasAgua,Mujer,15-29,2_Medio,58769.429564151826,190157350.69552717,40
2012,E_ElectricidadGasAgua,Mujer,15-29,3_Alto,315831.03734610166,1946542635.9217277,175
2012,E_ElectricidadGasAgua,Mujer,30-49,1_Bajo,75707.12291921585,201512013.87877762,28
2012,E_ElectricidadGasAgua,Mujer,30-49,2_Medio,213532.25883535607,631532057.0773895,110
2012,E_ElectricidadGasAgua,Mujer,30-49,3_Alto,514386.0160496,4471709404.563231,284
2012,E_ElectricidadGasAgua,Mujer,50+,1_Bajo,75196.74259820594,197367493.3618077,18
2012,E_ElectricidadGasAgua,Mujer,50+,2_Medio,36105.67828088003,127952513.61560193,26
2012,E_ElectricidadGasAgua,Mujer,50+,3_Alto,40049.81414792095,568002092.6953453,28
2012,F_Construccion,Hombre,15-29,1_Bajo,3588648.2656630743,9486136405.526947,1373
2012,F_Construccion,Hombre,15-29,2_Medio,11405111.480556916,31462436283.902798,4452
2012,F_Construccion,Hombre,15-29,3_Alto,1537996.0654473046,7265406009.60506,758
2012,F_Construccion,Hombre,30-49,1_Bajo,10676199.607811065,32615386991.738903,3977
2012,F_Construccion,Hombre,30-49,2_Medio,11746711.850039547,41367955025.715034,4690
2012,F_Construccion,Hombre,30-49,3_Alto,2177322.2588793943,18080863159.053383,1021
2012,F_Construccion,Hombre,50+,1_Bajo,7024231.389626316,20408758693.302433,2947
2012,F_Construccion,Hombre,50+,2_Medio,3400258.540725053,12019403478.061111,1465
2012,F_Construccion,Hombre,50+,3_Alto,765062.4204603687,8768649514.102186,323
2012,F_Construccion,Mujer,15-29,1_Bajo,42497.427172332595,117533539.46259625,13
2012,F_Construccion,Mujer,15-29,2_Medio,251366.90314590666,713143169.0721817,92
2012,F_Construccion,Mujer,15-29,3_Alto,563025.8602530485,2928867903.8918114,291
2012,F_Construccion,Mujer,30-49,1_Bajo,147567.45276161729,396425911.0833682,48
2012,F_Construccion,Mujer,30-49,2_Medio,335754.9701147414,1016235785.6087979,116
2012,F_Construccion,Mujer,30-49,3_Alto,601883.2165356212,4924441712.542854,273
2012,F_Construccion,Mujer,50+,1_Bajo,66245.624713352,202564657.44978526,16
2012,F_Construccion,Mujer,50+,2_Medio,19875.968250745977,100591487.94256996,16
2012,F_Construccion,Mujer,50+,3_Alto,146292.730322735,1643777283.6154313,44
2012,G-H_ComercioHotelesRest,Hombre,15-29,1_Bajo,4795615.172591195,10327260460.783607,1665
2012,G-H_ComercioHotelesRest,Hombre,15-29,2_Medio,23370621.020104427,62624909174.04661,9533
2012,G-H_ComercioHotelesRest,Hombre,15-29,3_Alto,8258044.294382109,32785851838.39324,3932
2012,G-H_ComercioHotelesRest,Hombre,30-49,1_Bajo,16859511.727522776,44643929732.17983,5580
2012,G-H_ComercioHotelesRest,Hombre,30-49,2_Medio,27597612.13382157,101222317725.83401,10893
2012,G-H_ComercioHotelesRest,Hombre,30-49,3_Alto,9845488.345163504,68850205813.01897,3997
2012,G-H_ComercioHotelesRest,Hombre,50+,1_Bajo,16083566.778155746,35971016021.50578,6365
2012,G-H_ComercioHotelesRest,Hombre,50+,2_Medio,9843293.707359288,38873659363.66194,4121
2012,G-H_ComercioHotelesRest,Hombre,50+,3_Alto,2638869.57737016,24843663831.372875,1086
2012,G-H_ComercioHotelesRest,Mujer,15-29,1_Bajo,1749343.3350643145,3122694636.7069035,863
2012,G-H_ComercioHotelesRest,Mujer,15-29,2_Medio,16166725.987947032,36675082160.00283,7588
2012,G-H_ComercioHotelesRest,Mujer,15-29,3_Alto,8900579.17723797,34550350777.28091,5125
2012,G-H_ComercioHotelesRest,Mujer,30-49,1_Bajo,13424849.369183328,26376377288.368046,5635
2012,G-H_ComercioHotelesRest,Mujer,30-49,2_Medio,24340191.874718927,64175406653.9122,12492
2012,G-H_ComercioHotelesRest,Mujer,30-49,3_Alto,9698397.150849214,50182414345.71995,5124
2012,G-H_ComercioHotelesRest,Mujer,50+,1_Bajo,12383220.059745109,21574643944.546078,6084
2012,G-H_ComercioHotelesRest,Mujer,50+,2_Medio,7340408.93754933,20824850960.037155,4161
2012,G-H_ComercioHotelesRest,Mujer,50+,3_Alto,1755357.6174278748,11134598325.682318,1012
2012,I_TransporteComunicaciones,Hombre,15-29,1_Bajo,3309956.9231762453,6375171522.186488,1145
2012,I_TransporteComunicaciones,Hombre,15-29,2_Medio,13284504.740904873,31210050223.000156,5297
2012,I_TransporteComunicaciones,Hombre,15-29,3_Alto,4497652.087064163,19325504478.034683,2158
2012,I_TransporteComunicaciones,Hombre,30-49,1_Bajo,11121709.780263223,27950664736.535114,3527
2012,I_TransporteComunicaciones,Hombre,30-49,2_Medio,22017390.053662185,68770163141.97366,7510
2012,I_TransporteComunicaciones,Hombre,30-49,3_Alto,6168655.027203768,41122741615.39822,2286
2012,I_TransporteComunicaciones,Hombre,50+,1_Bajo,6848694.427797407,17532638684.08602,2790
2012,I_TransporteComunicaciones,Hombre,50+,2_Medio,6952737.564725211,21701362725.681286,2437
2012,I_TransporteComunicaciones,Hombre,50+,3_Alto,1458993.6370244897,10979665286.507477,501
2012,I_TransporteComunicaciones,Mujer,15-29,1_Bajo,179593.70649213548,195813064.7602139,57
2012,I_TransporteComunicaciones,Mujer,15-29,2_Medio,2286527.2005410376,4013431700.919596,1029
2012,I_TransporteComunicaciones,Mujer,15-29,3_Alto,2769231.14626872,11185799600.166704,1213
2012,I_TransporteComunicaciones,Mujer,30-49,1_Bajo,773240.3864427375,964434904.329172,324
2012,I_TransporteComunicaciones,Mujer,30-49,2_Medio,3003265.311141182,6536420441.905079,1286
2012,I_TransporteComunicaciones,Mujer,30-49,3_Alto,2536747.1432018904,18457366351.301548,1061
2012,I_TransporteComunicaciones,Mujer,50+,1_Bajo,530564.6495362482,727972550.1037331,226
2012,I_TransporteComunicaciones,Mujer,50+,2_Medio,499482.64816691127,1489699248.3378835,279
2012,I_TransporteComunicaciones,Mujer,50+,3_Alto,318525.5034281114,3350443454.362688,132
2012,J-K_FinancieroInmobiliario,Hombre,15-29,1_Bajo,461679.9695181857,1298827491.634444,153
2012,J-K_FinancieroInmobiliario,Hombre,15-29,2_Medio,4748345.155020653,14514056743.361036,1579
2012,J-K_FinancieroInmobiliario,Hombre,15-29,3_Alto,4964198.875766084,29998861905.69811,1776
2012,J-K_FinancieroInmobiliario,Hombre,30-49,1_Bajo,2264324.6273935935,6738841974.776018,639
2012,J-K_FinancieroInmobiliario,Hombre,30-49,2_Medio,7513790.640281528,28632613075.22578,2375
2012,J-K_FinancieroInmobiliario,Hombre,30-49,3_Alto,6886057.8887718255,88707836396.00864,2728
2012,J-K_FinancieroInmobiliario,Hombre,50+,1_Bajo,2190645.3207890126,5607599656.484153,830
2012,J-K_FinancieroInmobiliario,Hombre,50+,2_Medio,2346445.392141993,9799993515.596853,984
2012,J-K_FinancieroInmobiliario,Hombre,50+,3_Alto,2813575.731537317,43953912722.73113,1278
2012,J-K_FinancieroInmobiliario,Mujer,15-29,1_Bajo,413683.73541868984,902387826.4768122,214
2012,J-K_FinancieroInmobiliario,Mujer,15-29,2_Medio,2086580.8257082643,5289279458.000652,1118
2012,J-K_FinancieroInmobiliario,Mujer,15-29,3_Alto,6056400.871082961,30960199090.24762,2494
2012,J-K_FinancieroInmobiliario,Mujer,30-49,1_Bajo,3174588.76917098,7316053916.66829,1651
2012,J-K_FinancieroInmobiliario,Mujer,30-49,2_Medio,4329966.122021377,13056546444.395285,2292
2012,J-K_FinancieroInmobiliario,Mujer,30-49,3_Alto,6482806.7098039575,60981382521.370384,2858
2012,J-K_FinancieroInmobiliario,Mujer,50+,1_Bajo,1788559.1954875742,4310961363.0274315,1139
2012,J-K_FinancieroInmobiliario,Mujer,50+,2_Medio,1152438.7395619897,4184435084.898551,681
2012,J-K_FinancieroInmobiliario,Mujer,50+,3_Alto,1178890.7322963285,14455856704.21296,569
2012,L-Q_ServiciosSocialesComunales,Hombre,15-29,1_Bajo,423095.10952530644,1049040007.0455046,153
2012,L-Q_ServiciosSocialesComunales,Hombre,15-29,2_Medio,6712799.040847057,21787325055.11169,2735
2012,L-Q_ServiciosSocialesComunales,Hombre,15-29,3_Alto,6485151.063843719,43135752626.86741,3538
2012,L-Q_ServiciosSocialesComunales,Hombre,30-49,1_Bajo,2510632.653133782,7073532436.650041,662
2012,L-Q_ServiciosSocialesComunales,Hombre,30-49,2_Medio,9605579.383189399,40993420323.02584,3561
2012,L-Q_ServiciosSocialesComunales,Hombre,30-49,3_Alto,14369526.17912046,152915336146.77927,6895
2012,L-Q_ServiciosSocialesComunales,Hombre,50+,1_Bajo,3249916.3039488583,8210143462.632479,1140
2012,L-Q_ServiciosSocialesComunales,Hombre,50+,2_Medio,2992598.0678692395,13684297467.005344,1416
2012,L-Q_ServiciosSocialesComunales,Hombre,50+,3_Alto,5290025.811749907,88286287265.03946,3113
2012,L-Q_ServiciosSocialesComunales,Mujer,15-29,1_Bajo,2168120.5802022987,4251378693.0751657,1037
2012,L-Q_ServiciosSocialesComunales,Mujer,15-29,2_Medio,11207085.255827324,26989568226.41765,5896
2012,L-Q_ServiciosSocialesComunales,Mujer,15-29,3_Alto,12649290.651416423,67501535338.884155,7357
2012,L-Q_ServiciosSocialesComunales,Mujer,30-49,1_Bajo,12084186.231498804,26867463317.12807,5365
2012,L-Q_ServiciosSocialesComunales,Mujer,30-49,2_Medio,19448392.393551946,54499450987.878975,9305
2012,L-Q_ServiciosSocialesComunales,Mujer,30-49,3_Alto,22679080.555271167,189081537264.41055,12740
2012,L-Q_ServiciosSocialesComunales,Mujer,50+,1_Bajo,8459675.97017074,19385931208.772644,4194
2012,L-Q_ServiciosSocialesComunales,Mujer,50+,2_Medio,5757909.584321213,18714919502.85286,3040
2012,L-Q_ServiciosSocialesComunales,Mujer,50+,3_Alto,5851839.644597253,70465478632.51468,4196
2013,A-B_AgriculturaPesca,Hombre,15-29,1_Bajo,14297306.111051911,28691919039.70833,2436
2013,A-B_AgriculturaPesca,Hombre,15-29,2_Medio,13198108.127803871,27882981630.378784,2322
2013,A-B_AgriculturaPesca,Hombre,15-29,3_Alto,846401.0664757958,3535381384.176697,208
2013,A-B_AgriculturaPesca,Hombre,30-49,1_Bajo,37751638.97890921,88542872835.45744,6439
2013,A-B_AgriculturaPesca,Hombre,30-49,2_Medio,11036846.638438784,32130609289.58008,1948
2013,A-B_AgriculturaPesca,Hombre,30-49,3_Alto,1432454.3932311665,10897476943.614607,337
2013,A-B_AgriculturaPesca,Hombre,50+,1_Bajo,33241386.32733026,74221912947.33693,6638
2013,A-B_AgriculturaPesca,Hombre,50+,2_Medio,3920469.951527028,13032824931.851263,810
2013,A-B_AgriculturaPesca,Hombre,50+,3_Alto,586113.3216397158,6684458678.80294,223
2013,A-B_AgriculturaPesca,Mujer,15-29,1_Bajo,1154842.1672033798,1785554022.0541325,269
2013,A-B_AgriculturaPesca,Mujer,15-29,2_Medio,1278072.353371229,2728945655.2466917,333
2013,A-B_AgriculturaPesca,Mujer,15-29,3_Alto,367714.77990314306,1156540419.450098,104
2013,A-B_AgriculturaPesca,Mujer,30-49,1_Bajo,3367488.8209005063,6444857496.676179,845
2013,A-B_AgriculturaPesca,Mujer,30-49,2_Medio,1372905.568142578,3848183039.1648808,342
2013,A-B_AgriculturaPesca,Mujer,30-49,3_Alto,454348.33379534195,2556888813.886653,133
2013,A-B_AgriculturaPesca,Mujer,50+,1_Bajo,2317548.3302742154,4848959558.179286,820
2013,A-B_AgriculturaPesca,Mujer,50+,2_Medio,416730.6463097187,1741998543.4278493,119
2013,A-B_AgriculturaPesca,Mujer,50+,3_Alto,93096.51138933134,1094762209.022869,48
2013,C_Mineria,Hombre,15-29,1_Bajo,982138.390290577,2470568725.527403,155
2013,C_Mineria,Hombre,15-29,2_Medio,1369742.5509234618,5236984965.291414,288
2013,C_Mineria,Hombre,15-29,3_Alto,470908.9869935466,4386215008.070379,165
2013,C_Mineria,Hombre,30-49,1_Bajo,1843065.0297582736,6179916026.418088,289
2013,C_Mineria,Hombre,30-49,2_Medio,1481999.127876057,7570778863.16382,336
2013,C_Mineria,Hombre,30-49,3_Alto,1021679.1119628585,19233062748.14927,359
2013,C_Mineria,Hombre,50+,1_Bajo,846111.1560627313,2547718148.3299074,168
2013,C_Mineria,Hombre,50+,2_Medio,305608.12773474585,2301040500.070731,103
2013,C_Mineria,Hombre,50+,3_Alto,150856.14569814122,2492156094.394144,85
2013,C_Mineria,Mujer,15-29,1_Bajo,61593.02068448007,141247406.14823452,17
2013,C_Mineria,Mujer,15-29,2_Medio,147884.16263029256,454341233.4006116,36
2013,C_Mineria,Mujer,15-29,3_Alto,184836.03774513162,1898055356.175503,67
2013,C_Mineria,Mujer,30-49,1_Bajo,333019.41879247787,611836907.4158199,82
2013,C_Mineria,Mujer,30-49,2_Medio,57550.71757461361,166919780.8945811,28
2013,C_Mineria,Mujer,30-49,3_Alto,197151.3066057034,3869132028.9449415,52
2013,C_Mineria,Mujer,50+,1_Bajo,244434.27013829083,253805107.5265073,65
2013,C_Mineria,Mujer,50+,2_Medio,20008.47413652925,85592941.14373577,6
2013,C_Mineria,Mujer,50+,3_Alto,34614.586507586435,1519082813.8714051,8
2013,D_Manufactura,Hombre,15-29,1_Bajo,1929094.4369856492,5009348993.781431,569
2013,D_Manufactura,Hombre,15-29,2_Medio,11913087.482651161,36721240387.49227,3896
2013,D_Manufactura,Hombre,15-29,3_Alto,5406442.824105812,25526945284.258724,1709
2013,D_Manufactura,Hombre,30-49,1_Bajo,6567981.793306906,20497014771.37255,1874
2013,D_Manufactura,Hombre,30-49,2_Medio,15450243.528280415,62699594096.029434,4768
2013,D_Manufactura,Hombre,30-49,3_Alto,6994358.048363505,58119389378.0025,2127
2013,D_Manufactura,Hombre,50+,1_Bajo,4996919.596261382,14663449010.202595,1873
2013,D_Manufactura,Hombre,50+,2_Medio,4715533.502404611,21639401483.251366,1681
2013,D_Manufactura,Hombre,50+,3_Alto,2095285.2253506011,29754397520.253593,587
2013,D_Manufactura,Mujer,15-29,1_Bajo,766969.7154762293,1202600678.300596,349
2013,D_Manufactura,Mujer,15-29,2_Medio,6038606.683021704,14557904522.117363,2131
2013,D_Manufactura,Mujer,15-29,3_Alto,4541966.84998926,21277412505.88694,1654
2013,D_Manufactura,Mujer,30-49,1_Bajo,4159332.454300496,8520694923.590418,1654
2013,D_Manufactura,Mujer,30-49,2_Medio,11403516.858911023,32732788325.36634,4037
2013,D_Manufactura,Mujer,30-49,3_Alto,5275959.497371077,43968197683.67267,1962
2013,D_Manufactura,Mujer,50+,1_Bajo,4027306.791113856,7048247518.885717,2219
2013,D_Manufactura,Mujer,50+,2_Medio,3407394.5199568886,9904707598.191355,1730
2013,D_Manufactura,Mujer,50+,3_Alto,906010.7963427736,7162483142.089982,434
2013,E_ElectricidadGasAgua,Hombre,15-29,1_Bajo,123067.04689842768,303231105.2427049,46
2013,E_ElectricidadGasAgua,Hombre,15-29,2_Medio,605409.6798862375,2022786937.062523,247
2013,E_ElectricidadGasAgua,Hombre,15-29,3_Alto,556060.2248007251,2986458849.8207636,284
2013,E_ElectricidadGasAgua,Hombre,30-49,1_Bajo,505150.7678241094,1655094585.6289833,159
2013,E_ElectricidadGasAgua,Hombre,30-49,2_Medio,1420241.1415205747,5240871540.78747,537
2013,E_ElectricidadGasAgua,Hombre,30-49,3_Alto,805979.3851113913,7691268451.826154,489
2013,E_ElectricidadGasAgua,Hombre,50+,1_Bajo,349643.99439759064,1150754429.5060215,133
2013,E_ElectricidadGasAgua,Hombre,50+,2_Medio,403883.8186907012,1891963796.0310588,192
2013,E_ElectricidadGasAgua,Hombre,50+,3_Alto,227541.15047291046,2638402287.6328955,122
2013,E_ElectricidadGasAgua,Mujer,15-29,1_Bajo,9856.308115588181,29663133.636400312,3
2013,E_ElectricidadGasAgua,Mujer,15-29,2_Medio,85965.69703251217,263846548.07090554,31
2013,E_ElectricidadGasAgua,Mujer,15-29,3_Alto,311261.0224442524,2072982237.7790978,182
2013,E_ElectricidadGasAgua,Mujer,30-49,1_Bajo,93496.66433168841,253922502.9396671,32
2013,E_ElectricidadGasAgua,Mujer,30-49,2_Medio,211117.7748319486,659831579.8910841,99
2013,E_ElectricidadGasAgua,Mujer,30-49,3_Alto,530947.1125497503,5762013361.46175,292
2013,E_ElectricidadGasAgua,Mujer,50+,1_Bajo,74349.68674957906,148433490.68825918,22
2013,E_ElectricidadGasAgua,Mujer,50+,2_Medio,39721.724560233575,264279899.66759524,17
2013,E_ElectricidadGasAgua,Mujer,50+,3_Alto,67299.54752673791,918928309.9330764,44
2013,F_Construccion,Hombre,15-29,1_Bajo,3133022.034963073,8680743787.791864,1229
2013,F_Construccion,Hombre,15-29,2_Medio,10282799.696733933,29747845791.41182,4319
2013,F_Construccion,Hombre,15-29,3_Alto,1806275.843010807,8372731451.676601,786
2013,F_Construccion,Hombre,30-49,1_Bajo,10035366.537320685,32218379549.579224,3650
2013,F_Construccion,Hombre,30-49,2_Medio,11415474.98670179,41039673758.53329,4489
2013,F_Construccion,Hombre,30-49,3_Alto,2422467.7433033483,22357064292.451637,988
2013,F_Construccion,Hombre,50+,1_Bajo,7057394.958536539,21422889909.152676,2855
2013,F_Construccion,Hombre,50+,2_Medio,3395080.4443843057,11548235285.051163,1533
2013,F_Construccion,Hombre,50+,3_Alto,728469.4411826362,8125477295.811813,332
2013,F_Construccion,Mujer,15-29,1_Bajo,36379.86944227814,102612901.20922494,12
2013,F_Construccion,Mujer,15-29,2_Medio,297705.7673639583,868426315.1005969,100
2013,F_Construccion,Mujer,15-29,3_Alto,603560.6251274403,3767376765.1214676,262
2013,F_Construccion,Mujer,30-49,1_Bajo,105275.49800687941,308026366.37752277,42
2013,F_Construccion,Mujer,30-49,2_Medio,299967.4429784159,1154676705.375237,129
2013,F_Construccion,Mujer,30-49,3_Alto,590318.8738831873,5346640596.324218,308
2013,F_Construccion,Mujer,50+,1_Bajo,81871.2583001645,199857950.64951473,28
2013,F_Construccion,Mujer,50+,2_Medio,68941.9053936024,251628912.89058542,28
2013,F_Construccion,Mujer,50+,3_Alto,103375.47135859993,1076454975.4747975,45
2013,G-H_ComercioHotelesRest,Hombre,15-29,1_Bajo,4370029.867680564,9695285884.740328,1418
2013,G-H_ComercioHotelesRest,Hombre,15-29,2_Medio,23642456.834618077,64247946528.86486,9012
2013,G-H_ComercioHotelesRest,Hombre,15-29,3_Alto,9219825.561518582,37534206589.64441,4327
2013,G-H_ComercioHotelesRest,Hombre,30-49,1_Bajo,15953603.752436081,45209937278.012245,5158
2013,G-H_ComercioHotelesRest,Hombre,30-49,2_Medio,27923506.23169469,107570712957.1422,10479
2013,G-H_ComercioHotelesRest,Hombre,30-49,3_Alto,10375958.983235074,70120669170.56157,4140
2013,G-H_ComercioHotelesRest,Hombre,50+,1_Bajo,16149627.0003056,40595408701.291466,6364
2013,G-H_ComercioHotelesRest,Hombre,50+,2_Medio,10391054.327617755,38914998980.4129,4161
2013,G-H_ComercioHotelesRest,Hombre,50+,3_Alto,3191961.380005964,30347662962.883415,1187
2013,G-H_ComercioHotelesRest,Mujer,15-29,1_Bajo,1910533.2618629446,3761858521.086346,791
2013,G-H_ComercioHotelesRest,Mujer,15-29,2_Medio,15586169.841853738,37784567909.081406,7154
2013,G-H_ComercioHotelesRest,Mujer,15-29,3_Alto,9370008.630199391,33148548960.145966,5317
2013,G-H_ComercioHotelesRest,Mujer,30-49,1_Bajo,13185902.651301138,26407725088.978943,5325
2013,G-H_ComercioHotelesRest,Mujer,30-49,2_Medio,25660715.376336604,69942919780.48717,12515
2013,G-H_ComercioHotelesRest,Mujer,30-49,3_Alto,10283879.470822383,53467213202.77197,5525
2013,G-H_ComercioHotelesRest,Mujer,50+,1_Bajo,12627837.738555029,21966199942.08194,6410
2013,G-H_ComercioHotelesRest,Mujer,50+,2_Medio,7109396.905770795,21849644814.803722,4429
2013,G-H_ComercioHotelesRest,Mujer,50+,3_Alto,1865522.1793854379,10751509140.258474,1091
2013,I_TransporteComunicaciones,Hombre,15-29,1_Bajo,2785443.1198094897,5515884579.791254,1028
2013,I_TransporteComunicaciones,Hombre,15-29,2_Medio,13011319.820063073,32560850708.61531,4905
2013,I_TransporteComunicaciones,Hombre,15-29,3_Alto,4818808.283945571,24229929980.05275,2080
2013,I_TransporteComunicaciones,Hombre,30-49,1_Bajo,10056774.1972066,25342087923.36563,3245
2013,I_TransporteComunicaciones,Hombre,30-49,2_Medio,21953519.109680105,67925258068.34327,7308
2013,I_TransporteComunicaciones,Hombre,30-49,3_Alto,6579359.3505733125,48129423437.72559,2406
2013,I_TransporteComunicaciones,Hombre,50+,1_Bajo,7093962.536542696,19155722344.680267,2870
2013,I_TransporteComunicaciones,Hombre,50+,2_Medio,7162218.5594174955,24555343554.699196,2607
2013,I_TransporteComunicaciones,Hombre,50+,3_Alto,1598226.8479173777,12014372989.177822,579
2013,I_TransporteComunicaciones,Mujer,15-29,1_Bajo,122996.66051076393,127347769.68017352,49
2013,I_TransporteComunicaciones,Mujer,15-29,2_Medio,2123514.6382923834,4420209743.737207,910
2013,I_TransporteComunicaciones,Mujer,15-29,3_Alto,3039796.0115710096,13376469934.240664,1302
2013,I_TransporteComunicaciones,Mujer,30-49,1_Bajo,689306.4862563792,1128392988.1656108,297
2013,I_TransporteComunicaciones,Mujer,30-49,2_Medio,2807855.894094302,7110364500.713436,1235
2013,I_TransporteComunicaciones,Mujer,30-49,3_Alto,2631757.1665057386,20062217279.12785,1137
2013,I_TransporteComunicaciones,Mujer,50+,1_Bajo,564899.21816911,666593246.1211096,225
2013,I_TransporteComunicaciones,Mujer,50+,2_Medio,495904.82225823763,1519857977.530375,281
2013,I_TransporteComunicaciones,Mujer,50+,3_Alto,423133.17046675074,3395560829.7940264,172
2013,J-K_FinancieroInmobiliario,Hombre,15-29,1_Bajo,469169.65994801937,1413380105.398786,151
2013,J-K_FinancieroInmobiliario,Hombre,15-29,2_Medio,5249941.260322239,16954532960.537151,1683
2013,J-K_FinancieroInmobiliario,Hombre,15-29,3_Alto,5285333.690887252,34215467199.04212,1932
2013,J-K_FinancieroInmobiliario,Hombre,30-49,1_Bajo,2472094.1338706454,8360430515.675613,657
2013,J-K_FinancieroInmobiliario,Hombre,30-49,2_Medio,7550498.755849039,30442472310.806602,2384
2013,J-K_FinancieroInmobiliario,Hombre,30-49,3_Alto,7577460.219808511,105959507471.29001,2719
2013,J-K_FinancieroInmobiliario,Hombre,50+,1_Bajo,2320971.2856647647,6475558417.108654,853
2013,J-K_FinancieroInmobiliario,Hombre,50+,2_Medio,2691141.030038301,12302740986.62821,1024
2013,J-K_FinancieroInmobiliario,Hombre,50+,3_Alto,3116155.697831655,46717798655.9056,1302
2013,J-K_FinancieroInmobiliario,Mujer,15-29,1_Bajo,242161.37479982633,528685422.6459711,167
2013,J-K_FinancieroInmobiliario,Mujer,15-29,2_Medio,2207284.3089583544,6322586327.736088,1063
2013,J-K_FinancieroInmobiliario,Mujer,15-29,3_Alto,6816320.348509131,39902431140.8945,2631
2013,J-K_FinancieroInmobiliario,Mujer,30-49,1_Bajo,2776918.273423504,6324793354.990159,1603
2013,J-K_FinancieroInmobiliario,Mujer,30-49,2_Medio,4610878.523442008,14067893419.093014,2407
2013,J-K_FinancieroInmobiliario,Mujer,30-49,3_Alto,7520201.06109741,80789444447.62434,3033
2013,J-K_FinancieroInmobiliario,Mujer,50+,1_Bajo,1706893.680012192,3874689963.280262,1178
2013,J-K_FinancieroInmobiliario,Mujer,50+,2_Medio,1250059.7249589707,4373018653.369759,747
2013,J-K_FinancieroInmobiliario,Mujer,50+,3_Alto,1301479.4728781155,14872955839.485283,604
2013,L-Q_ServiciosSocialesComunales,Hombre,15-29,1_Bajo,390254.50452972006,992656977.9963834,138
2013,L-Q_ServiciosSocialesComunales,Hombre,15-29,2_Medio,6446179.335849005,19723892787.234047,2457
2013,L-Q_ServiciosSocialesComunales,Hombre,15-29,3_Alto,7749505.6959701665,51098420698.081085,3786
2013,L-Q_ServiciosSocialesComunales,Hombre,30-49,1_Bajo,2352063.2416681354,7398238496.149232,641
2013,L-Q_ServiciosSocialesComunales,Hombre,30-49,2_Medio,9071253.862270053,38627805550.335915,3346
2013,L-Q_ServiciosSocialesComunales,Hombre,30-49,3_Alto,15535334.237655923,179007179681.79633,6924
2013,L-Q_ServiciosSocialesComunales,Hombre,50+,1_Bajo,3318109.899450939,8455174323.720037,1195
2013,L-Q_ServiciosSocialesComunales,Hombre,50+,2_Medio,3301198.5376776927,14215451645.22089,1434
2013,L-Q_ServiciosSocialesComunales,Hombre,50+,3_Alto,5340040.379916517,90749847673.93753,3158
2013,L-Q_ServiciosSocialesComunales,Mujer,15-29,1_Bajo,1744020.5787589177,3662245030.645155,825
2013,L-Q_ServiciosSocialesComunales,Mujer,15-29,2_Medio,10188966.006045712,26129307417.88149,5377
2013,L-Q_ServiciosSocialesComunales,Mujer,15-29,3_Alto,14252763.664290903,82225534860.08641,7767
2013,L-Q_ServiciosSocialesComunales,Mujer,30-49,1_Bajo,10666825.682982095,25455524005.579407,4764
2013,L-Q_ServiciosSocialesComunales,Mujer,30-49,2_Medio,19227759.078004334,56888563948.013824,9089
2013,L-Q_ServiciosSocialesComunales,Mujer,30-49,3_Alto,24728707.983947262,214827675868.364,13332
2013,L-Q_ServiciosSocialesComunales,Mujer,50+,1_Bajo,8402180.032693367,18892305787.42034,4226
2013,L-Q_ServiciosSocialesComunales,Mujer,50+,2_Medio,6149387.276060664,21847749920.690193,2983
2013,L-Q_ServiciosSocialesComunales,Mujer,50+,3_Alto,7026670.144587953,80640881240.49037,4432
2014,A-B_AgriculturaPesca,Hombre,15-29,1_Bajo,12456876.22368692,26497660740.3126,2189
2014,A-B_AgriculturaPesca,Hombre,15-29,2_Medio,13359391.298312781,30831470270.857094,2325
2014,A-B_AgriculturaPesca,Hombre,15-29,3_Alto,889775.9687608058,3239590392.4564667,217
2014,A-B_AgriculturaPesca,Hombre,30-49,1_Bajo,36546684.25750883,86911152351.16034,6113
2014,A-B_AgriculturaPesca,Hombre,30-49,2_Medio,11154854.237154217,33955673523.594376,1962
2014,A-B_AgriculturaPesca,Hombre,30-49,3_Alto,1442374.1865560205,9799584655.687355,375
2014,A-B_AgriculturaPesca,Hombre,50+,1_Bajo,34040403.29590825,78201128999.93463,6735
2014,A-B_AgriculturaPesca,Hombre,50+,2_Medio,3642802.878999288,13219977290.156996,785
2014,A-B_AgriculturaPesca,Hombre,50+,3_Alto,605405.9291763447,6095693455.560969,244
2014,A-B_AgriculturaPesca,Mujer,15-29,1_Bajo,875799.3135083838,1418672681.327577,208
2014,A-B_AgriculturaPesca,Mujer,15-29,2_Medio,1441335.5199984957,2995799089.5247483,343
2014,A-B_AgriculturaPesca,Mujer,15-29,3_Alto,437839.61062073126,1423187531.727876,122
2014,A-B_AgriculturaPesca,Mujer,30-49,1_Bajo,3351989.5776033206,7003661135.254207,871
2014,A-B_AgriculturaPesca,Mujer,30-49,2_Medio,1706066.2858387115,4636297155.240639,387
2014,A-B_AgriculturaPesca,Mujer,30-49,3_Alto,450463.1965734406,3635010575.5958047,142
2014,A-B_AgriculturaPesca,Mujer,50+,1_Bajo,2392398.231596478,5415261734.28676,811
2014,A-B_AgriculturaPesca,Mujer,50+,2_Medio,421601.5635220315,1568290234.9687285,123
2014,A-B_AgriculturaPesca,Mujer,50+,3_Alto,74561.73939097577,949998292.4479437,49
2014,C_Mineria,Hombre,15-29,1_Bajo,864260.2323252216,2246877272.287939,134
2014,C_Mineria,Hombre,15-29,2_Medio,1134429.021226985,4056801432.798711,252
2014,C_Mineria,Hombre,15-29,3_Alto,504886.57895196497,3757366692.4624405,174
2014,C_Mineria,Hombre,30-49,1_Bajo,1383132.5828815873,4654137065.140679,250
2014,C_Mineria,Hombre,30-49,2_Medio,1260262.6694009546,6984671669.416212,324
2014,C_Mineria,Hombre,30-49,3_Alto,1219861.2317689,34739544167.288345,384
2014,C_Mineria,Hombre,50+,1_Bajo,779316.911830429,2192492480.033839,170
2014,C_Mineria,Hombre,50+,2_Medio,395195.835882629,4061768206.6376133,113
2014,C_Mineria,Hombre,50+,3_Alto,307965.10015726165,11147313202.637897,102
2014,C_Mineria,Mujer,15-29,1_Bajo,72548.89496752837,153765039.33330783,18
2014,C_Mineria,Mujer,15-29,2_Medio,136764.46990460364,316420265.120703,31
2014,C_Mineria,Mujer,15-29,3_Alto,172930.00630791733,1898687846.7736924,80
2014,C_Mineria,Mujer,30-49,1_Bajo,241937.76944475828,542319664.7401503,51
2014,C_Mineria,Mujer,30-49,2_Medio,192573.97872952253,627266819.1413442,38
2014,C_Mineria,Mujer,30-49,3_Alto,180541.93822339206,3886699091.9264627,75
2014,C_Mineria,Mujer,50+,1_Bajo,171215.11581489566,221172107.03363833,44
2014,C_Mineria,Mujer,50+,2_Medio,13928.737240319333,22058470.387734834,5
2014,C_Mineria,Mujer,50+,3_Alto,24348.59518902658,380882290.10398066,4
2014,D_Manufactura,Hombre,15-29,1_Bajo,1922701.5589446893,5144650451.873129,566
2014,D_Manufactura,Hombre,15-29,2_Medio,12250779.304079304,39347606075.10524,4050
2014,D_Manufactura,Hombre,15-29,3_Alto,5743245.964274102,30086425529.639755,1853
2014,D_Manufactura,Hombre,30-49,1_Bajo,6527396.220600172,21377225704.04821,1800
2014,D_Manufactura,Hombre,30-49,2_Medio,15980471.653794218,65179317277.122795,4931
2014,D_Manufactura,Hombre,30-49,3_Alto,7344825.461073907,77872655967.06364,2137
2014,D_Manufactura,Hombre,50+,1_Bajo,4872530.091504507,16533802602.333542,1771
2014,D_Manufactura,Hombre,50+,2_Medio,4981301.779524727,23271868508.630165,1788
2014,D_Manufactura,Hombre,50+,3_Alto,1912754.6901803084,21945967654.001637,590
2014,D_Manufactura,Mujer,15-29,1_Bajo,878576.0233010396,1476200233.633061,350
2014,D_Manufactura,Mujer,15-29,2_Medio,5916997.545146084,15219701345.54172,2126
2014,D_Manufactura,Mujer,15-29,3_Alto,4699510.912606511,20895410934.6999,1723
2014,D_Manufactura,Mujer,30-49,1_Bajo,3784328.978286233,7942369331.558752,1483
2014,D_Manufactura,Mujer,30-49,2_Medio,11241783.374213478,32836527962.561142,3998
2014,D_Manufactura,Mujer,30-49,3_Alto,5810474.514715637,46287609580.90282,1931
2014,D_Manufactura,Mujer,50+,1_Bajo,3880128.0078873406,7587888892.392942,2088
2014,D_Manufactura,Mujer,50+,2_Medio,3578031.094520058,10827902680.779255,1784
2014,D_Manufactura,Mujer,50+,3_Alto,1062082.6901221685,7988921761.377943,484
2014,E_ElectricidadGasAgua,Hombre,15-29,1_Bajo,98490.49722636226,290477625.10710686,37
2014,E_ElectricidadGasAgua,Hombre,15-29,2_Medio,790981.3249766076,2720537444.6772285,295
2014,E_ElectricidadGasAgua,Hombre,15-29,3_Alto,428880.5777819947,2773201605.6059356,266
2014,E_ElectricidadGasAgua,Hombre,30-49,1_Bajo,466240.4047762962,1721449377.1251006,162
2014,E_ElectricidadGasAgua,Hombre,30-49,2_Medio,1701582.5844605935,6330730285.504151,655
2014,E_ElectricidadGasAgua,Hombre,30-49,3_Alto,959276.1964724321,10992320063.64853,545
2014,E_ElectricidadGasAgua,Hombre,50+,1_Bajo,361045.7593130449,1117028822.52768,147
2014,E_ElectricidadGasAgua,Hombre,50+,2_Medio,434027.7172857036,2271976898.6595726,185
2014,E_ElectricidadGasAgua,Hombre,50+,3_Alto,308896.8975341587,6011648651.157671,143
2014,E_ElectricidadGasAgua,Mujer,15-29,1_Bajo,6371.629695479209,19698424.673534736,4
2014,E_ElectricidadGasAgua,Mujer,15-29,2_Medio,68168.69632121484,249480615.65825325,25
2014,E_ElectricidadGasAgua,Mujer,15-29,3_Alto,317146.19760869734,2028030759.091854,220
2014,E_ElectricidadGasAgua,Mujer,30-49,1_Bajo,75621.25310721734,197438772.63172784,25
2014,E_ElectricidadGasAgua,Mujer,30-49,2_Medio,244037.60518033875,753206958.5297229,98
2014,E_ElectricidadGasAgua,Mujer,30-49,3_Alto,490483.4873039634,6463729335.89977,296
2014,E_ElectricidadGasAgua,Mujer,50+,1_Bajo,25731.812926564733,87006741.63076621,17
2014,E_ElectricidadGasAgua,Mujer,50+,2_Medio,87634.6580397437,408241965.341528,35
2014,E_ElectricidadGasAgua,Mujer,50+,3_Alto,74239.53741547688,1259616091.3555532,43
2014,F_Construccion,Hombre,15-29,1_Bajo,2980837.506116536,8394467175.340079,1227
2014,F_Construccion,Hombre,15-29,2_Medio,11127280.736010851,33673032973.655724,4685
2014,F_Construccion,Hombre,15-29,3_Alto,1995385.7162654195,10129824980.092031,987
2014,F_Construccion,Hombre,30-49,1_Bajo,10123886.637113748,34460184708.49078,3773
2014,F_Construccion,Hombre,30-49,2_Medio,12004991.53845881,46048479639.57636,4770
2014,F_Construccion,Hombre,30-49,3_Alto,2571757.211959739,24298050964.994415,1116
2014,F_Construccion,Hombre,50+,1_Bajo,7712951.198250836,24822963147.47961,3203
2014,F_Construccion,Hombre,50+,2_Medio,3599905.9661164246,14448982061.034107,1661
2014,F_Construccion,Hombre,50+,3_Alto,1030004.7834902683,13666245467.00626,424
2014,F_Construccion,Mujer,15-29,1_Bajo,55333.178702529505,170033640.8771293,16
2014,F_Construccion,Mujer,15-29,2_Medio,232797.5570568267,683339168.7138579,97
2014,F_Construccion,Mujer,15-29,3_Alto,750790.0965732987,4302300195.8253975,358
2014,F_Construccion,Mujer,30-49,1_Bajo,134933.19089575773,430700515.543515,51
2014,F_Construccion,Mujer,30-49,2_Medio,292494.8124350794,934445131.1456773,137
2014,F_Construccion,Mujer,30-49,3_Alto,752701.7824072884,7200038781.118727,322
2014,F_Construccion,Mujer,50+,1_Bajo,65257.94970899621,173904292.4097113,28
2014,F_Construccion,Mujer,50+,2_Medio,49210.22134865759,250207062.2938669,30
2014,F_Construccion,Mujer,50+,3_Alto,95128.36616520115,1009742028.5933967,42
2014,G-H_ComercioHotelesRest,Hombre,15-29,1_Bajo,3895597.931452014,10173507643.918367,1332
2014,G-H_ComercioHotelesRest,Hombre,15-29,2_Medio,23273107.93603739,69033619673.79538,8910
2014,G-H_ComercioHotelesRest,Hombre,15-29,3_Alto,9592110.758806033,40161064902.43021,4590
2014,G-H_ComercioHotelesRest,Hombre,30-49,1_Bajo,14239696.918596845,43053255189.80125,4859
2014,G-H_ComercioHotelesRest,Hombre,30-49,2_Medio,26875416.43238125,104749933336.12546,10270
2014,G-H_ComercioHotelesRest,Hombre,30-49,3_Alto,10381865.245255971,79983554644.78183,4336
2014,G-H_ComercioHotelesRest,Hombre,50+,1_Bajo,15484527.261201087,40206550517.75847,6281
2014,G-H_ComercioHotelesRest,Hombre,50+,2_Medio,10254593.006313939,40952126191.602585,4354
2014,G-H_ComercioHotelesRest,Hombre,50+,3_Alto,3315146.1385918832,27387436441.0382,1271
2014,G-H_ComercioHotelesRest,Mujer,15-29,1_Bajo,1729682.7903170101,3410570930.8595166,781
2014,G-H_ComercioHotelesRest,Mujer,15-29,2_Medio,15155504.386489753,38515035712.78821,7493
2014,G-H_ComercioHotelesRest,Mujer,15-29,3_Alto,10548618.802562071,39451020138.47902,5859
2014,G-H_ComercioHotelesRest,Mujer,30-49,1_Bajo,13027902.536304235,27604200788.26149,5325
2014,G-H_ComercioHotelesRest,Mujer,30-49,2_Medio,25167422.192843564,72219989158.42297,12514
2014,G-H_ComercioHotelesRest,Mujer,30-49,3_Alto,10848715.635545515,62111826499.81976,5805
2014,G-H_ComercioHotelesRest,Mujer,50+,1_Bajo,12690050.735633548,24154068296.46833,6631
2014,G-H_ComercioHotelesRest,Mujer,50+,2_Medio,8136775.038037465,23800902069.460583,4903
2014,G-H_ComercioHotelesRest,Mujer,50+,3_Alto,2245456.6944893603,13980511016.634157,1188
2014,I_TransporteComunicaciones,Hombre,15-29,1_Bajo,2812076.496124157,5951732455.540512,936
2014,I_TransporteComunicaciones,Hombre,15-29,2_Medio,12401016.691660399,32632187547.034935,4755
2014,I_TransporteComunicaciones,Hombre,15-29,3_Alto,5069170.642822567,25680118164.936153,2191
2014,I_TransporteComunicaciones,Hombre,30-49,1_Bajo,9667885.573478548,24811459112.981636,3188
2014,I_TransporteComunicaciones,Hombre,30-49,2_Medio,20716234.418200683,65791488085.60308,7297
2014,I_TransporteComunicaciones,Hombre,30-49,3_Alto,7186713.764759471,64079561910.00962,2595
2014,I_TransporteComunicaciones,Hombre,50+,1_Bajo,7910290.223593578,22116146641.19418,2925
2014,I_TransporteComunicaciones,Hombre,50+,2_Medio,7552227.596622017,26634912933.881245,2825
2014,I_TransporteComunicaciones,Hombre,50+,3_Alto,2028081.8586550879,17610249609.842804,641
2014,I_TransporteComunicaciones,Mujer,15-29,1_Bajo,160733.06855140466,197903946.334326,57
2014,I_TransporteComunicaciones,Mujer,15-29,2_Medio,2030775.3128982298,4129240187.814419,895
2014,I_TransporteComunicaciones,Mujer,15-29,3_Alto,2887130.488994404,14423224044.077139,1278
2014,I_TransporteComunicaciones,Mujer,30-49,1_Bajo,667303.9875238447,868715830.7704345,302
2014,I_TransporteComunicaciones,Mujer,30-49,2_Medio,2720892.879562635,6681299144.499796,1177
2014,I_TransporteComunicaciones,Mujer,30-49,3_Alto,2837883.910632611,25682182920.346966,1199
2014,I_TransporteComunicaciones,Mujer,50+,1_Bajo,473784.2836313592,745629069.3400137,219
2014,I_TransporteComunicaciones,Mujer,50+,2_Medio,460390.0861246766,1647196877.255779,278
2014,I_TransporteComunicaciones,Mujer,50+,3_Alto,374701.6625822035,3146799789.0741386,167
2014,J-K_FinancieroInmobiliario,Hombre,15-29,1_Bajo,506139.5200684567,1665684848.3654964,152
2014,J-K_FinancieroInmobiliario,Hombre,15-29,2_Medio,4978527.589408693,17818367890.98622,1629
2014,J-K_FinancieroInmobiliario,Hombre,15-29,3_Alto,5828674.759903652,40228108721.8186,2064
2014,J-K_FinancieroInmobiliario,Hombre,30-49,1_Bajo,2458074.658462524,8241172787.753236,672
2014,J-K_FinancieroInmobiliario,Hombre,30-49,2_Medio,7069213.448452537,28165289614.194523,2347
2014,J-K_FinancieroInmobiliario,Hombre,30-49,3_Alto,7756641.035251609,98307653541.39236,2804
2014,J-K_FinancieroInmobiliario,Hombre,50+,1_Bajo,2126836.9431933146,6603091076.504349,764
2014,J-K_FinancieroInmobiliario,Hombre,50+,2_Medio,2803645.455716092,12788005678.191788,1074
2014,J-K_FinancieroInmobiliario,Hombre,50+,3_Alto,3078287.262869746,54789755643.964035,1320
2014,J-K_FinancieroInmobiliario,Mujer,15-29,1_Bajo,249278.6956645053,530885871.1326105,173
2014,J-K_FinancieroInmobiliario,Mujer,15-29,2_Medio,2193554.9284840785,6610711084.0824,1136
2014,J-K_FinancieroInmobiliario,Mujer,15-29,3_Alto,6848760.071829813,38155918997.17641,2779
2014,J-K_FinancieroInmobiliario,Mujer,30-49,1_Bajo,2878151.580749912,7049916205.783499,1757
2014,J-K_FinancieroInmobiliario,Mujer,30-49,2_Medio,5032338.760745961,16048578375.815657,2592
2014,J-K_FinancieroInmobiliario,Mujer,30-49,3_Alto,7364673.806115744,80265038625.99568,3093
2014,J-K_FinancieroInmobiliario,Mujer,50+,1_Bajo,2129377.06128681,5180048866.745875,1328
2014,J-K_FinancieroInmobiliario,Mujer,50+,2_Medio,1460494.045458833,5132448958.489258,811
2014,J-K_FinancieroInmobiliario,Mujer,50+,3_Alto,1384171.0041687207,16978448915.548145,666
2014,L-Q_ServiciosSocialesComunales,Hombre,15-29,1_Bajo,327481.3579546186,750411285.5897925,137
2014,L-Q_ServiciosSocialesComunales,Hombre,15-29,2_Medio,6646569.689215884,22190570300.195084,2663
2014,L-Q_ServiciosSocialesComunales,Hombre,15-29,3_Alto,8455416.238152485,58356757604.105995,4365
2014,L-Q_ServiciosSocialesComunales,Hombre,30-49,1_Bajo,2272472.0929014157,7413202430.27663,681
2014,L-Q_ServiciosSocialesComunales,Hombre,30-49,2_Medio,10089903.33112779,42921196606.33105,3642
2014,L-Q_ServiciosSocialesComunales,Hombre,30-49,3_Alto,16320843.733882211,185578131495.2763,7933
2014,L-Q_ServiciosSocialesComunales,Hombre,50+,1_Bajo,3375748.596657848,9085852870.919117,1301
2014,L-Q_ServiciosSocialesComunales,Hombre,50+,2_Medio,3667094.818922234,16454938650.475275,1619
2014,L-Q_ServiciosSocialesComunales,Hombre,50+,3_Alto,5860711.533265052,96845830727.08801,3468
2014,L-Q_ServiciosSocialesComunales,Mujer,15-29,1_Bajo,1422770.0234531425,3460002453.440858,756
2014,L-Q_ServiciosSocialesComunales,Mujer,15-29,2_Medio,10544418.83655198,27295624500.536858,5431
2014,L-Q_ServiciosSocialesComunales,Mujer,15-29,3_Alto,16086315.028663136,94307712149.94397,8894
2014,L-Q_ServiciosSocialesComunales,Mujer,30-49,1_Bajo,10647613.812216498,27075682973.99193,4555
2014,L-Q_ServiciosSocialesComunales,Mujer,30-49,2_Medio,18168001.64241114,56740763091.85315,8979
2014,L-Q_ServiciosSocialesComunales,Mujer,30-49,3_Alto,26572677.511064734,240600630683.81546,14624
2014,L-Q_ServiciosSocialesComunales,Mujer,50+,1_Bajo,8283158.068432414,21170751315.563675,4232
2014,L-Q_ServiciosSocialesComunales,Mujer,50+,2_Medio,6241402.798575044,21374733337.83355,3190
2014,L-Q_ServiciosSocialesComunales,Mujer,50+,3_Alto,7777970.271956226,94720647981.80324,4831
2015,A-B_AgriculturaPesca,Hombre,15-29,1_Bajo,11977860.410235919,26927951115.55844,2035
2015,A-B_AgriculturaPesca,Hombre,15-29,2_Medio,13326984.498992601,32009139256.674664,2399
2015,A-B_AgriculturaPesca,Hombre,15-29,3_Alto,895709.886298187,3549541631.777345,216
2015,A-B_AgriculturaPesca,Hombre,30-49,1_Bajo,34756801.57254617,88365575381.52736,5823
2015,A-B_AgriculturaPesca,Hombre,30-49,2_Medio,11452837.493323568,35987402710.97751,1987
2015,A-B_AgriculturaPesca,Hombre,30-49,3_Alto,1307623.4740612733,10121207600.625183,312
2015,A-B_AgriculturaPesca,Hombre,50+,1_Bajo,33222304.46283563,79452684733.04446,6649
2015,A-B_AgriculturaPesca,Hombre,50+,2_Medio,3824221.8386220424,15006690391.526506,829
2015,A-B_AgriculturaPesca,Hombre,50+,3_Alto,708329.1040563239,7189997493.737085,231
2015,A-B_AgriculturaPesca,Mujer,15-29,1_Bajo,954885.0607863571,1740033677.067974,213
2015,A-B_AgriculturaPesca,Mujer,15-29,2_Medio,1623869.4716420362,3807839651.8387184,371
2015,A-B_AgriculturaPesca,Mujer,15-29,3_Alto,485033.514597662,1745946209.1031804,134
2015,A-B_AgriculturaPesca,Mujer,30-49,1_Bajo,3747755.131755991,7810973938.291739,874
2015,A-B_AgriculturaPesca,Mujer,30-49,2_Medio,1866759.5313944663,5502841939.574959,411
2015,A-B_AgriculturaPesca,Mujer,30-49,3_Alto,409577.53321736003,3287216585.5959177,144
2015,A-B_AgriculturaPesca,Mujer,50+,1_Bajo,2566841.9726784555,5791760042.854664,845
2015,A-B_AgriculturaPesca,Mujer,50+,2_Medio,370188.41033228487,1159275959.1622586,136
2015,A-B_AgriculturaPesca,Mujer,50+,3_Alto,171119.06541757938,2468645661.5165086,70
2015,C_Mineria,Hombre,15-29,1_Bajo,659353.5529887986,2276938212.7565603,103
2015,C_Mineria,Hombre,15-29,2_Medio,1092858.6966390912,4585350095.740236,222
2015,C_Mineria,Hombre,15-29,3_Alto,574467.503531361,5550343752.550021,166
2015,C_Mineria,Hombre,30-49,1_Bajo,1510141.57423484,4807398284.758566,280
2015,C_Mineria,Hombre,30-49,2_Medio,1290214.547864387,7766245531.741004,295
2015,C_Mineria,Hombre,30-49,3_Alto,1099085.4788442522,19792164204.917274,408
2015,C_Mineria,Hombre,50+,1_Bajo,699483.946007254,2040958303.871587,159
2015,C_Mineria,Hombre,50+,2_Medio,276605.7727783812,2711802379.3203917,115
2015,C_Mineria,Hombre,50+,3_Alto,245307.6575687356,6100594076.546833,96
2015,C_Mineria,Mujer,15-29,1_Bajo,26613.937326029656,18410066.745492626,4
2015,C_Mineria,Mujer,15-29,2_Medio,94654.94849659325,273706828.7716038,24
2015,C_Mineria,Mujer,15-29,3_Alto,141566.05470633175,965719516.210626,62
2015,C_Mineria,Mujer,30-49,1_Bajo,232320.53441957428,671765623.0142722,41
2015,C_Mineria,Mujer,30-49,2_Medio,180446.1995345915,631558972.3940794,31
2015,C_Mineria,Mujer,30-49,3_Alto,361725.29508063156,6363880140.417296,95
2015,C_Mineria,Mujer,50+,1_Bajo,268996.8146999299,431689488.1924857,60
2015,C_Mineria,Mujer,50+,2_Medio,20117.15000713362,57102889.47943513,5
2015,C_Mineria,Mujer,50+,3_Alto,27061.939506164206,2725644452.435344,6
2015,D_Manufactura,Hombre,15-29,1_Bajo,1919389.8725703652,5943485898.503106,517
2015,D_Manufactura,Hombre,15-29,2_Medio,13624835.203418339,44478263452.88115,4231
2015,D_Manufactura,Hombre,15-29,3_Alto,5287789.564053002,25941874354.545643,1883
2015,D_Manufactura,Hombre,30-49,1_Bajo,6345758.587985399,22112191406.363266,1701
2015,D_Manufactura,Hombre,30-49,2_Medio,16741640.885158181,70031290358.6718,5045
2015,D_Manufactura,Hombre,30-49,3_Alto,7337481.842095116,67953598461.23046,2360
2015,D_Manufactura,Hombre,50+,1_Bajo,5238459.89031994,17570985892.79266,1934
2015,D_Manufactura,Hombre,50+,2_Medio,5896301.783376027,28111619483.329372,2041
2015,D_Manufactura,Hombre,50+,3_Alto,2057629.1660170825,26305496844.431202,711
2015,D_Manufactura,Mujer,15-29,1_Bajo,647862.4332985743,999670316.7342551,251
2015,D_Manufactura,Mujer,15-29,2_Medio,6148049.968474298,16488585261.88717,2030
2015,D_Manufactura,Mujer,15-29,3_Alto,4337774.162141121,19293207233.640495,1604
2015,D_Manufactura,Mujer,30-49,1_Bajo,3603281.315315497,7388215122.271539,1334
2015,D_Manufactura,Mujer,30-49,2_Medio,11179076.709818479,34870912932.03066,3853
2015,D_Manufactura,Mujer,30-49,3_Alto,5399360.281799301,42782631119.061424,1999
2015,D_Manufactura,Mujer,50+,1_Bajo,3904668.028482282,7262558769.06487,2002
2015,D_Manufactura,Mujer,50+,2_Medio,3525089.411678836,11822025439.070543,1842
2015,D_Manufactura,Mujer,50+,3_Alto,1151137.7698660407,7597904533.480143,516
2015,E_ElectricidadGasAgua,Hombre,15-29,1_Bajo,187250.9093524755,530397438.30334824,76
2015,E_ElectricidadGasAgua,Hombre,15-29,2_Medio,728257.9929832607,2684888935.985003,273
2015,E_ElectricidadGasAgua,Hombre,15-29,3_Alto,635791.1323372421,3481406954.4531217,308
2015,E_ElectricidadGasAgua,Hombre,30-49,1_Bajo,550225.292605228,1780470041.1740985,205
2015,E_ElectricidadGasAgua,Hombre,30-49,2_Medio,1383038.4662427849,5774136808.676223,596
2015,E_ElectricidadGasAgua,Hombre,30-49,3_Alto,1009964.4980789179,10770083080.169859,546
2015,E_ElectricidadGasAgua,Hombre,50+,1_Bajo,711102.8507055003,2075659120.4707303,270
2015,E_ElectricidadGasAgua,Hombre,50+,2_Medio,562095.0963112941,2810937530.9768424,225
2015,E_ElectricidadGasAgua,Hombre,50+,3_Alto,350698.6682217638,5505909188.280264,170
2015,E_ElectricidadGasAgua,Mujer,15-29,1_Bajo,19349.783831022298,50456293.35212216,12
2015,E_ElectricidadGasAgua,Mujer,15-29,2_Medio,80707.34065457873,227205332.14827925,39
2015,E_ElectricidadGasAgua,Mujer,15-29,3_Alto,339508.3021532943,2314952805.668947,234
2015,E_ElectricidadGasAgua,Mujer,30-49,1_Bajo,153460.43696496068,443519186.83131796,54
2015,E_ElectricidadGasAgua,Mujer,30-49,2_Medio,293428.5390714903,1192508640.7980645,110
2015,E_ElectricidadGasAgua,Mujer,30-49,3_Alto,477329.31186908804,5307764088.445458,305
2015,E_ElectricidadGasAgua,Mujer,50+,1_Bajo,86880.75083360515,251630032.55077258,77
2015,E_ElectricidadGasAgua,Mujer,50+,2_Medio,61683.14799237433,231051673.3756255,43
2015,E_ElectricidadGasAgua,Mujer,50+,3_Alto,96136.26339196444,1104078560.374915,41
2015,F_Construccion,Hombre,15-29,1_Bajo,3059909.2118305713,9655369431.59555,1208
2015,F_Construccion,Hombre,15-29,2_Medio,13168731.536421694,44992236226.57487,5170
2015,F_Construccion,Hombre,15-29,3_Alto,2934121.1069414206,14256440574.42671,1265
2015,F_Construccion,Hombre,30-49,1_Bajo,11524317.30328618,41517935516.72295,3971
2015,F_Construccion,Hombre,30-49,2_Medio,14402164.275800087,59149531476.10357,5345
2015,F_Construccion,Hombre,30-49,3_Alto,3246168.813425886,29344419941.618607,1392
2015,F_Construccion,Hombre,50+,1_Bajo,8128872.992241763,27703181289.481876,3411
2015,F_Construccion,Hombre,50+,2_Medio,4691118.679092981,19283237337.292725,2088
2015,F_Construccion,Hombre,50+,3_Alto,1120547.882712636,13698025486.168238,473
2015,F_Construccion,Mujer,15-29,1_Bajo,40773.121174558226,94249908.54657973,18
2015,F_Construccion,Mujer,15-29,2_Medio,355202.90975934913,1265629187.0768852,127
2015,F_Construccion,Mujer,15-29,3_Alto,956235.0272507361,5787350867.434804,520
2015,F_Construccion,Mujer,30-49,1_Bajo,225827.16677588868,640643639.9387008,67
2015,F_Construccion,Mujer,30-49,2_Medio,648661.9698826022,2406876963.6929407,197
2015,F_Construccion,Mujer,30-49,3_Alto,938043.5298699419,8313916330.441523,503
2015,F_Construccion,Mujer,50+,1_Bajo,87834.37685944149,297904874.2344658,30
2015,F_Construccion,Mujer,50+,2_Medio,139031.64826139717,892530192.5315832,58
2015,F_Construccion,Mujer,50+,3_Alto,154131.1328881254,2092376981.7676942,68
2015,G-H_ComercioHotelesRest,Hombre,15-29,1_Bajo,3590804.312042009,9889597327.507936,1164
2015,G-H_ComercioHotelesRest,Hombre,15-29,2_Medio,21969804.36613021,68659624130.64429,8551
2015,G-H_ComercioHotelesRest,Hombre,15-29,3_Alto,9211664.182205163,41309106359.169106,4474
2015,G-H_ComercioHotelesRest,Hombre,30-49,1_Bajo,13720192.281355465,43682857363.06264,4425
2015,G-H_ComercioHotelesRest,Hombre,30-49,2_Medio,26330595.397185043,107996284288.4466,9714
2015,G-H_ComercioHotelesRest,Hombre,30-49,3_Alto,9624718.956369935,70844014781.39226,4175
2015,G-H_ComercioHotelesRest,Hombre,50+,1_Bajo,14668695.355958696,38978376331.62487,5896
2015,G-H_ComercioHotelesRest,Hombre,50+,2_Medio,9262678.668444129,38647459341.91973,4025
2015,G-H_ComercioHotelesRest,Hombre,50+,3_Alto,2958006.0553836115,26265104433.104626,1238
2015,G-H_ComercioHotelesRest,Mujer,15-29,1_Bajo,1738636.2255192178,3943477967.179534,699
2015,G-H_ComercioHotelesRest,Mujer,15-29,2_Medio,15525765.157663533,42723059562.65656,7442
2015,G-H_ComercioHotelesRest,Mujer,15-29,3_Alto,10161776.202772118,39269602293.14516,5864
2015,G-H_ComercioHotelesRest,Mujer,30-49,1_Bajo,12789662.944932958,28985306257.428288,5064
2015,G-H_ComercioHotelesRest,Mujer,30-49,2_Medio,25926238.95965529,80969247419.2938,12210
2015,G-H_ComercioHotelesRest,Mujer,30-49,3_Alto,10923820.389304757,60553159593.575714,5948
2015,G-H_ComercioHotelesRest,Mujer,50+,1_Bajo,12610880.86893822,26361473192.029587,6522
2015,G-H_ComercioHotelesRest,Mujer,50+,2_Medio,8026393.739623193,24604934474.617928,4960
2015,G-H_ComercioHotelesRest,Mujer,50+,3_Alto,1875982.1116324293,14537811883.487331,1252
2015,I_TransporteComunicaciones,Hombre,15-29,1_Bajo,2526031.4540912635,6042104141.453696,841
2015,I_TransporteComunicaciones,Hombre,15-29,2_Medio,13435402.971667688,37967748402.1299,4750
2015,I_TransporteComunicaciones,Hombre,15-29,3_Alto,5014478.970281455,24794400489.92105,2081
2015,I_TransporteComunicaciones,Hombre,30-49,1_Bajo,9470788.548142264,27655947082.911205,3039
2015,I_TransporteComunicaciones,Hombre,30-49,2_Medio,21656498.39755414,74037967696.46834,7297
2015,I_TransporteComunicaciones,Hombre,30-49,3_Alto,6763932.887197676,53175041321.374245,2495
2015,I_TransporteComunicaciones,Hombre,50+,1_Bajo,7134790.422978756,19985611140.655586,2883
2015,I_TransporteComunicaciones,Hombre,50+,2_Medio,7841225.957248564,28212022555.074688,3034
2015,I_TransporteComunicaciones,Hombre,50+,3_Alto,2061533.0466037458,16032779131.795973,694
2015,I_TransporteComunicaciones,Mujer,15-29,1_Bajo,73045.41054828122,109144554.92490678,40
2015,I_TransporteComunicaciones,Mujer,15-29,2_Medio,1766386.5982839242,4047866195.6388984,781
2015,I_TransporteComunicaciones,Mujer,15-29,3_Alto,3072214.938847225,15206090611.039474,1198
2015,I_TransporteComunicaciones,Mujer,30-49,1_Bajo,618796.3982395508,1116337350.633881,235
2015,I_TransporteComunicaciones,Mujer,30-49,2_Medio,2793277.083003091,6968131465.881043,1128
2015,I_TransporteComunicaciones,Mujer,30-49,3_Alto,2764300.21527802,25434485226.514187,1203
2015,I_TransporteComunicaciones,Mujer,50+,1_Bajo,384312.0127633126,667095771.5353534,236
2015,I_TransporteComunicaciones,Mujer,50+,2_Medio,537164.2583371634,1701002025.5719185,306
2015,I_TransporteComunicaciones,Mujer,50+,3_Alto,491385.3201087975,4503783305.038032,170
2015,J-K_FinancieroInmobiliario,Hombre,15-29,1_Bajo,384872.2869077415,1200196954.3234901,133
2015,J-K_FinancieroInmobiliario,Hombre,15-29,2_Medio,4645985.418909141,16519102895.889507,1636
2015,J-K_FinancieroInmobiliario,Hombre,15-29,3_Alto,5937523.666366086,40002648178.88119,2289
2015,J-K_FinancieroInmobiliario,Hombre,30-49,1_Bajo,2015427.5405879351,6871977796.423723,588
2015,J-K_FinancieroInmobiliario,Hombre,30-49,2_Medio,6822970.788890144,27517018838.3222,2266
2015,J-K_FinancieroInmobiliario,Hombre,30-49,3_Alto,7170606.070585385,96785427767.14597,3038
2015,J-K_FinancieroInmobiliario,Hombre,50+,1_Bajo,2062184.3094440838,6984947323.631694,923
2015,J-K_FinancieroInmobiliario,Hombre,50+,2_Medio,2921340.4500215794,13018154843.481838,1178
2015,J-K_FinancieroInmobiliario,Hombre,50+,3_Alto,2915716.650563923,53322091212.14759,1413
2015,J-K_FinancieroInmobiliario,Mujer,15-29,1_Bajo,255787.14845163588,572167939.4881403,192
2015,J-K_FinancieroInmobiliario,Mujer,15-29,2_Medio,2529982.2929367195,8149863802.217165,1221
2015,J-K_FinancieroInmobiliario,Mujer,15-29,3_Alto,7829335.797473968,46858203756.20521,3101
2015,J-K_FinancieroInmobiliario,Mujer,30-49,1_Bajo,3035453.9873727076,7727329759.189693,1682
2015,J-K_FinancieroInmobiliario,Mujer,30-49,2_Medio,5546957.240658453,18035898610.312386,2750
2015,J-K_FinancieroInmobiliario,Mujer,30-49,3_Alto,8233461.961588312,81146836092.04054,3529
2015,J-K_FinancieroInmobiliario,Mujer,50+,1_Bajo,2538584.757466925,6232925430.362168,1527
2015,J-K_FinancieroInmobiliario,Mujer,50+,2_Medio,1741298.0062933487,6443632822.526746,1010
2015,J-K_FinancieroInmobiliario,Mujer,50+,3_Alto,1514317.857875294,23179592387.880386,773
2015,L-Q_ServiciosSocialesComunales,Hombre,15-29,1_Bajo,496300.8247846323,1692103462.9196923,150
2015,L-Q_ServiciosSocialesComunales,Hombre,15-29,2_Medio,7717495.030439399,27294389696.676014,3004
2015,L-Q_ServiciosSocialesComunales,Hombre,15-29,3_Alto,8373344.2708074525,59139188964.32383,4585
2015,L-Q_ServiciosSocialesComunales,Hombre,30-49,1_Bajo,2621657.968571257,8834895610.358694,778
2015,L-Q_ServiciosSocialesComunales,Hombre,30-49,2_Medio,10662851.526711868,48079950961.077866,4191
2015,L-Q_ServiciosSocialesComunales,Hombre,30-49,3_Alto,16201010.76599631,183538156500.66058,8348
2015,L-Q_ServiciosSocialesComunales,Hombre,50+,1_Bajo,4016718.737471978,10907751057.895498,1660
2015,L-Q_ServiciosSocialesComunales,Hombre,50+,2_Medio,4326063.051370408,20377469964.608463,2047
2015,L-Q_ServiciosSocialesComunales,Hombre,50+,3_Alto,6090325.20744874,100186538234.05595,3640
2015,L-Q_ServiciosSocialesComunales,Mujer,15-29,1_Bajo,1510039.8324463642,3628800388.613035,711
2015,L-Q_ServiciosSocialesComunales,Mujer,15-29,2_Medio,10234035.820278965,29785790306.758762,5311
2015,L-Q_ServiciosSocialesComunales,Mujer,15-29,3_Alto,15181902.713632198,89670970948.35503,8866
2015,L-Q_ServiciosSocialesComunales,Mujer,30-49,1_Bajo,9531627.56354035,25772477167.165665,4470
2015,L-Q_ServiciosSocialesComunales,Mujer,30-49,2_Medio,19674355.74787117,67032065646.10547,9216
2015,L-Q_ServiciosSocialesComunales,Mujer,30-49,3_Alto,26898333.036954608,240284200426.40097,15088
2015,L-Q_ServiciosSocialesComunales,Mujer,50+,1_Bajo,8714090.413855912,21802685405.507072,4738
2015,L-Q_ServiciosSocialesComunales,Mujer,50+,2_Medio,7381102.327083447,23837078297.465015,3807
2015,L-Q_ServiciosSocialesComunales,Mujer,50+,3_Alto,7594668.239651574,88490868383.86261,4892
2016,A-B_AgriculturaPesca,Hombre,15-29,1_Bajo,10501657.963306181,25823446088.097095,1814
2016,A-B_AgriculturaPesca,Hombre,15-29,2_Medio,14326358.949897356,38551756394.9246,2458
2016,A-B_AgriculturaPesca,Hombre,15-29,3_Alto,1288576.9841390045,4392616099.2781105,287
2016,A-B_AgriculturaPesca,Hombre,30-49,1_Bajo,34736785.099408686,94489338376.18459,5487
2016,A-B_AgriculturaPesca,Hombre,30-49,2_Medio,11913958.178842574,38420857909.62567,1974
2016,A-B_AgriculturaPesca,Hombre,30-49,3_Alto,1456444.6772669582,10434636179.61339,343
2016,A-B_AgriculturaPesca,Hombre,50+,1_Bajo,33215001.448434375,86305688583.03436,6369
2016,A-B_AgriculturaPesca,Hombre,50+,2_Medio,4446073.359880025,17147154598.01028,848
2016,A-B_AgriculturaPesca,Hombre,50+,3_Alto,636346.7904930189,8914137264.316029,230
2016,A-B_AgriculturaPesca,Mujer,15-29,1_Bajo,976251.3658065777,2144607994.7930212,222
2016,A-B_AgriculturaPesca,Mujer,15-29,2_Medio,1791197.8925200321,4221498756.7530003,410
2016,A-B_AgriculturaPesca,Mujer,15-29,3_Alto,529405.1501880428,2321869275.5710125,121
2016,A-B_AgriculturaPesca,Mujer,30-49,1_Bajo,3589570.858141423,7738627455.953167,823
2016,A-B_AgriculturaPesca,Mujer,30-49,2_Medio,1923710.5835345886,5544011021.93693,421
2016,A-B_AgriculturaPesca,Mujer,30-49,3_Alto,534968.336260858,3631876626.088645,170
2016,A-B_AgriculturaPesca,Mujer,50+,1_Bajo,2810427.33345626,6624532260.940017,870
2016,A-B_AgriculturaPesca,Mujer,50+,2_Medio,460106.0326537973,1382174879.6799395,145
2016,A-B_AgriculturaPesca,Mujer,50+,3_Alto,76752.49722336678,863598563.6467552,55
2016,C_Mineria,Hombre,15-29,1_Bajo,490060.20085239946,2004554419.5411654,97
2016,C_Mineria,Hombre,15-29,2_Medio,965968.6530993835,4089305603.1933765,173
2016,C_Mineria,Hombre,15-29,3_Alto,278005.06101669744,2508002230.030332,120
2016,C_Mineria,Hombre,30-49,1_Bajo,1235632.8801858383,4734010678.3612795,210
2016,C_Mineria,Hombre,30-49,2_Medio,1179542.290468366,7167660575.465911,255
2016,C_Mineria,Hombre,30-49,3_Alto,997245.0956087958,17425133426.754986,354
2016,C_Mineria,Hombre,50+,1_Bajo,727613.9568865622,2255645958.0915303,171
2016,C_Mineria,Hombre,50+,2_Medio,408516.13165047986,2422511275.1081142,107
2016,C_Mineria,Hombre,50+,3_Alto,195040.14509809445,5236251497.526087,84
2016,C_Mineria,Mujer,15-29,1_Bajo,84039.81982964974,121742398.37263249,12
2016,C_Mineria,Mujer,15-29,2_Medio,95330.61474793295,332947241.8160876,17
2016,C_Mineria,Mujer,15-29,3_Alto,184324.01945865626,2742006562.417355,52
2016,C_Mineria,Mujer,30-49,1_Bajo,163527.9117768569,258576060.42423302,40
2016,C_Mineria,Mujer,30-49,2_Medio,97523.33371436415,386722922.11774236,24
2016,C_Mineria,Mujer,30-49,3_Alto,220460.38189753535,6528890915.813201,52
2016,C_Mineria,Mujer,50+,1_Bajo,126324.28122410268,272800522.70345885,33
2016,C_Mineria,Mujer,50+,2_Medio,26063.597637373947,46009292.53570206,9
2016,C_Mineria,Mujer,50+,3_Alto,19153.217271706864,345235366.93803024,6
2016,D_Manufactura,Hombre,15-29,1_Bajo,1672023.9890923428,5650283971.721297,450
2016,D_Manufactura,Hombre,15-29,2_Medio,12948423.393776057,45241158122.61604,3893
2016,D_Manufactura,Hombre,15-29,3_Alto,5729035.87814904,30155144183.07543,1880
2016,D_Manufactura,Hombre,30-49,1_Bajo,5445988.637276117,19902030269.79222,1574
2016,D_Manufactura,Hombre,30-49,2_Medio,16591203.455831122,72786642446.81665,4802
2016,D_Manufactura,Hombre,30-49,3_Alto,7281922.391044263,66361028980.32707,2199
2016,D_Manufactura,Hombre,50+,1_Bajo,5051165.446355654,17371575604.816017,1765
2016,D_Manufactura,Hombre,50+,2_Medio,6184163.43843979,29273345816.99686,2082
2016,D_Manufactura,Hombre,50+,3_Alto,2072608.2715190025,26369867813.762917,668
2016,D_Manufactura,Mujer,15-29,1_Bajo,729524.2972763799,1495237432.8480446,276
2016,D_Manufactura,Mujer,15-29,2_Medio,5754200.859279996,17516512427.181435,1935
2016,D_Manufactura,Mujer,15-29,3_Alto,4529192.615357604,23114555536.38018,1705
2016,D_Manufactura,Mujer,30-49,1_Bajo,3245424.724364477,7792091256.833342,1136
2016,D_Manufactura,Mujer,30-49,2_Medio,10377046.075704122,33742813428.967148,3547
2016,D_Manufactura,Mujer,30-49,3_Alto,5015284.142795889,41026347816.167854,1916
2016,D_Manufactura,Mujer,50+,1_Bajo,3421958.2723527825,7023695629.230674,1750
2016,D_Manufactura,Mujer,50+,2_Medio,3588532.7744881636,13061581272.652393,1815
2016,D_Manufactura,Mujer,50+,3_Alto,1223832.679595275,12033023285.877054,543
2016,E_ElectricidadGasAgua,Hombre,15-29,1_Bajo,151782.4812835831,461645000.70308673,55
2016,E_ElectricidadGasAgua,Hombre,15-29,2_Medio,751697.4031044156,3055825097.4824095,272
2016,E_ElectricidadGasAgua,Hombre,15-29,3_Alto,521565.60986146476,3100832623.5359993,269
2016,E_ElectricidadGasAgua,Hombre,30-49,1_Bajo,541496.132928431,1949135086.5737038,186
2016,E_ElectricidadGasAgua,Hombre,30-49,2_Medio,1557275.4229963375,6791681423.307951,612
2016,E_ElectricidadGasAgua,Hombre,30-49,3_Alto,976575.8157585424,10251183387.596088,515
2016,E_ElectricidadGasAgua,Hombre,50+,1_Bajo,518733.3827072665,1487024740.9536514,247
2016,E_ElectricidadGasAgua,Hombre,50+,2_Medio,401316.2478260705,1972069265.8266916,202
2016,E_ElectricidadGasAgua,Hombre,50+,3_Alto,298791.9816899098,4692668222.819767,157
2016,E_ElectricidadGasAgua,Mujer,15-29,1_Bajo,4361.160330503111,10224462.650903959,8
2016,E_ElectricidadGasAgua,Mujer,15-29,2_Medio,140647.9569806537,418260695.3287882,37
2016,E_ElectricidadGasAgua,Mujer,15-29,3_Alto,234777.7933451042,1770746236.5995913,194
2016,E_ElectricidadGasAgua,Mujer,30-49,1_Bajo,121017.31311914831,325995716.3672748,57
2016,E_ElectricidadGasAgua,Mujer,30-49,2_Medio,242215.3772288349,936649608.029086,104
2016,E_ElectricidadGasAgua,Mujer,30-49,3_Alto,432534.14057831065,4523519491.320903,297
2016,E_ElectricidadGasAgua,Mujer,50+,1_Bajo,62595.500949833906,156108698.0459152,74
2016,E_ElectricidadGasAgua,Mujer,50+,2_Medio,38290.678582884175,104878507.90573853,27
2016,E_ElectricidadGasAgua,Mujer,50+,3_Alto,141793.4385030273,2125831288.4542766,67
2016,F_Construccion,Hombre,15-29,1_Bajo,3132692.7116147857,9986507753.709547,1120
2016,F_Construccion,Hombre,15-29,2_Medio,12471649.845916066,44426222581.614456,4968
2016,F_Construccion,Hombre,15-29,3_Alto,3012561.479623511,15585402385.223125,1297
2016,F_Construccion,Hombre,30-49,1_Bajo,10523940.919083048,40028867820.85483,3621
2016,F_Construccion,Hombre,30-49,2_Medio,14508908.5094719,61538481288.70067,5428
2016,F_Construccion,Hombre,30-49,3_Alto,3747557.9627705812,40655486133.21647,1531
2016,F_Construccion,Hombre,50+,1_Bajo,8116451.651109388,29335558511.142097,3269
2016,F_Construccion,Hombre,50+,2_Medio,5143511.258472487,22864143441.353912,2113
2016,F_Construccion,Hombre,50+,3_Alto,1109194.8653548516,15105837839.847576,503
2016,F_Construccion,Mujer,15-29,1_Bajo,12370.71899163831,46449977.84615856,7
2016,F_Construccion,Mujer,15-29,2_Medio,271391.39597477176,929400374.1992762,119
2016,F_Construccion,Mujer,15-29,3_Alto,1109819.811379137,6924839271.513505,491
2016,F_Construccion,Mujer,30-49,1_Bajo,125044.31429121488,415586322.6135045,49
2016,F_Construccion,Mujer,30-49,2_Medio,461289.8595698066,1833245191.5870383,182
2016,F_Construccion,Mujer,30-49,3_Alto,1287560.8920796847,13563208128.3927,552
2016,F_Construccion,Mujer,50+,1_Bajo,42328.74177936964,120478785.04374981,23
2016,F_Construccion,Mujer,50+,2_Medio,108589.03083554868,486134995.62409425,42
2016,F_Construccion,Mujer,50+,3_Alto,169319.5623230269,1796989849.2697353,82
2016,G-H_ComercioHotelesRest,Hombre,15-29,1_Bajo,3057983.157330073,8873428348.286263,1047
2016,G-H_ComercioHotelesRest,Hombre,15-29,2_Medio,22268690.941189732,74097567058.15234,8572
2016,G-H_ComercioHotelesRest,Hombre,15-29,3_Alto,9356457.566039171,43847097738.640465,4546
2016,G-H_ComercioHotelesRest,Hombre,30-49,1_Bajo,12559195.870285675,42427656060.24653,4003
2016,G-H_ComercioHotelesRest,Hombre,30-49,2_Medio,26351450.353594765,110219908694.34415,9532
2016,G-H_ComercioHotelesRest,Hombre,30-49,3_Alto,10014075.120926525,75221278484.26219,4202
2016,G-H_ComercioHotelesRest,Hombre,50+,1_Bajo,14564188.909164917,41327598223.43246,5808
2016,G-H_ComercioHotelesRest,Hombre,50+,2_Medio,10302763.343140023,46077009173.289246,4359
2016,G-H_ComercioHotelesRest,Hombre,50+,3_Alto,2953769.492738773,29042941348.38826,1221
2016,G-H_ComercioHotelesRest,Mujer,15-29,1_Bajo,1534920.964608136,3403275286.264799,605
2016,G-H_ComercioHotelesRest,Mujer,15-29,2_Medio,16130524.312762652,47488514285.419334,7319
2016,G-H_ComercioHotelesRest,Mujer,15-29,3_Alto,10273868.036790453,41003177450.05286,5820
2016,G-H_ComercioHotelesRest,Mujer,30-49,1_Bajo,11869695.790248169,27948282271.083447,4726
2016,G-H_ComercioHotelesRest,Mujer,30-49,2_Medio,26702766.677718394,84463122614.94844,12257
2016,G-H_ComercioHotelesRest,Mujer,30-49,3_Alto,11698458.31943079,70813695965.99849,6140
2016,G-H_ComercioHotelesRest,Mujer,50+,1_Bajo,12718515.269493334,26740972786.47174,6704
2016,G-H_ComercioHotelesRest,Mujer,50+,2_Medio,8694602.149893505,28146294659.535892,5198
2016,G-H_ComercioHotelesRest,Mujer,50+,3_Alto,2266905.5163772465,15425219111.39365,1419
2016,I_TransporteComunicaciones,Hombre,15-29,1_Bajo,2210323.240319996,5195253390.919258,726
2016,I_TransporteComunicaciones,Hombre,15-29,2_Medio,12019973.03809268,36312981356.02681,4505
2016,I_TransporteComunicaciones,Hombre,15-29,3_Alto,4458379.930601611,25611206062.42753,1893
2016,I_TransporteComunicaciones,Hombre,30-49,1_Bajo,9581023.209262868,27295385318.431946,2902
2016,I_TransporteComunicaciones,Hombre,30-49,2_Medio,21714680.229169667,77262880306.90628,7177
2016,I_TransporteComunicaciones,Hombre,30-49,3_Alto,6507166.374967818,55985721909.649506,2415
2016,I_TransporteComunicaciones,Hombre,50+,1_Bajo,7361693.361205764,23794140312.12583,2904
2016,I_TransporteComunicaciones,Hombre,50+,2_Medio,8171022.167991854,30937657761.21795,3139
2016,I_TransporteComunicaciones,Hombre,50+,3_Alto,1974161.6292424947,18915159128.99234,711
2016,I_TransporteComunicaciones,Mujer,15-29,1_Bajo,43109.53157870441,117321924.99043526,25
2016,I_TransporteComunicaciones,Mujer,15-29,2_Medio,1711142.457146237,5031574978.982782,698
2016,I_TransporteComunicaciones,Mujer,15-29,3_Alto,2878831.1665889546,14988048888.95049,1064
2016,I_TransporteComunicaciones,Mujer,30-49,1_Bajo,508888.3779538447,868376489.4957364,199
2016,I_TransporteComunicaciones,Mujer,30-49,2_Medio,2403921.7408455005,6907814275.318188,1036
2016,I_TransporteComunicaciones,Mujer,30-49,3_Alto,2656320.5549587766,24032219577.09578,1053
2016,I_TransporteComunicaciones,Mujer,50+,1_Bajo,411131.0913655798,1033058086.9731314,203
2016,I_TransporteComunicaciones,Mujer,50+,2_Medio,693347.9110483632,2106296568.2588046,328
2016,I_TransporteComunicaciones,Mujer,50+,3_Alto,336441.3915922629,4391798936.477597,174
2016,J-K_FinancieroInmobiliario,Hombre,15-29,1_Bajo,335571.6765306251,1230293143.737336,117
2016,J-K_FinancieroInmobiliario,Hombre,15-29,2_Medio,4907066.351723716,18020433911.68077,1686
2016,J-K_FinancieroInmobiliario,Hombre,15-29,3_Alto,5733736.851447945,41287038360.85511,2251
2016,J-K_FinancieroInmobiliario,Hombre,30-49,1_Bajo,1798441.3479093318,5881434791.831551,526
2016,J-K_FinancieroInmobiliario,Hombre,30-49,2_Medio,7300250.998077475,31018667116.866173,2318
2016,J-K_FinancieroInmobiliario,Hombre,30-49,3_Alto,8014193.542625351,103443194165.22858,3161
2016,J-K_FinancieroInmobiliario,Hombre,50+,1_Bajo,2248009.0449080993,6791136582.340416,934
2016,J-K_FinancieroInmobiliario,Hombre,50+,2_Medio,3128924.632067798,15995620334.958506,1211
2016,J-K_FinancieroInmobiliario,Hombre,50+,3_Alto,3066350.2313446198,53487872603.11151,1480
2016,J-K_FinancieroInmobiliario,Mujer,15-29,1_Bajo,263610.20782849897,571972227.1104167,171
2016,J-K_FinancieroInmobiliario,Mujer,15-29,2_Medio,2976234.296929605,9938684342.36916,1240
2016,J-K_FinancieroInmobiliario,Mujer,15-29,3_Alto,7458552.4254883565,45922715340.20769,3073
2016,J-K_FinancieroInmobiliario,Mujer,30-49,1_Bajo,3061630.0847304566,8324146961.857279,1649
2016,J-K_FinancieroInmobiliario,Mujer,30-49,2_Medio,6008906.393844662,22542114876.1517,2906
2016,J-K_FinancieroInmobiliario,Mujer,30-49,3_Alto,8474241.069203347,88808858230.68115,3516
2016,J-K_FinancieroInmobiliario,Mujer,50+,1_Bajo,2349765.403749966,6491206650.367439,1468
2016,J-K_FinancieroInmobiliario,Mujer,50+,2_Medio,1723432.175283488,6902149648.427441,1071
2016,J-K_FinancieroInmobiliario,Mujer,50+,3_Alto,1716433.3557391819,25416609026.05558,861
2016,L-Q_ServiciosSocialesComunales,Hombre,15-29,1_Bajo,496639.21306716977,1454988150.4688733,158
2016,L-Q_ServiciosSocialesComunales,Hombre,15-29,2_Medio,7220093.780580688,26734829531.322884,2863
2016,L-Q_ServiciosSocialesComunales,Hombre,15-29,3_Alto,8136740.886386024,58160110108.80286,4552
2016,L-Q_ServiciosSocialesComunales,Hombre,30-49,1_Bajo,2350021.4634644277,8253567285.462565,697
2016,L-Q_ServiciosSocialesComunales,Hombre,30-49,2_Medio,11082198.776555954,52461136458.415985,3985
2016,L-Q_ServiciosSocialesComunales,Hombre,30-49,3_Alto,17015958.20007264,204140546702.28433,8256
2016,L-Q_ServiciosSocialesComunales,Hombre,50+,1_Bajo,4241075.849328004,13076990610.649014,1609
2016,L-Q_ServiciosSocialesComunales,Hombre,50+,2_Medio,4827310.799166588,23114993669.60557,2138
2016,L-Q_ServiciosSocialesComunales,Hombre,50+,3_Alto,6497885.589677008,117529867894.3686,3696
2016,L-Q_ServiciosSocialesComunales,Mujer,15-29,1_Bajo,1075395.04263832,2616579606.8540072,550
2016,L-Q_ServiciosSocialesComunales,Mujer,15-29,2_Medio,10440619.579517767,31338852003.496956,5213
2016,L-Q_ServiciosSocialesComunales,Mujer,15-29,3_Alto,14458854.240128681,90747233753.74445,8451
2016,L-Q_ServiciosSocialesComunales,Mujer,30-49,1_Bajo,8333366.231281528,23836047406.510525,3982
2016,L-Q_ServiciosSocialesComunales,Mujer,30-49,2_Medio,19217459.413471915,66838398516.838974,8741
2016,L-Q_ServiciosSocialesComunales,Mujer,30-49,3_Alto,27433511.48534505,262129142872.2824,14863
2016,L-Q_ServiciosSocialesComunales,Mujer,50+,1_Bajo,8265117.322053095,22222447161.441795,4522
2016,L-Q_ServiciosSocialesComunales,Mujer,50+,2_Medio,7132467.41210066,27293277690.554276,3873
2016,L-Q_ServiciosSocialesComunales,Mujer,50+,3_Alto,8467104.881826041,107825119747.07178,5266
2017,A-B_AgriculturaPesca,Hombre,15-29,1_Bajo,10954121.70695303,29203977277.781425,1764
2017,A-B_AgriculturaPesca,Hombre,15-29,2_Medio,15145806.402066061,44172151506.211716,2602
2017,A-B_AgriculturaPesca,Hombre,15-29,3_Alto,1264359.161054716,5260294015.857754,298
2017,A-B_AgriculturaPesca,Hombre,30-49,1_Bajo,35116333.40317947,105122068344.63538,5510
2017,A-B_AgriculturaPesca,Hombre,30-49,2_Medio,12852402.509515103,43983535406.10343,2121
2017,A-B_AgriculturaPesca,Hombre,30-49,3_Alto,1591288.940901602,9822071259.245562,399
2017,A-B_AgriculturaPesca,Hombre,50+,1_Bajo,35078807.959954344,100546119679.21515,6768
2017,A-B_AgriculturaPesca,Hombre,50+,2_Medio,4532670.157342343,19206658935.764698,930
2017,A-B_AgriculturaPesca,Hombre,50+,3_Alto,749560.8503643647,6285363067.673565,264
2017,A-B_AgriculturaPesca,Mujer,15-29,1_Bajo,625670.9686004024,1319186311.804865,155
2017,A-B_AgriculturaPesca,Mujer,15-29,2_Medio,1826707.0655415356,4934457630.05669,409
2017,A-B_AgriculturaPesca,Mujer,15-29,3_Alto,642683.4797094552,2850586323.991515,152
2017,A-B_AgriculturaPesca,Mujer,30-49,1_Bajo,3519635.325623796,9241834441.991947,838
2017,A-B_AgriculturaPesca,Mujer,30-49,2_Medio,2241264.3506034613,6868887552.352937,475
2017,A-B_AgriculturaPesca,Mujer,30-49,3_Alto,524886.2834773384,4535507016.010597,166
2017,A-B_AgriculturaPesca,Mujer,50+,1_Bajo,2858245.5045517683,7089935970.927771,926
2017,A-B_AgriculturaPesca,Mujer,50+,2_Medio,551228.2208250762,2060099204.4088233,163
2017,A-B_AgriculturaPesca,Mujer,50+,3_Alto,133716.96051210698,1943839698.3128994,59
2017,C_Mineria,Hombre,15-29,1_Bajo,401869.3145603338,1474128414.9072952,67
2017,C_Mineria,Hombre,15-29,2_Medio,1169236.1904283795,4623731549.450187,197
2017,C_Mineria,Hombre,15-29,3_Alto,437038.99600826716,3512669175.837035,108
2017,C_Mineria,Hombre,30-49,1_Bajo,1508143.6456665103,5326452710.753683,229
2017,C_Mineria,Hombre,30-49,2_Medio,1138347.6108142703,6394930799.582561,226
2017,C_Mineria,Hombre,30-49,3_Alto,782397.045471415,14348048366.924038,275
2017,C_Mineria,Hombre,50+,1_Bajo,830794.4112846343,3563596617.4369373,166
2017,C_Mineria,Hombre,50+,2_Medio,262601.7082052699,2645944966.1635423,82
2017,C_Mineria,Hombre,50+,3_Alto,162433.66125294878,4651650422.958821,61
2017,C_Mineria,Mujer,15-29,1_Bajo,37341.57093828294,111426723.25978296,6
2017,C_Mineria,Mujer,15-29,2_Medio,105246.22554405814,403763828.3658871,25
2017,C_Mineria,Mujer,15-29,3_Alto,157898.50633556567,1373438199.0407815,45
2017,C_Mineria,Mujer,30-49,1_Bajo,275173.89346310875,451900426.7677498,49
2017,C_Mineria,Mujer,30-49,2_Medio,120370.15036820012,448979995.0303222,26
2017,C_Mineria,Mujer,30-49,3_Alto,246253.67162760798,5365933740.037525,67
2017,C_Mineria,Mujer,50+,1_Bajo,216804.78815346875,358997827.0090201,52
2017,C_Mineria,Mujer,50+,2_Medio,37380.809898748485,82860425.12999877,12
2017,C_Mineria,Mujer,50+,3_Alto,27340.70395780967,524261216.79214203,11
2017,D_Manufactura,Hombre,15-29,1_Bajo,1467278.0187960893,5014986707.006667,382
2017,D_Manufactura,Hombre,15-29,2_Medio,12272479.061179833,45427560143.06495,3559
2017,D_Manufactura,Hombre,15-29,3_Alto,4992700.392162903,26941820050.52996,1645
2017,D_Manufactura,Hombre,30-49,1_Bajo,5640486.230025321,21003664288.624023,1424
2017,D_Manufactura,Hombre,30-49,2_Medio,15920682.80869286,74754524121.8931,4667
2017,D_Manufactura,Hombre,30-49,3_Alto,6897479.976057065,72009492720.25566,2136
2017,D_Manufactura,Hombre,50+,1_Bajo,4832966.586016099,17136224399.721624,1766
2017,D_Manufactura,Hombre,50+,2_Medio,6304587.084798327,31427670681.532642,2171
2017,D_Manufactura,Hombre,50+,3_Alto,2225993.57948268,25030821437.23795,668
2017,D_Manufactura,Mujer,15-29,1_Bajo,599779.5457548677,1042905917.690973,214
2017,D_Manufactura,Mujer,15-29,2_Medio,5696092.359222739,17872819302.859962,1803
2017,D_Manufactura,Mujer,15-29,3_Alto,4316791.153776208,24992974597.758247,1539
2017,D_Manufactura,Mujer,30-49,1_Bajo,3571813.410783926,8242582548.185424,1095
2017,D_Manufactura,Mujer,30-49,2_Medio,10771000.75614084,37988840400.397705,3646
2017,D_Manufactura,Mujer,30-49,3_Alto,5476941.558577033,47662559114.89962,1970
2017,D_Manufactura,Mujer,50+,1_Bajo,3885313.7328868443,7562811115.509991,1925
2017,D_Manufactura,Mujer,50+,2_Medio,3808062.8515764773,12669595029.220604,1946
2017,D_Manufactura,Mujer,50+,3_Alto,1139240.5377386496,10568986504.017162,504
2017,E_ElectricidadGasAgua,Hombre,15-29,1_Bajo,268791.06830788846,813900911.2782048,49
2017,E_ElectricidadGasAgua,Hombre,15-29,2_Medio,702907.9380942435,2940173993.966165,271
2017,E_ElectricidadGasAgua,Hombre,15-29,3_Alto,447991.2343001219,3130296619.8479238,254
2017,E_ElectricidadGasAgua,Hombre,30-49,1_Bajo,558164.5734907956,2000407655.4148805,199
2017,E_ElectricidadGasAgua,Hombre,30-49,2_Medio,1495900.4669307992,6793929267.304192,522
2017,E_ElectricidadGasAgua,Hombre,30-49,3_Alto,1044239.3399238127,12179103316.765581,498
2017,E_ElectricidadGasAgua,Hombre,50+,1_Bajo,618256.4671232145,2049234061.74542,239
2017,E_ElectricidadGasAgua,Hombre,50+,2_Medio,506664.39324174495,2774793114.3387814,237
2017,E_ElectricidadGasAgua,Hombre,50+,3_Alto,296240.3651235141,5963313778.697982,153
2017,E_ElectricidadGasAgua,Mujer,15-29,1_Bajo,27268.660651915023,38184202.60750367,9
2017,E_ElectricidadGasAgua,Mujer,15-29,2_Medio,83923.98846953259,301338835.98878336,37
2017,E_ElectricidadGasAgua,Mujer,15-29,3_Alto,358803.92909956997,1926144881.071455,188
2017,E_ElectricidadGasAgua,Mujer,30-49,1_Bajo,90926.336399441,295161251.88826686,49
2017,E_ElectricidadGasAgua,Mujer,30-49,2_Medio,259380.70776766856,1093039798.8524122,99
2017,E_ElectricidadGasAgua,Mujer,30-49,3_Alto,672707.5194368659,8900897160.326202,311
2017,E_ElectricidadGasAgua,Mujer,50+,1_Bajo,96537.63019006283,246092438.32786447,79
2017,E_ElectricidadGasAgua,Mujer,50+,2_Medio,41487.276679418246,216949306.45310217,35
2017,E_ElectricidadGasAgua,Mujer,50+,3_Alto,65253.167896499406,1213511881.587557,51
2017,F_Construccion,Hombre,15-29,1_Bajo,2390082.748326935,7933434983.459654,873
2017,F_Construccion,Hombre,15-29,2_Medio,11527813.94626596,41497061762.9867,4318
2017,F_Construccion,Hombre,15-29,3_Alto,2914880.6635324643,16391943777.665207,1197
2017,F_Construccion,Hombre,30-49,1_Bajo,9928488.07662715,39018942217.7018,3262
2017,F_Construccion,Hombre,30-49,2_Medio,14119088.449347964,62260988370.4472,5153
2017,F_Construccion,Hombre,30-49,3_Alto,3831270.8189766943,45233582569.24,1498
2017,F_Construccion,Hombre,50+,1_Bajo,7940073.568884722,29894402126.34647,3223
2017,F_Construccion,Hombre,50+,2_Medio,5231352.207918261,23686728653.149796,2159
2017,F_Construccion,Hombre,50+,3_Alto,1060092.8000337903,12899373931.222599,513
2017,F_Construccion,Mujer,15-29,1_Bajo,35981.25926489398,112190617.36533852,10
2017,F_Construccion,Mujer,15-29,2_Medio,348626.42610309157,1158151361.6955235,136
2017,F_Construccion,Mujer,15-29,3_Alto,1132816.424136114,7346814586.824598,536
2017,F_Construccion,Mujer,30-49,1_Bajo,224954.03873535307,755429453.5709127,68
2017,F_Construccion,Mujer,30-49,2_Medio,571923.2450547896,2406419480.8313627,203
2017,F_Construccion,Mujer,30-49,3_Alto,1035753.6206211528,13438444913.05098,480
2017,F_Construccion,Mujer,50+,1_Bajo,73434.54490745929,196328910.72546098,38
2017,F_Construccion,Mujer,50+,2_Medio,133617.41160845585,696440430.8943415,50
2017,F_Construccion,Mujer,50+,3_Alto,162998.2720661051,3292741661.865627,85
2017,G-H_ComercioHotelesRest,Hombre,15-29,1_Bajo,2789686.5930882245,7984798942.597517,947
2017,G-H_ComercioHotelesRest,Hombre,15-29,2_Medio,22051569.23618697,76434469687.66396,8201
2017,G-H_ComercioHotelesRest,Hombre,15-29,3_Alto,9653881.490526902,47494408965.93586,4556
2017,G-H_ComercioHotelesRest,Hombre,30-49,1_Bajo,11998006.610314421,42110772868.228035,3820
2017,G-H_ComercioHotelesRest,Hombre,30-49,2_Medio,25222716.638588194,110649499291.78839,9154
2017,G-H_ComercioHotelesRest,Hombre,30-49,3_Alto,10319443.392584244,81518470141.51956,4200
2017,G-H_ComercioHotelesRest,Hombre,50+,1_Bajo,14155756.962850291,41396631762.33965,5570
2017,G-H_ComercioHotelesRest,Hombre,50+,2_Medio,10269386.869324319,46667620744.989296,4273
2017,G-H_ComercioHotelesRest,Hombre,50+,3_Alto,2917740.6265080376,30115786911.0276,1196
2017,G-H_ComercioHotelesRest,Mujer,15-29,1_Bajo,1154912.647810959,2927844934.319069,503
2017,G-H_ComercioHotelesRest,Mujer,15-29,2_Medio,16220911.100971669,50454399092.84834,6934
2017,G-H_ComercioHotelesRest,Mujer,15-29,3_Alto,10540163.644687545,44457805682.449554,5811
2017,G-H_ComercioHotelesRest,Mujer,30-49,1_Bajo,10980034.61966387,27604141322.173714,4164
2017,G-H_ComercioHotelesRest,Mujer,30-49,2_Medio,26212616.081188012,87344534622.49495,11683
2017,G-H_ComercioHotelesRest,Mujer,30-49,3_Alto,11150280.601850785,65933119731.511665,5867
2017,G-H_ComercioHotelesRest,Mujer,50+,1_Bajo,12648135.341791479,27805016732.705524,6175
2017,G-H_ComercioHotelesRest,Mujer,50+,2_Medio,8688290.357018689,29374429069.60792,5167
2017,G-H_ComercioHotelesRest,Mujer,50+,3_Alto,2227983.3762521497,16424345477.815107,1409
2017,I_TransporteComunicaciones,Hombre,15-29,1_Bajo,2190781.7898095585,5527661184.209136,708
2017,I_TransporteComunicaciones,Hombre,15-29,2_Medio,12514870.919915639,39294614082.8291,4194
2017,I_TransporteComunicaciones,Hombre,15-29,3_Alto,4642310.556041664,27079227433.58454,1845
2017,I_TransporteComunicaciones,Hombre,30-49,1_Bajo,8553465.848851193,25740998055.94626,2682
2017,I_TransporteComunicaciones,Hombre,30-49,2_Medio,20653797.07716985,75356604246.84834,6783
2017,I_TransporteComunicaciones,Hombre,30-49,3_Alto,6976036.603983183,61062819725.185646,2366
2017,I_TransporteComunicaciones,Hombre,50+,1_Bajo,7250806.143251294,23252255345.933216,2823
2017,I_TransporteComunicaciones,Hombre,50+,2_Medio,8175594.643616571,32279436491.909744,3142
2017,I_TransporteComunicaciones,Hombre,50+,3_Alto,1765711.5759389233,19839103667.0423,667
2017,I_TransporteComunicaciones,Mujer,15-29,1_Bajo,54693.70473903473,119705815.45821112,20
2017,I_TransporteComunicaciones,Mujer,15-29,2_Medio,1517806.6240909789,4496991469.167634,605
2017,I_TransporteComunicaciones,Mujer,15-29,3_Alto,2367499.4987333003,12991425330.550323,998
2017,I_TransporteComunicaciones,Mujer,30-49,1_Bajo,471575.7354251541,865251003.9018533,168
2017,I_TransporteComunicaciones,Mujer,30-49,2_Medio,2182620.933944133,7139680126.977839,895
2017,I_TransporteComunicaciones,Mujer,30-49,3_Alto,2767326.7444995493,28571206961.299026,1054
2017,I_TransporteComunicaciones,Mujer,50+,1_Bajo,399736.50284453994,1035691534.5762066,186
2017,I_TransporteComunicaciones,Mujer,50+,2_Medio,653743.1851822109,2342340642.546403,299
2017,I_TransporteComunicaciones,Mujer,50+,3_Alto,499024.34994165244,5302860412.3737135,178
2017,J-K_FinancieroInmobiliario,Hombre,15-29,1_Bajo,346029.1365775102,1197089029.6783435,107
2017,J-K_FinancieroInmobiliario,Hombre,15-29,2_Medio,4871057.461892046,19332360506.904285,1583
2017,J-K_FinancieroInmobiliario,Hombre,15-29,3_Alto,5574957.509859057,38884026693.764534,2240
2017,J-K_FinancieroInmobiliario,Hombre,30-49,1_Bajo,1852542.8898034177,6802406520.083993,514
2017,J-K_FinancieroInmobiliario,Hombre,30-49,2_Medio,6679677.70592371,30708044929.515026,2162
2017,J-K_FinancieroInmobiliario,Hombre,30-49,3_Alto,8059056.170279008,107979677931.31168,3072
2017,J-K_FinancieroInmobiliario,Hombre,50+,1_Bajo,2490771.8131705644,8032123574.517334,958
2017,J-K_FinancieroInmobiliario,Hombre,50+,2_Medio,3164966.988900926,15447393680.08222,1249
2017,J-K_FinancieroInmobiliario,Hombre,50+,3_Alto,2980856.9591792333,55287076423.22423,1399
2017,J-K_FinancieroInmobiliario,Mujer,15-29,1_Bajo,204966.68055346358,510577415.78635395,128
2017,J-K_FinancieroInmobiliario,Mujer,15-29,2_Medio,2975187.996597778,11111834641.629564,1264
2017,J-K_FinancieroInmobiliario,Mujer,15-29,3_Alto,7758608.415437686,49741128643.20959,3094
2017,J-K_FinancieroInmobiliario,Mujer,30-49,1_Bajo,2635648.9727214314,8060857282.7802515,1451
2017,J-K_FinancieroInmobiliario,Mujer,30-49,2_Medio,6280473.6858675955,23247017810.427837,2851
2017,J-K_FinancieroInmobiliario,Mujer,30-49,3_Alto,8509756.690923957,98952746695.15332,3517
2017,J-K_FinancieroInmobiliario,Mujer,50+,1_Bajo,2546245.92264518,7379079046.289138,1591
2017,J-K_FinancieroInmobiliario,Mujer,50+,2_Medio,2104256.4440132407,8683455818.891203,1170
2017,J-K_FinancieroInmobiliario,Mujer,50+,3_Alto,1809219.5266600393,23641389907.526695,873
2017,L-Q_ServiciosSocialesComunales,Hombre,15-29,1_Bajo,323005.0600774531,932982198.8914757,129
2017,L-Q_ServiciosSocialesComunales,Hombre,15-29,2_Medio,7133139.14469061,28712011124.84749,2834
2017,L-Q_ServiciosSocialesComunales,Hombre,15-29,3_Alto,7773318.660020263,60871826799.70758,4183
2017,L-Q_ServiciosSocialesComunales,Hombre,30-49,1_Bajo,2549489.671683467,9055868613.249855,672
2017,L-Q_ServiciosSocialesComunales,Hombre,30-49,2_Medio,11018375.275280917,53799857448.49875,3930
2017,L-Q_ServiciosSocialesComunales,Hombre,30-49,3_Alto,16267284.357044239,204003401963.84857,7755
2017,L-Q_ServiciosSocialesComunales,Hombre,50+,1_Bajo,4111310.3938290323,12775959694.577948,1621
2017,L-Q_ServiciosSocialesComunales,Hombre,50+,2_Medio,4861438.412562164,24392015235.476166,2123
2017,L-Q_ServiciosSocialesComunales,Hombre,50+,3_Alto,6242382.432113873,112984302733.44127,3527
2017,L-Q_ServiciosSocialesComunales,Mujer,15-29,1_Bajo,963957.9514699595,2558073818.5281043,461
2017,L-Q_ServiciosSocialesComunales,Mujer,15-29,2_Medio,10542892.613123583,34683289967.30178,4825
2017,L-Q_ServiciosSocialesComunales,Mujer,15-29,3_Alto,14454720.881491655,100886595824.83725,7795
2017,L-Q_ServiciosSocialesComunales,Mujer,30-49,1_Bajo,7984452.914830068,24222407798.586773,3448
2017,L-Q_ServiciosSocialesComunales,Mujer,30-49,2_Medio,19561301.846750338,72735463543.4592,8753
2017,L-Q_ServiciosSocialesComunales,Mujer,30-49,3_Alto,26222020.994964007,264348585664.24283,13886
2017,L-Q_ServiciosSocialesComunales,Mujer,50+,1_Bajo,8263805.710265152,23486658396.373577,4410
2017,L-Q_ServiciosSocialesComunales,Mujer,50+,2_Medio,7518711.431106643,29317486365.188755,3986
2017,L-Q_ServiciosSocialesComunales,Mujer,50+,3_Alto,8211846.98573716,116499276549.17508,4910
2018,A-B_AgriculturaPesca,Hombre,15-29,1_Bajo,11108183.580229856,30181988911.64147,1625
2018,A-B_AgriculturaPesca,Hombre,15-29,2_Medio,16185842.36606606,48273833829.710075,2687
2018,A-B_AgriculturaPesca,Hombre,15-29,3_Alto,1244372.7616496487,5235101610.231003,309
2018,A-B_AgriculturaPesca,Hombre,30-49,1_Bajo,34560428.27334601,105585837904.62703,5136
2018,A-B_AgriculturaPesca,Hombre,30-49,2_Medio,12787684.726924062,44358295512.28715,2100
2018,A-B_AgriculturaPesca,Hombre,30-49,3_Alto,1268208.6737656686,8534992629.71974,312
2018,A-B_AgriculturaPesca,Hombre,50+,1_Bajo,34806134.4361151,101632243192.3091,6684
2018,A-B_AgriculturaPesca,Hombre,50+,2_Medio,4813191.694520729,21454167842.77205,948
2018,A-B_AgriculturaPesca,Hombre,50+,3_Alto,900119.1406765882,8524153317.703354,269
2018,A-B_AgriculturaPesca,Mujer,15-29,1_Bajo,930491.4744727955,2007977859.2778046,164
2018,A-B_AgriculturaPesca,Mujer,15-29,2_Medio,2086090.5756991562,5956538353.027355,423
2018,A-B_AgriculturaPesca,Mujer,15-29,3_Alto,434901.9503528085,2121957152.5168924,115
2018,A-B_AgriculturaPesca,Mujer,30-49,1_Bajo,3662737.2180729695,9527818719.540562,788
2018,A-B_AgriculturaPesca,Mujer,30-49,2_Medio,2274326.4132468905,7065406782.253814,472
2018,A-B_AgriculturaPesca,Mujer,30-49,3_Alto,622675.8811283661,4694725457.022214,188
2018,A-B_AgriculturaPesca,Mujer,50+,1_Bajo,2781671.7057619845,6790306830.433003,901
2018,A-B_AgriculturaPesca,Mujer,50+,2_Medio,376568.09256697376,1205841995.4673615,129
2018,A-B_AgriculturaPesca,Mujer,50+,3_Alto,118531.52024504874,1811515381.7064116,64
2018,C_Mineria,Hombre,15-29,1_Bajo,642085.585294726,2147125349.8013403,85
2018,C_Mineria,Hombre,15-29,2_Medio,1135615.0445306206,5189971950.359645,202
2018,C_Mineria,Hombre,15-29,3_Alto,363870.44089552766,3088583377.6092324,126
2018,C_Mineria,Hombre,30-49,1_Bajo,1460546.0779370451,6164401079.04683,234
2018,C_Mineria,Hombre,30-49,2_Medio,1403596.297679181,8807629572.251879,258
2018,C_Mineria,Hombre,30-49,3_Alto,1164107.4843121895,28015215975.14642,325
2018,C_Mineria,Hombre,50+,1_Bajo,871231.5564084956,3510285153.4670167,157
2018,C_Mineria,Hombre,50+,2_Medio,319453.339101877,3169604038.878323,88
2018,C_Mineria,Hombre,50+,3_Alto,253408.3015683451,10330728760.372599,90
2018,C_Mineria,Mujer,15-29,1_Bajo,22776.24034044726,18423651.05804753,5
2018,C_Mineria,Mujer,15-29,2_Medio,78119.44773405646,189066896.47738284,19
2018,C_Mineria,Mujer,15-29,3_Alto,164117.30991467455,1418465723.955561,55
2018,C_Mineria,Mujer,30-49,1_Bajo,268629.65720475785,484647944.4095798,48
2018,C_Mineria,Mujer,30-49,2_Medio,203767.64536568572,574346090.5497687,43
2018,C_Mineria,Mujer,30-49,3_Alto,284009.1935894365,9485562168.16755,74
2018,C_Mineria,Mujer,50+,1_Bajo,174103.46047250196,275967239.0946262,43
2018,C_Mineria,Mujer,50+,2_Medio,32057.08956515973,152107812.0666568,8
2018,C_Mineria,Mujer,50+,3_Alto,25654.34937852774,905539940.7241033,9
2018,D_Manufactura,Hombre,15-29,1_Bajo,1490190.3947021996,4606964393.395496,347
2018,D_Manufactura,Hombre,15-29,2_Medio,12294955.173023619,47572094056.48542,3486
2018,D_Manufactura,Hombre,15-29,3_Alto,5030292.699199978,28780548253.882343,1700
2018,D_Manufactura,Hombre,30-49,1_Bajo,5258737.7431187425,20390843047.08905,1364
2018,D_Manufactura,Hombre,30-49,2_Medio,16755171.261206685,81666278196.94945,4900
2018,D_Manufactura,Hombre,30-49,3_Alto,7067412.187449061,61446018301.766,2124
2018,D_Manufactura,Hombre,50+,1_Bajo,4919837.938983874,17514924791.88569,1760
2018,D_Manufactura,Hombre,50+,2_Medio,6285656.908568404,32842140451.44244,2218
2018,D_Manufactura,Hombre,50+,3_Alto,2173437.630710322,29989963557.371967,700
2018,D_Manufactura,Mujer,15-29,1_Bajo,642616.0086138542,1003550128.6034977,195
2018,D_Manufactura,Mujer,15-29,2_Medio,5550267.433001365,17376053423.96041,1762
2018,D_Manufactura,Mujer,15-29,3_Alto,3966515.0991034578,20913261483.52923,1523
2018,D_Manufactura,Mujer,30-49,1_Bajo,3444517.9183127484,8135203979.085364,1091
2018,D_Manufactura,Mujer,30-49,2_Medio,10668191.549413754,37734315101.60646,3597
2018,D_Manufactura,Mujer,30-49,3_Alto,5327205.058717698,49919149447.70718,1921
2018,D_Manufactura,Mujer,50+,1_Bajo,3960727.839465033,8020258206.419729,1999
2018,D_Manufactura,Mujer,50+,2_Medio,4053267.7479217825,13930918378.197346,2122
2018,D_Manufactura,Mujer,50+,3_Alto,1071175.1317250042,9236173492.752295,569
2018,E_ElectricidadGasAgua,Hombre,15-29,1_Bajo,104733.2099964293,334387490.8515903,40
2018,E_ElectricidadGasAgua,Hombre,15-29,2_Medio,857431.5434319144,3464251217.366637,295
2018,E_ElectricidadGasAgua,Hombre,15-29,3_Alto,538623.2693689364,3569979209.712898,287
2018,E_ElectricidadGasAgua,Hombre,30-49,1_Bajo,542619.5323938208,2081115590.2224169,184
2018,E_ElectricidadGasAgua,Hombre,30-49,2_Medio,1375971.0939983993,6495852726.863967,545
2018,E_ElectricidadGasAgua,Hombre,30-49,3_Alto,1043488.5815313064,10693573908.667484,503
2018,E_ElectricidadGasAgua,Hombre,50+,1_Bajo,683747.2942845101,2560376118.8772674,264
2018,E_ElectricidadGasAgua,Hombre,50+,2_Medio,599409.0782611119,3391249412.2060337,254
2018,E_ElectricidadGasAgua,Hombre,50+,3_Alto,329542.5538886455,4677367338.503716,189
2018,E_ElectricidadGasAgua,Mujer,15-29,1_Bajo,9024.593311293478,25647707.358124662,5
2018,E_ElectricidadGasAgua,Mujer,15-29,2_Medio,91213.22044370213,285736380.3016389,33
2018,E_ElectricidadGasAgua,Mujer,15-29,3_Alto,296539.1147798349,2230648606.532059,182
2018,E_ElectricidadGasAgua,Mujer,30-49,1_Bajo,123065.85695706756,344048958.6940925,55
2018,E_ElectricidadGasAgua,Mujer,30-49,2_Medio,261994.13979464368,1062463239.2654504,106
2018,E_ElectricidadGasAgua,Mujer,30-49,3_Alto,524096.1917619555,7390045227.011233,303
2018,E_ElectricidadGasAgua,Mujer,50+,1_Bajo,124798.4446849575,237940942.83583447,87
2018,E_ElectricidadGasAgua,Mujer,50+,2_Medio,108611.64660067098,489557750.8830019,56
2018,E_ElectricidadGasAgua,Mujer,50+,3_Alto,118629.63934825726,2494488020.265566,68
2018,F_Construccion,Hombre,15-29,1_Bajo,2286413.4658810715,8327751351.848392,747
2018,F_Construccion,Hombre,15-29,2_Medio,11639717.288508989,44084546781.76458,4133
2018,F_Construccion,Hombre,15-29,3_Alto,2536378.119461417,14965535536.701084,1071
2018,F_Construccion,Hombre,30-49,1_Bajo,9131506.960707825,37390643094.20322,3015
2018,F_Construccion,Hombre,30-49,2_Medio,14639111.591034144,64674866508.56224,5073
2018,F_Construccion,Hombre,30-49,3_Alto,3680042.617368032,37496679212.623985,1446
2018,F_Construccion,Hombre,50+,1_Bajo,7435642.126022869,28211815174.596848,3021
2018,F_Construccion,Hombre,50+,2_Medio,4998631.957083453,23944760595.09907,2215
2018,F_Construccion,Hombre,50+,3_Alto,1042667.0318852589,14162863863.370487,519
2018,F_Construccion,Mujer,15-29,1_Bajo,8369.871981111482,36394748.18567882,5
2018,F_Construccion,Mujer,15-29,2_Medio,285393.40000035294,1137589387.0307455,99
2018,F_Construccion,Mujer,15-29,3_Alto,1074534.9468291814,6906702338.466648,482
2018,F_Construccion,Mujer,30-49,1_Bajo,50401.37510345806,157988521.33528513,34
2018,F_Construccion,Mujer,30-49,2_Medio,518236.014004096,2352696351.30948,176
2018,F_Construccion,Mujer,30-49,3_Alto,1208499.4648161791,13245742423.541403,503
2018,F_Construccion,Mujer,50+,1_Bajo,37254.79752412864,139791072.9477045,16
2018,F_Construccion,Mujer,50+,2_Medio,111019.73468375238,519791884.4718597,41
2018,F_Construccion,Mujer,50+,3_Alto,148159.11512965197,3637314974.1434803,69
2018,G-H_ComercioHotelesRest,Hombre,15-29,1_Bajo,2664699.5595809426,8547794911.615406,888
2018,G-H_ComercioHotelesRest,Hombre,15-29,2_Medio,22606021.26220608,80533261163.96367,8149
2018,G-H_ComercioHotelesRest,Hombre,15-29,3_Alto,9586194.10172432,46837255363.14572,4412
2018,G-H_ComercioHotelesRest,Hombre,30-49,1_Bajo,11422489.108238608,41791133575.23634,3469
2018,G-H_ComercioHotelesRest,Hombre,30-49,2_Medio,26957413.205055863,119023557500.73376,9375
2018,G-H_ComercioHotelesRest,Hombre,30-49,3_Alto,10632875.893723443,84773028036.15308,4177
2018,G-H_ComercioHotelesRest,Hombre,50+,1_Bajo,14348253.925589195,45199670603.43058,5624
2018,G-H_ComercioHotelesRest,Hombre,50+,2_Medio,11370925.625182819,51906188888.23009,4637
2018,G-H_ComercioHotelesRest,Hombre,50+,3_Alto,3290823.4350439217,33262308130.123257,1271
2018,G-H_ComercioHotelesRest,Mujer,15-29,1_Bajo,950060.323395488,2566812749.826429,414
2018,G-H_ComercioHotelesRest,Mujer,15-29,2_Medio,16023678.042892316,51501725065.75794,6789
2018,G-H_ComercioHotelesRest,Mujer,15-29,3_Alto,10580091.714168182,45472619207.86497,5522
2018,G-H_ComercioHotelesRest,Mujer,30-49,1_Bajo,9709200.266968248,26069632173.087666,3650
2018,G-H_ComercioHotelesRest,Mujer,30-49,2_Medio,27044312.530375328,93135366211.11206,11560
2018,G-H_ComercioHotelesRest,Mujer,30-49,3_Alto,11804438.313893508,79000219852.93178,5833
2018,G-H_ComercioHotelesRest,Mujer,50+,1_Bajo,11705777.944584904,28497161445.7402,5678
2018,G-H_ComercioHotelesRest,Mujer,50+,2_Medio,9280338.743278073,34270274755.616364,5274
2018,G-H_ComercioHotelesRest,Mujer,50+,3_Alto,2734734.3006825484,20193768354.897076,1479
2018,I_TransporteComunicaciones,Hombre,15-29,1_Bajo,1824368.0600092418,5014710889.984146,584
2018,I_TransporteComunicaciones,Hombre,15-29,2_Medio,12716471.411641577,41721953756.48161,4148
2018,I_TransporteComunicaciones,Hombre,15-29,3_Alto,4637652.810540359,30262815915.44851,1822
2018,I_TransporteComunicaciones,Hombre,30-49,1_Bajo,8317219.28752705,27126093491.041183,2467
2018,I_TransporteComunicaciones,Hombre,30-49,2_Medio,20447119.978694845,78394940024.27742,6923
2018,I_TransporteComunicaciones,Hombre,30-49,3_Alto,7020152.39738788,68258875027.51726,2492
2018,I_TransporteComunicaciones,Hombre,50+,1_Bajo,7010621.246713187,22982540068.8952,2816
2018,I_TransporteComunicaciones,Hombre,50+,2_Medio,8555849.94039162,36153374872.55989,3280
2018,I_TransporteComunicaciones,Hombre,50+,3_Alto,1854342.8403717729,16368480641.898954,703
2018,I_TransporteComunicaciones,Mujer,15-29,1_Bajo,49203.46360377879,46870937.24058289,21
2018,I_TransporteComunicaciones,Mujer,15-29,2_Medio,1467514.6457432613,4886363853.689921,531
2018,I_TransporteComunicaciones,Mujer,15-29,3_Alto,2673411.858092377,16372319108.347845,992
2018,I_TransporteComunicaciones,Mujer,30-49,1_Bajo,299638.66218888975,760120334.6633359,137
2018,I_TransporteComunicaciones,Mujer,30-49,2_Medio,2069225.5158290137,6874496672.160719,836
2018,I_TransporteComunicaciones,Mujer,30-49,3_Alto,2834432.096394314,33720874030.775852,1018
2018,I_TransporteComunicaciones,Mujer,50+,1_Bajo,409212.63511214725,880127856.5052257,193
2018,I_TransporteComunicaciones,Mujer,50+,2_Medio,600003.2876950784,2200745450.5727777,285
2018,I_TransporteComunicaciones,Mujer,50+,3_Alto,392100.82243601314,5704872566.8431425,180
2018,J-K_FinancieroInmobiliario,Hombre,15-29,1_Bajo,292646.5890272927,1076142469.9114103,82
2018,J-K_FinancieroInmobiliario,Hombre,15-29,2_Medio,4738399.157064442,20466678732.084938,1527
2018,J-K_FinancieroInmobiliario,Hombre,15-29,3_Alto,5974835.090725946,46556432415.423004,2219
2018,J-K_FinancieroInmobiliario,Hombre,30-49,1_Bajo,1780930.021335214,6890260814.738599,478
2018,J-K_FinancieroInmobiliario,Hombre,30-49,2_Medio,6991820.0413055075,32920407461.131092,2162
2018,J-K_FinancieroInmobiliario,Hombre,30-49,3_Alto,8478270.683635507,115089613028.38625,2997
2018,J-K_FinancieroInmobiliario,Hombre,50+,1_Bajo,2304519.9604785386,7879789628.867001,931
2018,J-K_FinancieroInmobiliario,Hombre,50+,2_Medio,3008938.983995954,15051524613.928413,1234
2018,J-K_FinancieroInmobiliario,Hombre,50+,3_Alto,3159213.334346865,61411947477.56225,1464
2018,J-K_FinancieroInmobiliario,Mujer,15-29,1_Bajo,251310.81997762772,720696521.9969652,129
2018,J-K_FinancieroInmobiliario,Mujer,15-29,2_Medio,2736893.4534199303,10482272130.4292,1221
2018,J-K_FinancieroInmobiliario,Mujer,15-29,3_Alto,7600587.27855898,51666731690.82501,2930
2018,J-K_FinancieroInmobiliario,Mujer,30-49,1_Bajo,2936952.3130641067,8780379271.640638,1456
2018,J-K_FinancieroInmobiliario,Mujer,30-49,2_Medio,6314862.929660313,23649719032.94649,2832
2018,J-K_FinancieroInmobiliario,Mujer,30-49,3_Alto,9022508.997383133,107374357544.40115,3549
2018,J-K_FinancieroInmobiliario,Mujer,50+,1_Bajo,2275167.598669515,6827949100.468594,1613
2018,J-K_FinancieroInmobiliario,Mujer,50+,2_Medio,1989851.0649118857,8807976157.48063,1221
2018,J-K_FinancieroInmobiliario,Mujer,50+,3_Alto,1918428.471744927,27809921056.444603,930
2018,L-Q_ServiciosSocialesComunales,Hombre,15-29,1_Bajo,358429.1196752742,1044921360.9062271,134
2018,L-Q_ServiciosSocialesComunales,Hombre,15-29,2_Medio,6827660.3224793,27921196948.923794,2736
2018,L-Q_ServiciosSocialesComunales,Hombre,15-29,3_Alto,8109113.930307331,61228466044.71867,4373
2018,L-Q_ServiciosSocialesComunales,Hombre,30-49,1_Bajo,2463463.0252717,9895022799.949804,643
2018,L-Q_ServiciosSocialesComunales,Hombre,30-49,2_Medio,10664762.018044237,55730171850.88064,3812
2018,L-Q_ServiciosSocialesComunales,Hombre,30-49,3_Alto,17968766.765166976,242473823347.3881,8162
2018,L-Q_ServiciosSocialesComunales,Hombre,50+,1_Bajo,4154093.296289538,13891071649.611162,1576
2018,L-Q_ServiciosSocialesComunales,Hombre,50+,2_Medio,5358585.586080645,28235002904.804188,2369
2018,L-Q_ServiciosSocialesComunales,Hombre,50+,3_Alto,6337632.555917596,120229057947.18611,3649
2018,L-Q_ServiciosSocialesComunales,Mujer,15-29,1_Bajo,824516.5818544041,2257273062.035436,329
2018,L-Q_ServiciosSocialesComunales,Mujer,15-29,2_Medio,10044722.578631565,34447518869.23212,4607
2018,L-Q_ServiciosSocialesComunales,Mujer,15-29,3_Alto,14367235.62502738,99680281135.04884,7818
2018,L-Q_ServiciosSocialesComunales,Mujer,30-49,1_Bajo,7438677.442294513,24385761359.591457,2982
2018,L-Q_ServiciosSocialesComunales,Mujer,30-49,2_Medio,20086370.284575284,78207318641.34872,8750
2018,L-Q_ServiciosSocialesComunales,Mujer,30-49,3_Alto,27871246.820962604,297396344996.8849,13962
2018,L-Q_ServiciosSocialesComunales,Mujer,50+,1_Bajo,8014355.931861632,24475723116.706085,4244
2018,L-Q_ServiciosSocialesComunales,Mujer,50+,2_Medio,7972892.973132072,32676150039.161247,4101
2018,L-Q_ServiciosSocialesComunales,Mujer,50+,3_Alto,8679366.166859627,123886275634.39484,5246
2019,A-B_AgriculturaPesca,Hombre,15-29,1_Bajo,9019412.528161947,26111617771.3696,1328
2019,A-B_AgriculturaPesca,Hombre,15-29,2_Medio,16115998.821488038,48468912462.48535,2563
2019,A-B_AgriculturaPesca,Hombre,15-29,3_Alto,1208022.2261780584,4841653974.827767,277
2019,A-B_AgriculturaPesca,Hombre,30-49,1_Bajo,32699628.307109382,103936988953.55884,4731
2019,A-B_AgriculturaPesca,Hombre,30-49,2_Medio,14882010.224319354,53704413702.80705,2214
2019,A-B_AgriculturaPesca,Hombre,30-49,3_Alto,1337400.7260888563,8443412646.3357315,334
2019,A-B_AgriculturaPesca,Hombre,50+,1_Bajo,32637142.91864364,94502016522.26479,6347
2019,A-B_AgriculturaPesca,Hombre,50+,2_Medio,5215760.762199625,20367403532.58864,1051
2019,A-B_AgriculturaPesca,Hombre,50+,3_Alto,673382.4291062295,6380924096.806225,235
2019,A-B_AgriculturaPesca,Mujer,15-29,1_Bajo,620884.0045954311,1489096472.2140563,119
2019,A-B_AgriculturaPesca,Mujer,15-29,2_Medio,1829759.3351403712,5211377408.703958,378
2019,A-B_AgriculturaPesca,Mujer,15-29,3_Alto,568935.3309194455,2557710356.2126484,139
2019,A-B_AgriculturaPesca,Mujer,30-49,1_Bajo,3163196.1077430616,8318003901.922777,654
2019,A-B_AgriculturaPesca,Mujer,30-49,2_Medio,2242513.9453783967,6978619894.876044,467
2019,A-B_AgriculturaPesca,Mujer,30-49,3_Alto,511256.33677481505,3876972555.2057476,155
2019,A-B_AgriculturaPesca,Mujer,50+,1_Bajo,2647030.9579228405,6867570090.457563,821
2019,A-B_AgriculturaPesca,Mujer,50+,2_Medio,590150.1541485328,3371219469.690834,168
2019,A-B_AgriculturaPesca,Mujer,50+,3_Alto,102116.17419359961,1132254990.6249027,65
2019,C_Mineria,Hombre,15-29,1_Bajo,554382.2249581732,1531867721.0137115,79
2019,C_Mineria,Hombre,15-29,2_Medio,1201308.2247458578,6432863302.208616,185
2019,C_Mineria,Hombre,15-29,3_Alto,343702.2129422015,3390596813.7405424,97
2019,C_Mineria,Hombre,30-49,1_Bajo,1482515.9501972091,6073525978.591832,211
2019,C_Mineria,Hombre,30-49,2_Medio,1354955.1237955182,9345777389.856674,219
2019,C_Mineria,Hombre,30-49,3_Alto,1303150.6366064942,32496999813.310898,345
2019,C_Mineria,Hombre,50+,1_Bajo,887324.6398064006,2831023803.03211,157
2019,C_Mineria,Hombre,50+,2_Medio,366289.4273692909,2214609841.2892857,89
2019,C_Mineria,Hombre,50+,3_Alto,237544.16370470595,11145652075.133741,91
2019,C_Mineria,Mujer,15-29,1_Bajo,33410.01609815942,48613971.117021985,5
2019,C_Mineria,Mujer,15-29,2_Medio,95821.97343689142,220722557.1371863,23
2019,C_Mineria,Mujer,15-29,3_Alto,165525.2662068809,1247882476.6086195,54
2019,C_Mineria,Mujer,30-49,1_Bajo,154516.85081270605,231802051.8602471,28
2019,C_Mineria,Mujer,30-49,2_Medio,224854.16958470712,780124330.6351159,42
2019,C_Mineria,Mujer,30-49,3_Alto,337791.7991604456,9380167525.165508,87
2019,C_Mineria,Mujer,50+,1_Bajo,223175.45544515198,608476985.9404509,56
2019,C_Mineria,Mujer,50+,2_Medio,31741.219259250196,58114198.28963855,13
2019,C_Mineria,Mujer,50+,3_Alto,32219.857916736466,586504437.3259506,8
2019,D_Manufactura,Hombre,15-29,1_Bajo,1124980.842625706,4560180215.907008,301
2019,D_Manufactura,Hombre,15-29,2_Medio,11824510.101027325,47483625632.95681,3589
2019,D_Manufactura,Hombre,15-29,3_Alto,5252376.542623565,31221533916.735455,1685
2019,D_Manufactura,Hombre,30-49,1_Bajo,4451325.409700921,18420348880.190315,1223
2019,D_Manufactura,Hombre,30-49,2_Medio,17696596.20770231,85427625224.17142,5061
2019,D_Manufactura,Hombre,30-49,3_Alto,7372716.262130482,79312392358.60231,2306
2019,D_Manufactura,Hombre,50+,1_Bajo,5518046.796768008,21193517666.795944,1878
2019,D_Manufactura,Hombre,50+,2_Medio,6797034.345467903,36078523010.53277,2459
2019,D_Manufactura,Hombre,50+,3_Alto,2244967.1007390646,29178113532.4009,773
2019,D_Manufactura,Mujer,15-29,1_Bajo,540358.363253855,684627919.6482358,155
2019,D_Manufactura,Mujer,15-29,2_Medio,5319649.437590519,17221483632.284584,1743
2019,D_Manufactura,Mujer,15-29,3_Alto,3959830.9298590827,24844478341.972343,1498
2019,D_Manufactura,Mujer,30-49,1_Bajo,2882660.50727606,7077896044.510662,941
2019,D_Manufactura,Mujer,30-49,2_Medio,10771484.702014228,40139704115.61378,3717
2019,D_Manufactura,Mujer,30-49,3_Alto,5481280.963388009,48811069007.48823,2010
2019,D_Manufactura,Mujer,50+,1_Bajo,3495714.3992783707,7730034830.815092,1874
2019,D_Manufactura,Mujer,50+,2_Medio,4650756.244413758,17540268703.031647,2153
2019,D_Manufactura,Mujer,50+,3_Alto,1228462.7667487513,12750215580.784733,587
2019,E_ElectricidadGasAgua,Hombre,15-29,1_Bajo,166109.10015627102,488002339.68748516,62
2019,E_ElectricidadGasAgua,Hombre,15-29,2_Medio,847034.3022592249,3445097036.278097,286
2019,E_ElectricidadGasAgua,Hombre,15-29,3_Alto,515703.0725657012,3477516859.2153034,283
2019,E_ElectricidadGasAgua,Hombre,30-49,1_Bajo,632375.2752604479,2578035333.1955233,177
2019,E_ElectricidadGasAgua,Hombre,30-49,2_Medio,1734035.9139486738,8304102085.823463,626
2019,E_ElectricidadGasAgua,Hombre,30-49,3_Alto,1352147.2097349558,15634310191.875889,573
2019,E_ElectricidadGasAgua,Hombre,50+,1_Bajo,473769.34047022613,1610686218.0487225,229
2019,E_ElectricidadGasAgua,Hombre,50+,2_Medio,588164.6030106556,3355684922.880732,280
2019,E_ElectricidadGasAgua,Hombre,50+,3_Alto,535832.8164046138,9632167609.065382,218
2019,E_ElectricidadGasAgua,Mujer,15-29,1_Bajo,384.1328829985605,1252011.5190410204,2
2019,E_ElectricidadGasAgua,Mujer,15-29,2_Medio,160894.25432044102,646284337.9018242,52
2019,E_ElectricidadGasAgua,Mujer,15-29,3_Alto,269300.8154595756,2040581141.5577178,190
2019,E_ElectricidadGasAgua,Mujer,30-49,1_Bajo,77645.2993703834,197866205.69789124,46
2019,E_ElectricidadGasAgua,Mujer,30-49,2_Medio,247245.0024891001,1187121850.1324763,102
2019,E_ElectricidadGasAgua,Mujer,30-49,3_Alto,469521.9553592758,6468117485.455383,317
2019,E_ElectricidadGasAgua,Mujer,50+,1_Bajo,172007.45939290995,367287133.81296694,70
2019,E_ElectricidadGasAgua,Mujer,50+,2_Medio,82375.46334845916,328146986.267307,53
2019,E_ElectricidadGasAgua,Mujer,50+,3_Alto,151306.3936639998,3242468472.036909,75
2019,F_Construccion,Hombre,15-29,1_Bajo,2027092.614629324,7865131003.329915,678
2019,F_Construccion,Hombre,15-29,2_Medio,11729318.51564689,46022303999.98974,4078
2019,F_Construccion,Hombre,15-29,3_Alto,2796998.7659869003,16145071389.667458,1158
2019,F_Construccion,Hombre,30-49,1_Bajo,9395946.484845757,38733426714.87921,3022
2019,F_Construccion,Hombre,30-49,2_Medio,16893836.179503825,77618269795.98897,5711
2019,F_Construccion,Hombre,30-49,3_Alto,4042068.2524570255,44421373178.85251,1643
2019,F_Construccion,Hombre,50+,1_Bajo,8091398.0082257725,32205260765.299942,3180
2019,F_Construccion,Hombre,50+,2_Medio,5623863.799166863,27299776657.73771,2424
2019,F_Construccion,Hombre,50+,3_Alto,1211866.8057065466,17500488367.43147,550
2019,F_Construccion,Mujer,15-29,1_Bajo,2964.699457847008,9192561.935833316,4
2019,F_Construccion,Mujer,15-29,2_Medio,278093.5166198937,1153768027.4070666,104
2019,F_Construccion,Mujer,15-29,3_Alto,1110099.216061868,7858744602.201281,480
2019,F_Construccion,Mujer,30-49,1_Bajo,118786.57959918061,440996294.4459092,44
2019,F_Construccion,Mujer,30-49,2_Medio,614540.9107337046,2825947132.198431,188
2019,F_Construccion,Mujer,30-49,3_Alto,1168584.8840524363,13375314591.92654,560
2019,F_Construccion,Mujer,50+,1_Bajo,51974.65659425816,214616300.25054115,32
2019,F_Construccion,Mujer,50+,2_Medio,127873.55355914394,601844860.5181482,57
2019,F_Construccion,Mujer,50+,3_Alto,187585.22322823346,2838564939.4984035,82
2019,G-H_ComercioHotelesRest,Hombre,15-29,1_Bajo,2820610.993124829,8648516902.960201,894
2019,G-H_ComercioHotelesRest,Hombre,15-29,2_Medio,24908102.93360044,91890112123.11737,8860
2019,G-H_ComercioHotelesRest,Hombre,15-29,3_Alto,10510669.326736113,54984153039.53683,4598
2019,G-H_ComercioHotelesRest,Hombre,30-49,1_Bajo,11355642.078865586,42039722075.42741,3582
2019,G-H_ComercioHotelesRest,Hombre,30-49,2_Medio,29865765.194913317,134240123347.3758,10387
2019,G-H_ComercioHotelesRest,Hombre,30-49,3_Alto,12123718.755022407,110438559681.47305,4782
2019,G-H_ComercioHotelesRest,Hombre,50+,1_Bajo,15203090.921777748,49325038818.56793,5915
2019,G-H_ComercioHotelesRest,Hombre,50+,2_Medio,12812496.511544105,61363644111.62404,5109
2019,G-H_ComercioHotelesRest,Hombre,50+,3_Alto,3429582.63530353,39343427544.67485,1430
2019,G-H_ComercioHotelesRest,Mujer,15-29,1_Bajo,1104367.634293878,2889771929.8230095,374
2019,G-H_ComercioHotelesRest,Mujer,15-29,2_Medio,17212579.659678783,57327671961.0603,7277
2019,G-H_ComercioHotelesRest,Mujer,15-29,3_Alto,11398858.36822055,52895303940.4721,5925
2019,G-H_ComercioHotelesRest,Mujer,30-49,1_Bajo,9079850.136152525,24706583928.02884,3501
2019,G-H_ComercioHotelesRest,Mujer,30-49,2_Medio,29306780.005953997,102889643785.48758,12163
2019,G-H_ComercioHotelesRest,Mujer,30-49,3_Alto,12586501.672689496,84778097302.59595,6660
2019,G-H_ComercioHotelesRest,Mujer,50+,1_Bajo,12239480.543169111,28269269872.207947,6166
2019,G-H_ComercioHotelesRest,Mujer,50+,2_Medio,9813102.74690437,36858112632.00658,5769
2019,G-H_ComercioHotelesRest,Mujer,50+,3_Alto,2730839.572994454,19241389963.15828,1648
2019,I_TransporteComunicaciones,Hombre,15-29,1_Bajo,2068309.082390039,5149630408.276808,583
2019,I_TransporteComunicaciones,Hombre,15-29,2_Medio,12416446.137627166,40703444088.7298,4415
2019,I_TransporteComunicaciones,Hombre,15-29,3_Alto,5048877.267044267,34546133260.82421,1951
2019,I_TransporteComunicaciones,Hombre,30-49,1_Bajo,8353847.617989819,29555925963.512985,2591
2019,I_TransporteComunicaciones,Hombre,30-49,2_Medio,22801269.464584984,91739191142.52817,7351
2019,I_TransporteComunicaciones,Hombre,30-49,3_Alto,7722467.903695431,78492138085.03427,2715
2019,I_TransporteComunicaciones,Hombre,50+,1_Bajo,8176114.086351745,26458257973.02356,2997
2019,I_TransporteComunicaciones,Hombre,50+,2_Medio,9796792.60924666,43234534846.718315,3762
2019,I_TransporteComunicaciones,Hombre,50+,3_Alto,2224897.5023177513,26772867244.586987,821
2019,I_TransporteComunicaciones,Mujer,15-29,1_Bajo,15287.985708352879,20834364.21864888,13
2019,I_TransporteComunicaciones,Mujer,15-29,2_Medio,1258405.7802053946,4072589899.5686073,487
2019,I_TransporteComunicaciones,Mujer,15-29,3_Alto,2585327.5226636766,17181429415.67934,996
2019,I_TransporteComunicaciones,Mujer,30-49,1_Bajo,309527.7868663748,559932085.7847576,124
2019,I_TransporteComunicaciones,Mujer,30-49,2_Medio,2270106.5190795837,8653032692.208208,844
2019,I_TransporteComunicaciones,Mujer,30-49,3_Alto,3098480.4780750996,34124569815.686295,1154
2019,I_TransporteComunicaciones,Mujer,50+,1_Bajo,257123.74533321752,611651083.1031975,152
2019,I_TransporteComunicaciones,Mujer,50+,2_Medio,581943.9602652709,2133665211.217297,253
2019,I_TransporteComunicaciones,Mujer,50+,3_Alto,497448.95515291183,10030583113.658026,195
2019,J-K_FinancieroInmobiliario,Hombre,15-29,1_Bajo,223235.30948754988,805423100.1376317,85
2019,J-K_FinancieroInmobiliario,Hombre,15-29,2_Medio,4999756.520735851,22430778392.093517,1631
2019,J-K_FinancieroInmobiliario,Hombre,15-29,3_Alto,6412591.581312667,49335605698.57935,2186
2019,J-K_FinancieroInmobiliario,Hombre,30-49,1_Bajo,1455583.593068072,6439991221.503936,410
2019,J-K_FinancieroInmobiliario,Hombre,30-49,2_Medio,7833100.740105936,39247887598.10857,2510
2019,J-K_FinancieroInmobiliario,Hombre,30-49,3_Alto,9705662.83982911,144164857187.28183,3533
2019,J-K_FinancieroInmobiliario,Hombre,50+,1_Bajo,2164925.398429221,7732890496.878695,872
2019,J-K_FinancieroInmobiliario,Hombre,50+,2_Medio,3080493.5047618095,15435306983.530077,1346
2019,J-K_FinancieroInmobiliario,Hombre,50+,3_Alto,3517421.8909906405,66692786480.512726,1706
2019,J-K_FinancieroInmobiliario,Mujer,15-29,1_Bajo,133433.50838054228,335228216.1343971,95
2019,J-K_FinancieroInmobiliario,Mujer,15-29,2_Medio,3181808.797180893,13808462291.402336,1229
2019,J-K_FinancieroInmobiliario,Mujer,15-29,3_Alto,7785641.955592632,52851939655.50476,3036
2019,J-K_FinancieroInmobiliario,Mujer,30-49,1_Bajo,2347393.5139752678,7545967392.2500725,1187
2019,J-K_FinancieroInmobiliario,Mujer,30-49,2_Medio,6506067.279345248,26138835750.64199,2909
2019,J-K_FinancieroInmobiliario,Mujer,30-49,3_Alto,10434201.555120274,126023010634.50272,4108
2019,J-K_FinancieroInmobiliario,Mujer,50+,1_Bajo,2047110.6904684468,6815250327.149681,1378
2019,J-K_FinancieroInmobiliario,Mujer,50+,2_Medio,2204177.7136219637,9854847567.903921,1285
2019,J-K_FinancieroInmobiliario,Mujer,50+,3_Alto,1998024.9934320739,29439688074.30248,1016
2019,L-Q_ServiciosSocialesComunales,Hombre,15-29,1_Bajo,461356.97297063126,1347351049.2813327,124
2019,L-Q_ServiciosSocialesComunales,Hombre,15-29,2_Medio,6992661.578649627,30331706321.610756,2829
2019,L-Q_ServiciosSocialesComunales,Hombre,15-29,3_Alto,8431052.265397158,71150231067.36858,4209
2019,L-Q_ServiciosSocialesComunales,Hombre,30-49,1_Bajo,2471983.465780647,10548968748.823586,661
2019,L-Q_ServiciosSocialesComunales,Hombre,30-49,2_Medio,11497176.547583248,62480326224.19252,4167
2019,L-Q_ServiciosSocialesComunales,Hombre,30-49,3_Alto,19790215.915546246,266867773231.01996,8968
2019,L-Q_ServiciosSocialesComunales,Hombre,50+,1_Bajo,4586913.055625775,14836896374.394451,1670
2019,L-Q_ServiciosSocialesComunales,Hombre,50+,2_Medio,5610965.349978812,29251314847.431072,2557
2019,L-Q_ServiciosSocialesComunales,Hombre,50+,3_Alto,7396438.42052882,139662815425.28506,4237
2019,L-Q_ServiciosSocialesComunales,Mujer,15-29,1_Bajo,793653.9831169092,2271897048.980645,258
2019,L-Q_ServiciosSocialesComunales,Mujer,15-29,2_Medio,10569903.779051462,38116476714.42939,4743
2019,L-Q_ServiciosSocialesComunales,Mujer,15-29,3_Alto,15061098.236593567,111567728284.22125,8043
2019,L-Q_ServiciosSocialesComunales,Mujer,30-49,1_Bajo,6900870.51359232,24013982099.875275,2944
2019,L-Q_ServiciosSocialesComunales,Mujer,30-49,2_Medio,20553415.31436193,82582121940.98314,8995
2019,L-Q_ServiciosSocialesComunales,Mujer,30-49,3_Alto,30752144.459585827,340384543369.64185,15500
2019,L-Q_ServiciosSocialesComunales,Mujer,50+,1_Bajo,8043964.892409151,25494347750.33058,4251
2019,L-Q_ServiciosSocialesComunales,Mujer,50+,2_Medio,8907924.339838497,37912940708.45742,4593
2019,L-Q_ServiciosSocialesComunales,Mujer,50+,3_Alto,9631963.648728756,144422768406.3826,6171
2021,A-B_AgriculturaPesca,Hombre,15-29,1_Bajo,7164003.932884161,21768310630.1365,1565
2021,A-B_AgriculturaPesca,Hombre,15-29,2_Medio,16895393.07802545,56972241843.241234,3810
2021,A-B_AgriculturaPesca,Hombre,15-29,3_Alto,1259965.2985058064,5418548234.558506,306
2021,A-B_AgriculturaPesca,Hombre,30-49,1_Bajo,27326850.039101955,93601971524.233,5961
2021,A-B_AgriculturaPesca,Hombre,30-49,2_Medio,14502009.033750823,55670841043.41966,3468
2021,A-B_AgriculturaPesca,Hombre,30-49,3_Alto,1616005.165268253,16869433813.361074,490
2021,A-B_AgriculturaPesca,Hombre,50+,1_Bajo,30562059.882578757,106195724270.62589,8357
2021,A-B_AgriculturaPesca,Hombre,50+,2_Medio,4760256.592185801,23458518371.042118,1468
2021,A-B_AgriculturaPesca,Hombre,50+,3_Alto,721492.9786094851,9017303346.188997,282
2021,A-B_AgriculturaPesca,Mujer,15-29,1_Bajo,511047.4932708877,1328933509.6222513,124
2021,A-B_AgriculturaPesca,Mujer,15-29,2_Medio,2365735.972323454,7747054255.249748,481
2021,A-B_AgriculturaPesca,Mujer,15-29,3_Alto,613893.4981863389,3773375209.0434437,157
2021,A-B_AgriculturaPesca,Mujer,30-49,1_Bajo,3182683.6510023614,9167159986.08324,744
2021,A-B_AgriculturaPesca,Mujer,30-49,2_Medio,2133759.3507934245,7919834795.907387,547
2021,A-B_AgriculturaPesca,Mujer,30-49,3_Alto,821920.7014634294,9620137967.774254,212
2021,A-B_AgriculturaPesca,Mujer,50+,1_Bajo,2517159.035609091,8779113587.496136,730
2021,A-B_AgriculturaPesca,Mujer,50+,2_Medio,603495.0345305523,2486868654.3167825,196
2021,A-B_AgriculturaPesca,Mujer,50+,3_Alto,102338.53698898692,1443428379.4085767,65
2021,C_Mineria,Hombre,15-29,1_Bajo,584967.0845244129,2393486040.8749533,112
2021,C_Mineria,Hombre,15-29,2_Medio,1869483.911705707,7864496628.323672,409
2021,C_Mineria,Hombre,15-29,3_Alto,284955.5079512848,2612805428.6003776,94
2021,C_Mineria,Hombre,30-49,1_Bajo,1834642.3060050819,7277381608.981668,373
2021,C_Mineria,Hombre,30-49,2_Medio,1897203.9898152556,10518196555.190926,460
2021,C_Mineria,Hombre,30-49,3_Alto,1056781.8063432795,26242910427.20948,466
2021,C_Mineria,Hombre,50+,1_Bajo,996483.926364563,3701864887.3974476,278
2021,C_Mineria,Hombre,50+,2_Medio,393099.2175014089,2835963686.052249,149
2021,C_Mineria,Hombre,50+,3_Alto,250611.25883480723,8010700438.862139,125
2021,C_Mineria,Mujer,15-29,1_Bajo,40641.87761996586,172290965.39182445,12
2021,C_Mineria,Mujer,15-29,2_Medio,195539.35837980208,809823447.6333376,66
2021,C_Mineria,Mujer,15-29,3_Alto,165452.594767035,1991717217.2793367,54
2021,C_Mineria,Mujer,30-49,1_Bajo,284937.24357043445,784821286.6611686,77
2021,C_Mineria,Mujer,30-49,2_Medio,221189.8672345768,818214362.4414763,86
2021,C_Mineria,Mujer,30-49,3_Alto,319490.0828267494,8818953636.38061,102
2021,C_Mineria,Mujer,50+,1_Bajo,180729.40285444946,549034675.9370587,80
2021,C_Mineria,Mujer,50+,2_Medio,57561.023839038084,209507915.57097834,21
2021,C_Mineria,Mujer,50+,3_Alto,54371.38668762741,763107486.4382923,18
2021,D_Manufactura,Hombre,15-29,1_Bajo,1098310.012990356,3849631809.289279,303
2021,D_Manufactura,Hombre,15-29,2_Medio,9933403.974206371,44466055470.81974,3229
2021,D_Manufactura,Hombre,15-29,3_Alto,3566958.2042563534,23353523236.788715,1103
2021,D_Manufactura,Hombre,30-49,1_Bajo,3691000.928124071,16107537102.17551,1182
2021,D_Manufactura,Hombre,30-49,2_Medio,13823062.80987173,69911759780.15521,4507
2021,D_Manufactura,Hombre,30-49,3_Alto,6410262.224021553,71051402942.2696,1948
2021,D_Manufactura,Hombre,50+,1_Bajo,3972338.505176928,16122630710.286663,1602
2021,D_Manufactura,Hombre,50+,2_Medio,5883138.532319824,32715095763.73409,2179
2021,D_Manufactura,Hombre,50+,3_Alto,2013192.659434329,33800416009.580246,645
2021,D_Manufactura,Mujer,15-29,1_Bajo,802984.401456928,877610305.8179003,187
2021,D_Manufactura,Mujer,15-29,2_Medio,4816530.259904408,15404022771.688215,1522
2021,D_Manufactura,Mujer,15-29,3_Alto,3047427.501843151,23086386533.645775,976
2021,D_Manufactura,Mujer,30-49,1_Bajo,2450363.8831832707,5535797721.55401,765
2021,D_Manufactura,Mujer,30-49,2_Medio,8392866.59244162,33606938516.338257,2779
2021,D_Manufactura,Mujer,30-49,3_Alto,4506688.051497287,47156443034.00539,1631
2021,D_Manufactura,Mujer,50+,1_Bajo,2867971.3000487094,6381186774.550227,1278
2021,D_Manufactura,Mujer,50+,2_Medio,3137509.656956763,19494831708.730164,1462
2021,D_Manufactura,Mujer,50+,3_Alto,1144241.6817949414,11427978409.037247,476
2021,E_ElectricidadGasAgua,Hombre,15-29,1_Bajo,188468.88245732823,415458318.65092784,98
2021,E_ElectricidadGasAgua,Hombre,15-29,2_Medio,1119248.1487700806,4235188001.4397655,453
2021,E_ElectricidadGasAgua,Hombre,15-29,3_Alto,472782.1394585032,3419613538.196378,217
2021,E_ElectricidadGasAgua,Hombre,30-49,1_Bajo,842730.4699742359,2929076518.739189,323
2021,E_ElectricidadGasAgua,Hombre,30-49,2_Medio,1937555.4285336083,8600163906.75224,800
2021,E_ElectricidadGasAgua,Hombre,30-49,3_Alto,1374931.491184639,24280420117.601654,621
2021,E_ElectricidadGasAgua,Hombre,50+,1_Bajo,814622.8976827686,2815984243.1564345,447
2021,E_ElectricidadGasAgua,Hombre,50+,2_Medio,892448.6598049173,5181010825.321593,380
2021,E_ElectricidadGasAgua,Hombre,50+,3_Alto,383786.7117552793,6449255736.21791,183
2021,E_ElectricidadGasAgua,Mujer,15-29,1_Bajo,10924.702802935491,16637029.397958625,15
2021,E_ElectricidadGasAgua,Mujer,15-29,2_Medio,275011.00211652933,974261394.03376,81
2021,E_ElectricidadGasAgua,Mujer,15-29,3_Alto,270177.64437207393,2070644023.301872,152
2021,E_ElectricidadGasAgua,Mujer,30-49,1_Bajo,207038.81718530797,530905181.85601485,83
2021,E_ElectricidadGasAgua,Mujer,30-49,2_Medio,458317.4503572705,2064982375.669243,186
2021,E_ElectricidadGasAgua,Mujer,30-49,3_Alto,745642.4129390816,15385813780.554848,377
2021,E_ElectricidadGasAgua,Mujer,50+,1_Bajo,270293.3333635867,597762607.9601421,142
2021,E_ElectricidadGasAgua,Mujer,50+,2_Medio,186319.43100258886,1458449099.850375,71
2021,E_ElectricidadGasAgua,Mujer,50+,3_Alto,137576.1448046925,2561605198.5073066,82
2021,F_Construccion,Hombre,15-29,1_Bajo,1654699.074501976,6077096415.486204,660
2021,F_Construccion,Hombre,15-29,2_Medio,11387659.429249495,43903679801.54415,4468
2021,F_Construccion,Hombre,15-29,3_Alto,1828115.9631331884,12316458686.579615,811
2021,F_Construccion,Hombre,30-49,1_Bajo,8477537.249730205,35659349020.05825,3237
2021,F_Construccion,Hombre,30-49,2_Medio,15936901.585076448,73353571682.94788,6473
2021,F_Construccion,Hombre,30-49,3_Alto,4131157.7697516917,50266015593.868225,1666
2021,F_Construccion,Hombre,50+,1_Bajo,7981394.2542618485,34047095880.448467,3552
2021,F_Construccion,Hombre,50+,2_Medio,5342126.642571778,25522941523.678196,2509
2021,F_Construccion,Hombre,50+,3_Alto,1187606.9260491768,21690219812.50826,606
2021,F_Construccion,Mujer,15-29,1_Bajo,3771.6735344665717,15231758.50457654,1
2021,F_Construccion,Mujer,15-29,2_Medio,271046.2580873935,1170051198.4887786,103
2021,F_Construccion,Mujer,15-29,3_Alto,955391.4231204716,8386544866.391858,367
2021,F_Construccion,Mujer,30-49,1_Bajo,68349.20524329886,244827509.57654142,34
2021,F_Construccion,Mujer,30-49,2_Medio,527813.7234166302,2610577123.4866724,186
2021,F_Construccion,Mujer,30-49,3_Alto,1484240.5095651676,20550787270.990368,528
2021,F_Construccion,Mujer,50+,1_Bajo,166986.58805276218,733497605.0895656,23
2021,F_Construccion,Mujer,50+,2_Medio,98815.52632498842,434988189.16751254,51
2021,F_Construccion,Mujer,50+,3_Alto,247155.41323382288,4374826782.367533,99
2021,G-H_ComercioHotelesRest,Hombre,15-29,1_Bajo,1884291.2130353348,5976211730.370293,748
2021,G-H_ComercioHotelesRest,Hombre,15-29,2_Medio,22096668.333385386,90638833129.2953,8508
2021,G-H_ComercioHotelesRest,Hombre,15-29,3_Alto,6806181.470558383,41853663290.99289,3186
2021,G-H_ComercioHotelesRest,Hombre,30-49,1_Bajo,8535683.043933135,31878948260.41648,3330
2021,G-H_ComercioHotelesRest,Hombre,30-49,2_Medio,27422935.397817,138197829685.68518,11027
2021,G-H_ComercioHotelesRest,Hombre,30-49,3_Alto,11154063.540481113,115478391466.99129,4710
2021,G-H_ComercioHotelesRest,Hombre,50+,1_Bajo,11593910.304417899,45272227924.7161,5319
2021,G-H_ComercioHotelesRest,Hombre,50+,2_Medio,10930913.660172315,61101976507.497734,5055
2021,G-H_ComercioHotelesRest,Hombre,50+,3_Alto,3443035.288514307,50946734733.26619,1386
2021,G-H_ComercioHotelesRest,Mujer,15-29,1_Bajo,772149.776097612,2166752791.6276584,332
2021,G-H_ComercioHotelesRest,Mujer,15-29,2_Medio,14923619.119926378,52470989946.723434,6908
2021,G-H_ComercioHotelesRest,Mujer,15-29,3_Alto,9121645.342054501,47199097041.50446,4446
2021,G-H_ComercioHotelesRest,Mujer,30-49,1_Bajo,6428203.46773295,17250096518.829975,3002
2021,G-H_ComercioHotelesRest,Mujer,30-49,2_Medio,24891435.741017,95356710484.78171,11628
2021,G-H_ComercioHotelesRest,Mujer,30-49,3_Alto,13374062.578621542,107252106784.70891,6306
2021,G-H_ComercioHotelesRest,Mujer,50+,1_Bajo,9606937.351985168,24253564299.164,4775
2021,G-H_ComercioHotelesRest,Mujer,50+,2_Medio,8063837.991161192,30246789357.518562,4483
2021,G-H_ComercioHotelesRest,Mujer,50+,3_Alto,2595055.134560269,21643246707.71071,1308
2021,I_TransporteComunicaciones,Hombre,15-29,1_Bajo,1509970.5272344425,3945519495.2326612,565
2021,I_TransporteComunicaciones,Hombre,15-29,2_Medio,11601763.764086455,42583071168.500595,4837
2021,I_TransporteComunicaciones,Hombre,15-29,3_Alto,4210073.175456737,37665591170.30184,1606
2021,I_TransporteComunicaciones,Hombre,30-49,1_Bajo,6252362.35715836,21284644485.802624,2531
2021,I_TransporteComunicaciones,Hombre,30-49,2_Medio,20175096.919020787,89072480568.20218,8160
2021,I_TransporteComunicaciones,Hombre,30-49,3_Alto,8297029.752528212,105503673459.62506,2672
2021,I_TransporteComunicaciones,Hombre,50+,1_Bajo,6172958.030444395,21278049304.242977,2837
2021,I_TransporteComunicaciones,Hombre,50+,2_Medio,8365729.58747716,37962544979.5121,3496
2021,I_TransporteComunicaciones,Hombre,50+,3_Alto,1846510.7001484612,29727634284.225994,653
2021,I_TransporteComunicaciones,Mujer,15-29,1_Bajo,13849.814767599328,32248868.354621112,10
2021,I_TransporteComunicaciones,Mujer,15-29,2_Medio,964241.3235344744,4566042784.163335,407
2021,I_TransporteComunicaciones,Mujer,15-29,3_Alto,2444333.873055769,22389486114.701073,729
2021,I_TransporteComunicaciones,Mujer,30-49,1_Bajo,147464.73921705622,420280202.7949823,67
2021,I_TransporteComunicaciones,Mujer,30-49,2_Medio,1470638.3944419208,6552702910.187326,646
2021,I_TransporteComunicaciones,Mujer,30-49,3_Alto,3732106.675629606,50988712645.1509,1134
2021,I_TransporteComunicaciones,Mujer,50+,1_Bajo,134069.7494524808,510968772.4638833,79
2021,I_TransporteComunicaciones,Mujer,50+,2_Medio,397504.7311009884,1692733932.8889978,195
2021,I_TransporteComunicaciones,Mujer,50+,3_Alto,581051.6962136109,9630599721.705526,159
2021,J-K_FinancieroInmobiliario,Hombre,15-29,1_Bajo,227497.36440721748,868383010.4766309,85
2021,J-K_FinancieroInmobiliario,Hombre,15-29,2_Medio,5629165.259551528,28877106735.097763,1766
2021,J-K_FinancieroInmobiliario,Hombre,15-29,3_Alto,6117841.179373601,62060530981.81306,1911
2021,J-K_FinancieroInmobiliario,Hombre,30-49,1_Bajo,1183344.5889373259,5245203227.294612,389
2021,J-K_FinancieroInmobiliario,Hombre,30-49,2_Medio,8607591.619760763,46068529831.84689,3022
2021,J-K_FinancieroInmobiliario,Hombre,30-49,3_Alto,11214693.473330747,199566368791.1745,3887
2021,J-K_FinancieroInmobiliario,Hombre,50+,1_Bajo,1895563.882246077,8217848694.950027,846
2021,J-K_FinancieroInmobiliario,Hombre,50+,2_Medio,3963645.108864644,22358777990.121326,1504
2021,J-K_FinancieroInmobiliario,Hombre,50+,3_Alto,3696791.485783545,75037300058.95042,1639
2021,J-K_FinancieroInmobiliario,Mujer,15-29,1_Bajo,131772.81663767123,397378270.04906076,103
2021,J-K_FinancieroInmobiliario,Mujer,15-29,2_Medio,3666849.0756838922,16404193506.971851,1462
2021,J-K_FinancieroInmobiliario,Mujer,15-29,3_Alto,7150835.996074983,59974267704.015114,2518
2021,J-K_FinancieroInmobiliario,Mujer,30-49,1_Bajo,1794081.0787752077,5498547013.149887,1212
2021,J-K_FinancieroInmobiliario,Mujer,30-49,2_Medio,7807353.43514922,33869195805.270714,3548
2021,J-K_FinancieroInmobiliario,Mujer,30-49,3_Alto,12015592.8137213,160958728500.22083,4439
2021,J-K_FinancieroInmobiliario,Mujer,50+,1_Bajo,2149964.2112466716,7554848771.05894,1377
2021,J-K_FinancieroInmobiliario,Mujer,50+,2_Medio,2564491.280533931,11679934917.063156,1336
2021,J-K_FinancieroInmobiliario,Mujer,50+,3_Alto,2643495.9578739675,39188368591.622986,1061
2021,L-Q_ServiciosSocialesComunales,Hombre,15-29,1_Bajo,288642.9594301147,958124852.5767344,103
2021,L-Q_ServiciosSocialesComunales,Hombre,15-29,2_Medio,6732234.006283019,29362740892.192505,2611
2021,L-Q_ServiciosSocialesComunales,Hombre,15-29,3_Alto,7119419.952170481,69508997830.79648,3287
2021,L-Q_ServiciosSocialesComunales,Hombre,30-49,1_Bajo,1284553.866635653,5282812025.248545,519
2021,L-Q_ServiciosSocialesComunales,Hombre,30-49,2_Medio,9766526.904952485,58794184578.38984,3981
2021,L-Q_ServiciosSocialesComunales,Hombre,30-49,3_Alto,19326749.11373374,277936152497.15784,8958
2021,L-Q_ServiciosSocialesComunales,Hombre,50+,1_Bajo,2925849.3261491037,10883318191.822083,1301
2021,L-Q_ServiciosSocialesComunales,Hombre,50+,2_Medio,4225301.716503643,27337989248.09111,2045
2021,L-Q_ServiciosSocialesComunales,Hombre,50+,3_Alto,7829095.288230726,165214146911.77045,4334
2021,L-Q_ServiciosSocialesComunales,Mujer,15-29,1_Bajo,379246.81360073236,1041252342.4745586,212
2021,L-Q_ServiciosSocialesComunales,Mujer,15-29,2_Medio,7232402.341411543,26959416587.52116,3725
2021,L-Q_ServiciosSocialesComunales,Mujer,15-29,3_Alto,13140202.778983774,104425963606.43547,6768
2021,L-Q_ServiciosSocialesComunales,Mujer,30-49,1_Bajo,4617706.14976842,15566775314.116734,2400
2021,L-Q_ServiciosSocialesComunales,Mujer,30-49,2_Medio,15344350.356974164,63908197088.177345,7652
2021,L-Q_ServiciosSocialesComunales,Mujer,30-49,3_Alto,31120490.264296655,394374135044.9529,15706
2021,L-Q_ServiciosSocialesComunales,Mujer,50+,1_Bajo,5116866.936699808,17256652589.025723,2943
2021,L-Q_ServiciosSocialesComunales,Mujer,50+,2_Medio,6638550.435493881,30631441490.636326,3483
2021,L-Q_ServiciosSocialesComunales,Mujer,50+,3_Alto,11019947.291050632,168763648657.0959,6212
2022,A-B_AgriculturaPesca,Hombre,15-29,1_Bajo,7156627.41181151,25826383027.909122,1537
2022,A-B_AgriculturaPesca,Hombre,15-29,2_Medio,17945041.063907783,68220539135.83503,3867
2022,A-B_AgriculturaPesca,Hombre,15-29,3_Alto,1315257.0731188455,8852957789.542501,343
2022,A-B_AgriculturaPesca,Hombre,30-49,1_Bajo,26983940.17357381,108202525468.37642,5872
2022,A-B_AgriculturaPesca,Hombre,30-49,2_Medio,15293253.328832626,69301400979.05484,3503
2022,A-B_AgriculturaPesca,Hombre,30-49,3_Alto,1797841.7857176464,20260291060.533646,510
2022,A-B_AgriculturaPesca,Hombre,50+,1_Bajo,30530441.15642516,114484200562.92215,8627
2022,A-B_AgriculturaPesca,Hombre,50+,2_Medio,5476033.153739135,26981404238.07972,1646
2022,A-B_AgriculturaPesca,Hombre,50+,3_Alto,954150.6366850535,15818947529.160948,334
2022,A-B_AgriculturaPesca,Mujer,15-29,1_Bajo,547059.8479042053,1823146250.4659798,111
2022,A-B_AgriculturaPesca,Mujer,15-29,2_Medio,2596950.0319039025,9595666088.14286,549
2022,A-B_AgriculturaPesca,Mujer,15-29,3_Alto,666995.0606168112,3601720095.6748433,174
2022,A-B_AgriculturaPesca,Mujer,30-49,1_Bajo,3265975.811717192,10579097761.977388,780
2022,A-B_AgriculturaPesca,Mujer,30-49,2_Medio,3539288.279261907,14104204443.82319,741
2022,A-B_AgriculturaPesca,Mujer,30-49,3_Alto,839480.4634520212,9844731146.148252,245
2022,A-B_AgriculturaPesca,Mujer,50+,1_Bajo,2505427.3609046936,8602276302.123495,824
2022,A-B_AgriculturaPesca,Mujer,50+,2_Medio,570816.7626689274,2844555135.338378,203
2022,A-B_AgriculturaPesca,Mujer,50+,3_Alto,161468.30977598825,2365318926.140834,80
2022,C_Mineria,Hombre,15-29,1_Bajo,692896.7266615232,2956497135.4186716,132
2022,C_Mineria,Hombre,15-29,2_Medio,2454461.4006024995,13255094868.288202,508
2022,C_Mineria,Hombre,15-29,3_Alto,296329.1967779795,2455800699.1549273,105
2022,C_Mineria,Hombre,30-49,1_Bajo,2006111.7454799016,9403643035.029333,392
2022,C_Mineria,Hombre,30-49,2_Medio,1978843.2419478097,12320622495.144905,471
2022,C_Mineria,Hombre,30-49,3_Alto,1191420.168373426,31191660248.23002,519
2022,C_Mineria,Hombre,50+,1_Bajo,1179449.0749206543,4620333934.938111,314
2022,C_Mineria,Hombre,50+,2_Medio,548013.7700901031,3890066974.421428,167
2022,C_Mineria,Hombre,50+,3_Alto,291690.20234998065,7014707156.958946,122
2022,C_Mineria,Mujer,15-29,1_Bajo,155344.71983528137,370800754.01452875,18
2022,C_Mineria,Mujer,15-29,2_Medio,272348.57819875085,955192940.628932,62
2022,C_Mineria,Mujer,15-29,3_Alto,171761.7582906087,1911858537.6795256,58
2022,C_Mineria,Mujer,30-49,1_Bajo,278875.70248095196,682576831.5880115,87
2022,C_Mineria,Mujer,30-49,2_Medio,259634.04543240863,850266577.5422316,87
2022,C_Mineria,Mujer,30-49,3_Alto,383694.4236117999,13950056229.634653,121
2022,C_Mineria,Mujer,50+,1_Bajo,177331.12812709808,392347033.09132504,93
2022,C_Mineria,Mujer,50+,2_Medio,36605.69232749939,114157616.42456055,22
2022,C_Mineria,Mujer,50+,3_Alto,65517.50845591227,1545132739.586704,15
2022,D_Manufactura,Hombre,15-29,1_Bajo,852791.9278523127,2912618798.9002895,269
2022,D_Manufactura,Hombre,15-29,2_Medio,11242296.746335348,52891657290.56723,3534
2022,D_Manufactura,Hombre,15-29,3_Alto,4021666.7366371155,29930900329.82344,1329
2022,D_Manufactura,Hombre,30-49,1_Bajo,4465382.360688527,20013591568.57339,1275
2022,D_Manufactura,Hombre,30-49,2_Medio,17224861.307697058,95271299275.5762,5246
2022,D_Manufactura,Hombre,30-49,3_Alto,9967478.563109875,134232560423.34451,2548
2022,D_Manufactura,Hombre,50+,1_Bajo,5067674.443448861,24573446331.990124,1915
2022,D_Manufactura,Hombre,50+,2_Medio,6853930.2923282785,43781908375.40394,2611
2022,D_Manufactura,Hombre,50+,3_Alto,2963693.818421682,54961992701.45973,903
2022,D_Manufactura,Mujer,15-29,1_Bajo,619262.5513718923,1007013464.1867418,176
2022,D_Manufactura,Mujer,15-29,2_Medio,5409261.453952472,20148109588.723427,1683
2022,D_Manufactura,Mujer,15-29,3_Alto,3928425.5197660127,32099928378.32243,1297
2022,D_Manufactura,Mujer,30-49,1_Bajo,2746161.480700016,7311199589.302405,847
2022,D_Manufactura,Mujer,30-49,2_Medio,10530854.36531083,47072877111.65409,3339
2022,D_Manufactura,Mujer,30-49,3_Alto,7057176.512316385,82982494282.45839,2098
2022,D_Manufactura,Mujer,50+,1_Bajo,3119447.90164574,7989871497.88372,1365
2022,D_Manufactura,Mujer,50+,2_Medio,4250323.446202596,19076227933.491467,1729
2022,D_Manufactura,Mujer,50+,3_Alto,1459667.4323673248,15144394897.271343,642
2022,E_ElectricidadGasAgua,Hombre,15-29,1_Bajo,299857.3835032781,839162286.8458675,123
2022,E_ElectricidadGasAgua,Hombre,15-29,2_Medio,1514839.4917500815,5857389950.070278,530
2022,E_ElectricidadGasAgua,Hombre,15-29,3_Alto,488110.05160045624,4176194425.045536,252
2022,E_ElectricidadGasAgua,Hombre,30-49,1_Bajo,954467.9772062302,3058335670.2311416,378
2022,E_ElectricidadGasAgua,Hombre,30-49,2_Medio,2453725.5945037208,12323107007.634024,963
2022,E_ElectricidadGasAgua,Hombre,30-49,3_Alto,1713716.7112906773,28949841800.19407,737
2022,E_ElectricidadGasAgua,Hombre,50+,1_Bajo,1282869.5525129635,4067370987.001045,607
2022,E_ElectricidadGasAgua,Hombre,50+,2_Medio,982432.2540810902,5596866321.34034,427
2022,E_ElectricidadGasAgua,Hombre,50+,3_Alto,650577.2341893514,14228705200.185411,257
2022,E_ElectricidadGasAgua,Mujer,15-29,1_Bajo,67979.92236836751,109130043.6460055,18
2022,E_ElectricidadGasAgua,Mujer,15-29,2_Medio,367962.6639175415,1125918347.5048594,112
2022,E_ElectricidadGasAgua,Mujer,15-29,3_Alto,328619.61689249676,2509713038.592053,170
2022,E_ElectricidadGasAgua,Mujer,30-49,1_Bajo,218062.90465227765,646286341.3796058,105
2022,E_ElectricidadGasAgua,Mujer,30-49,2_Medio,555864.265115102,2220273287.7198405,257
2022,E_ElectricidadGasAgua,Mujer,30-49,3_Alto,801056.3849023184,14490709022.54945,429
2022,E_ElectricidadGasAgua,Mujer,50+,1_Bajo,406375.85455067956,955137577.6257148,215
2022,E_ElectricidadGasAgua,Mujer,50+,2_Medio,165479.71193027496,546239379.5091611,93
2022,E_ElectricidadGasAgua,Mujer,50+,3_Alto,176917.22416941327,3351125993.1102166,91
2022,F_Construccion,Hombre,15-29,1_Bajo,1818316.1058656373,7358943245.863861,679
2022,F_Construccion,Hombre,15-29,2_Medio,12050830.402541002,52976450197.684746,4520
2022,F_Construccion,Hombre,15-29,3_Alto,2283656.7738703093,17034029458.689995,952
2022,F_Construccion,Hombre,30-49,1_Bajo,8660483.764905611,39639754259.058365,3266
2022,F_Construccion,Hombre,30-49,2_Medio,17760041.36450847,91083957028.38219,6913
2022,F_Construccion,Hombre,30-49,3_Alto,4838740.955909729,58083505701.10034,1951
2022,F_Construccion,Hombre,50+,1_Bajo,8267642.475937048,37409001601.995514,3727
2022,F_Construccion,Hombre,50+,2_Medio,6945753.93268013,36575030902.72437,3056
2022,F_Construccion,Hombre,50+,3_Alto,1939428.9645969074,30381043894.921295,755
2022,F_Construccion,Mujer,15-29,1_Bajo,34450.55918375651,173489131.54860044,10
2022,F_Construccion,Mujer,15-29,2_Medio,313858.42361450195,1563446105.915971,100
2022,F_Construccion,Mujer,15-29,3_Alto,1262308.47276179,10301617429.788103,515
2022,F_Construccion,Mujer,30-49,1_Bajo,81478.43229420981,314283570.89116025,36
2022,F_Construccion,Mujer,30-49,2_Medio,628603.3882732391,3549294043.610474,194
2022,F_Construccion,Mujer,30-49,3_Alto,1931256.1446730297,28041768225.885372,718
2022,F_Construccion,Mujer,50+,1_Bajo,82264.81921450298,463509157.75372434,28
2022,F_Construccion,Mujer,50+,2_Medio,186021.09812259674,970192138.3913058,52
2022,F_Construccion,Mujer,50+,3_Alto,261675.02208773297,5560327835.978288,121
2022,G-H_ComercioHotelesRest,Hombre,15-29,1_Bajo,1738528.4079672496,5929525681.55762,738
2022,G-H_ComercioHotelesRest,Hombre,15-29,2_Medio,23736329.407717705,106336031771.69997,9297
2022,G-H_ComercioHotelesRest,Hombre,15-29,3_Alto,8945573.774123192,56106331973.06252,3806
2022,G-H_ComercioHotelesRest,Hombre,30-49,1_Bajo,9605935.167829514,46159654454.773384,3352
2022,G-H_ComercioHotelesRest,Hombre,30-49,2_Medio,30287624.823310696,164524242484.93796,11656
2022,G-H_ComercioHotelesRest,Hombre,30-49,3_Alto,15005469.598570028,187000505420.52103,5494
2022,G-H_ComercioHotelesRest,Hombre,50+,1_Bajo,13920249.154124022,57097520390.50321,5742
2022,G-H_ComercioHotelesRest,Hombre,50+,2_Medio,12942519.478086472,76800698845.53,5793
2022,G-H_ComercioHotelesRest,Hombre,50+,3_Alto,4625199.605861664,70650932397.90434,1662
2022,G-H_ComercioHotelesRest,Mujer,15-29,1_Bajo,717483.4502353668,2069373189.3663259,346
2022,G-H_ComercioHotelesRest,Mujer,15-29,2_Medio,18170146.023919344,70336079179.76207,8086
2022,G-H_ComercioHotelesRest,Mujer,15-29,3_Alto,11487578.59028244,65441923307.03565,5532
2022,G-H_ComercioHotelesRest,Mujer,30-49,1_Bajo,7211558.186993042,22456368485.47858,3327
2022,G-H_ComercioHotelesRest,Mujer,30-49,2_Medio,29552762.266782284,121307606076.46274,13210
2022,G-H_ComercioHotelesRest,Mujer,30-49,3_Alto,16908395.604403812,154581355235.31024,7644
2022,G-H_ComercioHotelesRest,Mujer,50+,1_Bajo,11385195.414707184,30912274763.357258,5710
2022,G-H_ComercioHotelesRest,Mujer,50+,2_Medio,10276921.44198648,42236866059.83298,5549
2022,G-H_ComercioHotelesRest,Mujer,50+,3_Alto,3578270.855796337,37086942476.78154,1791
2022,I_TransporteComunicaciones,Hombre,15-29,1_Bajo,1462906.8462937674,4371611716.106891,598
2022,I_TransporteComunicaciones,Hombre,15-29,2_Medio,13298981.790480217,54567734192.89016,5262
2022,I_TransporteComunicaciones,Hombre,15-29,3_Alto,5703519.98605601,56047865701.40601,2149
2022,I_TransporteComunicaciones,Hombre,30-49,1_Bajo,6977401.617449601,24455023531.684258,2668
2022,I_TransporteComunicaciones,Hombre,30-49,2_Medio,24680797.30113244,113130610005.22484,9076
2022,I_TransporteComunicaciones,Hombre,30-49,3_Alto,10616845.881419182,167027254442.4518,3310
2022,I_TransporteComunicaciones,Hombre,50+,1_Bajo,7557554.402398905,29854714163.33156,3314
2022,I_TransporteComunicaciones,Hombre,50+,2_Medio,10199728.373593092,50517609031.465775,4097
2022,I_TransporteComunicaciones,Hombre,50+,3_Alto,2651933.5575084686,41528103524.91499,880
2022,I_TransporteComunicaciones,Mujer,15-29,1_Bajo,3790.9068552653,16063631.9233821,5
2022,I_TransporteComunicaciones,Mujer,15-29,2_Medio,1256391.800277869,5779112896.317691,475
2022,I_TransporteComunicaciones,Mujer,15-29,3_Alto,2715099.547275543,23870022962.730694,941
2022,I_TransporteComunicaciones,Mujer,30-49,1_Bajo,180249.82532072064,453660267.3203395,72
2022,I_TransporteComunicaciones,Mujer,30-49,2_Medio,1965447.0300048192,10832979085.590284,754
2022,I_TransporteComunicaciones,Mujer,30-49,3_Alto,4482858.976093292,67150387649.72611,1310
2022,I_TransporteComunicaciones,Mujer,50+,1_Bajo,227003.07123565674,623199456.9361813,84
2022,I_TransporteComunicaciones,Mujer,50+,2_Medio,504696.725511233,2951555691.2632823,211
2022,I_TransporteComunicaciones,Mujer,50+,3_Alto,650837.104432106,10690284665.538952,206
2022,J-K_FinancieroInmobiliario,Hombre,15-29,1_Bajo,304267.7975829442,1067269959.5941397,92
2022,J-K_FinancieroInmobiliario,Hombre,15-29,2_Medio,5783821.770082156,32121614262.33604,1896
2022,J-K_FinancieroInmobiliario,Hombre,15-29,3_Alto,7640697.298416933,80930353205.91037,2290
2022,J-K_FinancieroInmobiliario,Hombre,30-49,1_Bajo,1403670.0204308827,6448658173.712148,404
2022,J-K_FinancieroInmobiliario,Hombre,30-49,2_Medio,8905624.756295841,54078398358.58494,2926
2022,J-K_FinancieroInmobiliario,Hombre,30-49,3_Alto,13989822.436121782,238690613315.22943,4471
2022,J-K_FinancieroInmobiliario,Hombre,50+,1_Bajo,1827754.6433747609,8217224443.149461,871
2022,J-K_FinancieroInmobiliario,Hombre,50+,2_Medio,3914850.2415501275,25371947874.105392,1542
2022,J-K_FinancieroInmobiliario,Hombre,50+,3_Alto,4422644.811556816,116533650340.69296,1879
2022,J-K_FinancieroInmobiliario,Mujer,15-29,1_Bajo,246319.84954833984,732704988.946181,108
2022,J-K_FinancieroInmobiliario,Mujer,15-29,2_Medio,3946934.442729314,18956769393.430264,1728
2022,J-K_FinancieroInmobiliario,Mujer,15-29,3_Alto,9283164.384197235,80497822228.99077,3119
2022,J-K_FinancieroInmobiliario,Mujer,30-49,1_Bajo,2140073.1204878488,7876766960.335931,1494
2022,J-K_FinancieroInmobiliario,Mujer,30-49,2_Medio,8624805.384085974,40671003726.34731,4221
2022,J-K_FinancieroInmobiliario,Mujer,30-49,3_Alto,15747877.425961494,226520855458.27563,5428
2022,J-K_FinancieroInmobiliario,Mujer,50+,1_Bajo,2655409.312081019,9476546686.158009,1890
2022,J-K_FinancieroInmobiliario,Mujer,50+,2_Medio,3034618.0781422453,14080535820.52367,1703
2022,J-K_FinancieroInmobiliario,Mujer,50+,3_Alto,3418576.6874492965,62751492348.70491,1342
2022,L-Q_ServiciosSocialesComunales,Hombre,15-29,1_Bajo,286359.9977372488,1078452835.1510162,126
2022,L-Q_ServiciosSocialesComunales,Hombre,15-29,2_Medio,7030368.205993811,35465991438.794014,2722
2022,L-Q_ServiciosSocialesComunales,Hombre,15-29,3_Alto,8324709.227090517,84580063211.19984,3688
2022,L-Q_ServiciosSocialesComunales,Hombre,30-49,1_Bajo,1687311.5132683117,7914178538.723942,588
2022,L-Q_ServiciosSocialesComunales,Hombre,30-49,2_Medio,10514120.27582264,65378598010.4384,4074
2022,L-Q_ServiciosSocialesComunales,Hombre,30-49,3_Alto,23211253.269330263,388459462297.7942,10110
2022,L-Q_ServiciosSocialesComunales,Hombre,50+,1_Bajo,3377399.2983519235,13880814925.518492,1463
2022,L-Q_ServiciosSocialesComunales,Hombre,50+,2_Medio,5461199.407968204,35536934651.988815,2464
2022,L-Q_ServiciosSocialesComunales,Hombre,50+,3_Alto,10241919.49005858,255117979133.56577,5120
2022,L-Q_ServiciosSocialesComunales,Mujer,15-29,1_Bajo,494551.69331487024,1603524807.8564496,263
2022,L-Q_ServiciosSocialesComunales,Mujer,15-29,2_Medio,9541721.03841416,39890957872.38259,4544
2022,L-Q_ServiciosSocialesComunales,Mujer,15-29,3_Alto,15730898.302759966,135525332191.2161,7826
2022,L-Q_ServiciosSocialesComunales,Mujer,30-49,1_Bajo,5037175.212523063,19666246093.711945,2525
2022,L-Q_ServiciosSocialesComunales,Mujer,30-49,2_Medio,18963901.573233288,93440599272.45308,8807
2022,L-Q_ServiciosSocialesComunales,Mujer,30-49,3_Alto,37878949.20058457,501455122218.96216,18360
2022,L-Q_ServiciosSocialesComunales,Mujer,50+,1_Bajo,7153592.1590019865,28851767310.85161,3795
2022,L-Q_ServiciosSocialesComunales,Mujer,50+,2_Medio,8512178.871608576,43792912547.75487,4372
2022,L-Q_ServiciosSocialesComunales,Mujer,50+,3_Alto,13569580.239058256,238810530809.49512,7290
2023,A-B_AgriculturaPesca,Hombre,15-29,1_Bajo,7144203.316473527,29400717938.635956,1401
2023,A-B_AgriculturaPesca,Hombre,15-29,2_Medio,17984001.729101848,75997663603.44458,3728
2023,A-B_AgriculturaPesca,Hombre,15-29,3_Alto,1248973.0913231557,8543157758.287174,318
2023,A-B_AgriculturaPesca,Hombre,30-49,1_Bajo,26621280.158075534,116728173732.45007,5470
2023,A-B_AgriculturaPesca,Hombre,30-49,2_Medio,16566341.623482503,83007263389.58409,3653
2023,A-B_AgriculturaPesca,Hombre,30-49,3_Alto,2255467.9599546096,36760726874.192795,550
2023,A-B_AgriculturaPesca,Hombre,50+,1_Bajo,31902478.74564632,131971903216.13263,8769
2023,A-B_AgriculturaPesca,Hombre,50+,2_Medio,5906451.496056467,33263776773.799786,1704
2023,A-B_AgriculturaPesca,Hombre,50+,3_Alto,870448.543161599,11310157295.711555,337
2023,A-B_AgriculturaPesca,Mujer,15-29,1_Bajo,662078.9101244386,2315139917.1456356,132
2023,A-B_AgriculturaPesca,Mujer,15-29,2_Medio,3114663.3377065184,12762504113.676582,609
2023,A-B_AgriculturaPesca,Mujer,15-29,3_Alto,794641.2465756213,5044153439.205467,187
2023,A-B_AgriculturaPesca,Mujer,30-49,1_Bajo,3555824.3588290634,12454583057.24877,813
2023,A-B_AgriculturaPesca,Mujer,30-49,2_Medio,3276590.258725471,14897975974.062511,768
2023,A-B_AgriculturaPesca,Mujer,30-49,3_Alto,774680.9062041404,9734535856.467838,236
2023,A-B_AgriculturaPesca,Mujer,50+,1_Bajo,3018472.26945489,10929957062.83965,919
2023,A-B_AgriculturaPesca,Mujer,50+,2_Medio,537727.7232447519,2896374583.595093,200
2023,A-B_AgriculturaPesca,Mujer,50+,3_Alto,198313.65549819137,3175644734.3660192,85
2023,C_Mineria,Hombre,15-29,1_Bajo,548573.9954522966,2548424241.3043184,106
2023,C_Mineria,Hombre,15-29,2_Medio,2168609.537242147,11882733026.901672,391
2023,C_Mineria,Hombre,15-29,3_Alto,461966.84609414265,5160281890.385357,108
2023,C_Mineria,Hombre,30-49,1_Bajo,1719964.8851332297,8845408815.700813,322
2023,C_Mineria,Hombre,30-49,2_Medio,2118671.4439948094,14278969262.801937,455
2023,C_Mineria,Hombre,30-49,3_Alto,1417667.3204830212,36345992129.1343,418
2023,C_Mineria,Hombre,50+,1_Bajo,1273409.7735674442,6527992084.451872,302
2023,C_Mineria,Hombre,50+,2_Medio,602017.5973047982,4734796408.292954,170
2023,C_Mineria,Hombre,50+,3_Alto,452102.18783422856,19921763491.88246,168
2023,C_Mineria,Mujer,15-29,1_Bajo,62405.48191072297,311216051.12785137,9
2023,C_Mineria,Mujer,15-29,2_Medio,174742.98544931246,632293386.5817382,45
2023,C_Mineria,Mujer,15-29,3_Alto,192973.90824616235,2877054759.26209,56
2023,C_Mineria,Mujer,30-49,1_Bajo,252556.96831698297,617446086.7083862,65
2023,C_Mineria,Mujer,30-49,2_Medio,292297.8606096426,1274374078.216713,73
2023,C_Mineria,Mujer,30-49,3_Alto,495336.1542662352,14307141507.381636,119
2023,C_Mineria,Mujer,50+,1_Bajo,122183.54689403446,268383553.69417834,58
2023,C_Mineria,Mujer,50+,2_Medio,46880.69966913965,167387071.10676858,15
2023,C_Mineria,Mujer,50+,3_Alto,44675.578273834544,830944994.5040954,21
2023,D_Manufactura,Hombre,15-29,1_Bajo,942313.2500103507,4355238432.346321,261
2023,D_Manufactura,Hombre,15-29,2_Medio,11439043.785845395,62913627468.84448,3274
2023,D_Manufactura,Hombre,15-29,3_Alto,5118116.756433071,44891879980.47327,1393
2023,D_Manufactura,Hombre,30-49,1_Bajo,4103325.7170133474,20952723037.32639,1096
2023,D_Manufactura,Hombre,30-49,2_Medio,16788657.048209332,105948226200.31277,4725
2023,D_Manufactura,Hombre,30-49,3_Alto,9593941.506952453,132328874830.74973,2440
2023,D_Manufactura,Hombre,50+,1_Bajo,5166210.066484202,25656747543.27457,1723
2023,D_Manufactura,Hombre,50+,2_Medio,7580851.608514417,51304280842.35997,2519
2023,D_Manufactura,Hombre,50+,3_Alto,3244778.307299341,64372850478.03956,904
2023,D_Manufactura,Mujer,15-29,1_Bajo,429045.6169430425,918690283.4812073,134
2023,D_Manufactura,Mujer,15-29,2_Medio,5456377.37449779,24851359040.805397,1652
2023,D_Manufactura,Mujer,15-29,3_Alto,4190076.6552602854,33160135341.443367,1241
2023,D_Manufactura,Mujer,30-49,1_Bajo,2305375.5986397974,7166361991.133823,740
2023,D_Manufactura,Mujer,30-49,2_Medio,10760388.758897176,52996692162.239655,3282
2023,D_Manufactura,Mujer,30-49,3_Alto,7482367.17108194,98863285826.18362,2114
2023,D_Manufactura,Mujer,50+,1_Bajo,3037056.5789893684,9344244715.362965,1344
2023,D_Manufactura,Mujer,50+,2_Medio,4526957.846371535,21908420318.938354,1781
2023,D_Manufactura,Mujer,50+,3_Alto,1695106.3986095423,18935574820.87155,642
2023,E_ElectricidadGasAgua,Hombre,15-29,1_Bajo,165886.27066690486,534581517.4144188,85
2023,E_ElectricidadGasAgua,Hombre,15-29,2_Medio,1255038.1971184649,6308442805.050721,431
2023,E_ElectricidadGasAgua,Hombre,15-29,3_Alto,713825.2224311345,6846033930.658008,237
2023,E_ElectricidadGasAgua,Hombre,30-49,1_Bajo,952569.5302652273,3394329863.081566,335
2023,E_ElectricidadGasAgua,Hombre,30-49,2_Medio,2314517.856111916,12856258785.278763,863
2023,E_ElectricidadGasAgua,Hombre,30-49,3_Alto,1883957.6423230567,33947510880.9071,685
2023,E_ElectricidadGasAgua,Hombre,50+,1_Bajo,1295228.333307559,4336274026.396694,603
2023,E_ElectricidadGasAgua,Hombre,50+,2_Medio,1197466.866858685,8895635757.323647,433
2023,E_ElectricidadGasAgua,Hombre,50+,3_Alto,613669.3142786797,22933555687.59791,232
2023,E_ElectricidadGasAgua,Mujer,15-29,1_Bajo,22323.11780442662,46112041.37967384,13
2023,E_ElectricidadGasAgua,Mujer,15-29,2_Medio,231313.0585734347,890297747.3639877,83
2023,E_ElectricidadGasAgua,Mujer,15-29,3_Alto,315470.27478636045,2714524598.9604406,161
2023,E_ElectricidadGasAgua,Mujer,30-49,1_Bajo,254424.11518050774,767567580.7393267,131
2023,E_ElectricidadGasAgua,Mujer,30-49,2_Medio,527112.5145640916,2578307791.7883673,217
2023,E_ElectricidadGasAgua,Mujer,30-49,3_Alto,1006859.844494334,21617890624.375587,438
2023,E_ElectricidadGasAgua,Mujer,50+,1_Bajo,370193.1140362425,748632756.5393305,234
2023,E_ElectricidadGasAgua,Mujer,50+,2_Medio,194457.80688045116,694861359.5219324,97
2023,E_ElectricidadGasAgua,Mujer,50+,3_Alto,232166.05627475647,4232524541.4457254,102
2023,F_Construccion,Hombre,15-29,1_Bajo,1846248.0318745896,8599189958.323444,625
2023,F_Construccion,Hombre,15-29,2_Medio,10975528.211187765,54099457507.92489,3848
2023,F_Construccion,Hombre,15-29,3_Alto,2586992.8169316733,21739811990.450584,854
2023,F_Construccion,Hombre,30-49,1_Bajo,8387107.658818066,43394515008.646355,2906
2023,F_Construccion,Hombre,30-49,2_Medio,18242794.9873252,105141657932.36421,6288
2023,F_Construccion,Hombre,30-49,3_Alto,5399797.064063318,70892805690.49127,1845
2023,F_Construccion,Hombre,50+,1_Bajo,9197705.725268226,45851238561.27191,3694
2023,F_Construccion,Hombre,50+,2_Medio,7368843.086015084,43773063233.1084,2975
2023,F_Construccion,Hombre,50+,3_Alto,1847547.2426270377,30518452215.9092,721
2023,F_Construccion,Mujer,15-29,1_Bajo,4504.387114446866,19280340.810348276,5
2023,F_Construccion,Mujer,15-29,2_Medio,355699.8846332688,2370621628.024024,109
2023,F_Construccion,Mujer,15-29,3_Alto,1175251.8558206698,11966191374.692837,455
2023,F_Construccion,Mujer,30-49,1_Bajo,127280.1035831193,508009020.5964397,47
2023,F_Construccion,Mujer,30-49,2_Medio,654237.9265598233,4976867373.356804,185
2023,F_Construccion,Mujer,30-49,3_Alto,2028332.728609698,30773247333.43341,732
2023,F_Construccion,Mujer,50+,1_Bajo,37509.106879138024,215960605.86185044,17
2023,F_Construccion,Mujer,50+,2_Medio,154396.3973676577,1009552079.9834034,52
2023,F_Construccion,Mujer,50+,3_Alto,270934.7090872317,4534939289.531697,106
2023,G-H_ComercioHotelesRest,Hombre,15-29,1_Bajo,2046081.8233387978,8084796957.832958,708
2023,G-H_ComercioHotelesRest,Hombre,15-29,2_Medio,23616773.140616223,123126458626.47714,8551
2023,G-H_ComercioHotelesRest,Hombre,15-29,3_Alto,10247006.784593886,83422248967.62695,3786
2023,G-H_ComercioHotelesRest,Hombre,30-49,1_Bajo,8944921.311105292,46145952353.415405,2932
2023,G-H_ComercioHotelesRest,Hombre,30-49,2_Medio,31561649.733366866,191115918557.68994,10885
2023,G-H_ComercioHotelesRest,Hombre,30-49,3_Alto,16226776.380655844,215128501234.44214,5358
2023,G-H_ComercioHotelesRest,Hombre,50+,1_Bajo,14246392.841040764,66522395107.49298,5609
2023,G-H_ComercioHotelesRest,Hombre,50+,2_Medio,13827357.215489216,88637945327.59018,5552
2023,G-H_ComercioHotelesRest,Hombre,50+,3_Alto,3852362.621762283,63111433308.37978,1649
2023,G-H_ComercioHotelesRest,Mujer,15-29,1_Bajo,727847.9678656497,2762741453.0385985,336
2023,G-H_ComercioHotelesRest,Mujer,15-29,2_Medio,19280605.680258952,89080087008.40399,7863
2023,G-H_ComercioHotelesRest,Mujer,15-29,3_Alto,11602556.08475906,79760761250.25887,5242
2023,G-H_ComercioHotelesRest,Mujer,30-49,1_Bajo,7288467.354661664,26117652022.23093,3091
2023,G-H_ComercioHotelesRest,Mujer,30-49,2_Medio,30989273.59826581,150447088574.06317,13006
2023,G-H_ComercioHotelesRest,Mujer,30-49,3_Alto,18109629.089260697,179878850579.14758,7644
2023,G-H_ComercioHotelesRest,Mujer,50+,1_Bajo,11957262.35610291,38281931522.78478,5744
2023,G-H_ComercioHotelesRest,Mujer,50+,2_Medio,11460259.996736411,56017442438.74214,5638
2023,G-H_ComercioHotelesRest,Mujer,50+,3_Alto,3707605.54498739,49526244296.53255,1834
2023,I_TransporteComunicaciones,Hombre,15-29,1_Bajo,1334165.4127873648,4734540301.138075,543
2023,I_TransporteComunicaciones,Hombre,15-29,2_Medio,13676628.001000375,63545743831.31483,5034
2023,I_TransporteComunicaciones,Hombre,15-29,3_Alto,6400801.289963987,66960427557.473755,1991
2023,I_TransporteComunicaciones,Hombre,30-49,1_Bajo,7191493.520199002,29940165950.916367,2529
2023,I_TransporteComunicaciones,Hombre,30-49,2_Medio,25300185.72868156,129640729235.49208,8765
2023,I_TransporteComunicaciones,Hombre,30-49,3_Alto,12459958.920287896,207735750178.82022,3534
2023,I_TransporteComunicaciones,Hombre,50+,1_Bajo,8154595.142197951,36232688402.51671,3308
2023,I_TransporteComunicaciones,Hombre,50+,2_Medio,11468724.044139102,63557357299.36585,4369
2023,I_TransporteComunicaciones,Hombre,50+,3_Alto,3298258.986562962,64001726227.60514,961
2023,I_TransporteComunicaciones,Mujer,15-29,1_Bajo,18056.11297897066,89321713.01585922,9
2023,I_TransporteComunicaciones,Mujer,15-29,2_Medio,1182529.946906982,6864922569.446714,418
2023,I_TransporteComunicaciones,Mujer,15-29,3_Alto,3079559.658908492,34104853463.475945,920
2023,I_TransporteComunicaciones,Mujer,30-49,1_Bajo,136482.98728503156,409400567.6574422,58
2023,I_TransporteComunicaciones,Mujer,30-49,2_Medio,1938647.1423090883,11475996241.439331,715
2023,I_TransporteComunicaciones,Mujer,30-49,3_Alto,4869242.241549727,81200456837.21564,1385
2023,I_TransporteComunicaciones,Mujer,50+,1_Bajo,182914.0641401981,596276032.6279702,67
2023,I_TransporteComunicaciones,Mujer,50+,2_Medio,555928.4911119624,3904082941.7558217,223
2023,I_TransporteComunicaciones,Mujer,50+,3_Alto,780217.2438435298,17985176810.989426,234
2023,J-K_FinancieroInmobiliario,Hombre,15-29,1_Bajo,240596.04260206514,1072400247.3672574,70
2023,J-K_FinancieroInmobiliario,Hombre,15-29,2_Medio,5894910.060228372,37660274612.08328,1796
2023,J-K_FinancieroInmobiliario,Hombre,15-29,3_Alto,8109788.327610733,93189397278.31438,2307
2023,J-K_FinancieroInmobiliario,Hombre,30-49,1_Bajo,1251013.894132601,6164045572.403507,423
2023,J-K_FinancieroInmobiliario,Hombre,30-49,2_Medio,9087670.039361415,59364005853.7233,2728
2023,J-K_FinancieroInmobiliario,Hombre,30-49,3_Alto,14891365.466947613,320440431603.943,4372
2023,J-K_FinancieroInmobiliario,Hombre,50+,1_Bajo,2229662.334728324,10272633895.299858,987
2023,J-K_FinancieroInmobiliario,Hombre,50+,2_Medio,4221441.204232688,30262239622.595062,1568
2023,J-K_FinancieroInmobiliario,Hombre,50+,3_Alto,5132911.806729764,123840580231.81265,2001
2023,J-K_FinancieroInmobiliario,Mujer,15-29,1_Bajo,185927.4810239467,604969884.0179867,112
2023,J-K_FinancieroInmobiliario,Mujer,15-29,2_Medio,3946765.592383581,23530902488.426,1711
2023,J-K_FinancieroInmobiliario,Mujer,15-29,3_Alto,9746466.30272797,99689861840.63428,3052
2023,J-K_FinancieroInmobiliario,Mujer,30-49,1_Bajo,2294147.7849179576,9409351692.455322,1491
2023,J-K_FinancieroInmobiliario,Mujer,30-49,2_Medio,9054416.818562757,47359911522.20764,4400
2023,J-K_FinancieroInmobiliario,Mujer,30-49,3_Alto,16662836.456682913,261531191271.5991,5480
2023,J-K_FinancieroInmobiliario,Mujer,50+,1_Bajo,3037432.5142846256,12027727769.32743,2066
2023,J-K_FinancieroInmobiliario,Mujer,50+,2_Medio,3103604.8239974896,16204955520.345055,1758
2023,J-K_FinancieroInmobiliario,Mujer,50+,3_Alto,3648183.6827485757,81515696494.31354,1403
2023,L-Q_ServiciosSocialesComunales,Hombre,15-29,1_Bajo,252212.11121341304,1074984898.6027575,113
2023,L-Q_ServiciosSocialesComunales,Hombre,15-29,2_Medio,6948223.478614021,43046263151.22061,2574
2023,L-Q_ServiciosSocialesComunales,Hombre,15-29,3_Alto,8046778.05795072,86396129974.6884,3379
2023,L-Q_ServiciosSocialesComunales,Hombre,30-49,1_Bajo,1483946.1449980466,7380706371.206957,506
2023,L-Q_ServiciosSocialesComunales,Hombre,30-49,2_Medio,11068836.279490415,82696306132.59528,3963
2023,L-Q_ServiciosSocialesComunales,Hombre,30-49,3_Alto,24478137.538578406,475513651470.26587,9592
2023,L-Q_ServiciosSocialesComunales,Hombre,50+,1_Bajo,3449505.535641129,15561555976.773897,1443
2023,L-Q_ServiciosSocialesComunales,Hombre,50+,2_Medio,5604201.863671443,37245578435.623695,2439
2023,L-Q_ServiciosSocialesComunales,Hombre,50+,3_Alto,9963392.907817317,255247311525.50153,4866
2023,L-Q_ServiciosSocialesComunales,Mujer,15-29,1_Bajo,495512.2672154029,1808776999.4197848,210
2023,L-Q_ServiciosSocialesComunales,Mujer,15-29,2_Medio,9615328.856532024,47631026246.403625,4291
2023,L-Q_ServiciosSocialesComunales,Mujer,15-29,3_Alto,15859496.463670816,150365262641.8736,7273
2023,L-Q_ServiciosSocialesComunales,Mujer,30-49,1_Bajo,5200606.10414396,25379511129.757805,2267
2023,L-Q_ServiciosSocialesComunales,Mujer,30-49,2_Medio,19968307.662171952,109586340355.78067,8901
2023,L-Q_ServiciosSocialesComunales,Mujer,30-49,3_Alto,39583000.491414845,582681714357.4651,17722
2023,L-Q_ServiciosSocialesComunales,Mujer,50+,1_Bajo,7702862.811427236,34493615457.633514,3936
2023,L-Q_ServiciosSocialesComunales,Mujer,50+,2_Medio,9289044.141458245,52637889148.962845,4433
2023,L-Q_ServiciosSocialesComunales,Mujer,50+,3_Alto,13824866.656908747,257688863364.57062,7329
2024,A-B_AgriculturaPesca,Hombre,15-29,1_Bajo,6760296.95241982,28575794229.518837,1259
2024,A-B_AgriculturaPesca,Hombre,15-29,2_Medio,17806237.184404526,86022216919.35191,3547
2024,A-B_AgriculturaPesca,Hombre,15-29,3_Alto,1301078.496325676,9864010576.923159,319
2024,A-B_AgriculturaPesca,Hombre,30-49,1_Bajo,25450252.965825222,120732902284.10316,5184
2024,A-B_AgriculturaPesca,Hombre,30-49,2_Medio,16397304.980883282,91528687073.20882,3508
2024,A-B_AgriculturaPesca,Hombre,30-49,3_Alto,1938961.2971219108,25483396434.64288,505
2024,A-B_AgriculturaPesca,Hombre,50+,1_Bajo,30807386.147820186,142231926704.0781,8648
2024,A-B_AgriculturaPesca,Hombre,50+,2_Medio,5882940.3085389435,33923934431.383144,1707
2024,A-B_AgriculturaPesca,Hombre,50+,3_Alto,970592.7471214337,15617564137.395458,338
2024,A-B_AgriculturaPesca,Mujer,15-29,1_Bajo,632271.7492995552,2211632730.7843404,123
2024,A-B_AgriculturaPesca,Mujer,15-29,2_Medio,2700396.4593964308,11889369595.232084,576
2024,A-B_AgriculturaPesca,Mujer,15-29,3_Alto,618017.0009681529,4472661311.994773,164
2024,A-B_AgriculturaPesca,Mujer,30-49,1_Bajo,3175760.621707671,13752474274.170345,782
2024,A-B_AgriculturaPesca,Mujer,30-49,2_Medio,3428812.799930993,17282766514.0536,744
2024,A-B_AgriculturaPesca,Mujer,30-49,3_Alto,834511.9938264816,10334426609.750347,253
2024,A-B_AgriculturaPesca,Mujer,50+,1_Bajo,2797283.227403519,11439368274.639948,944
2024,A-B_AgriculturaPesca,Mujer,50+,2_Medio,720129.7705755373,3636221842.5311775,208
2024,A-B_AgriculturaPesca,Mujer,50+,3_Alto,217668.7585224131,3540723269.2031937,83
2024,C_Mineria,Hombre,15-29,1_Bajo,721720.3070073414,3520686581.6779056,124
2024,C_Mineria,Hombre,15-29,2_Medio,2417482.2950611715,13948722464.623396,424
2024,C_Mineria,Hombre,15-29,3_Alto,436572.0605881822,4616545569.28888,101
2024,C_Mineria,Hombre,30-49,1_Bajo,1875197.9296954912,11123064848.213268,333
2024,C_Mineria,Hombre,30-49,2_Medio,2194039.2396993586,16541536391.818722,474
2024,C_Mineria,Hombre,30-49,3_Alto,1474817.4107888031,36953322426.57351,429
2024,C_Mineria,Hombre,50+,1_Bajo,1095311.3844896525,5202795280.93579,294
2024,C_Mineria,Hombre,50+,2_Medio,543562.9697053762,4513633116.682903,142
2024,C_Mineria,Hombre,50+,3_Alto,372661.237861523,16985079157.507694,143
2024,C_Mineria,Mujer,15-29,1_Bajo,56455.05878057618,276993881.19137913,15
2024,C_Mineria,Mujer,15-29,2_Medio,261478.92385741055,1584355788.429307,65
2024,C_Mineria,Mujer,15-29,3_Alto,182888.54831455753,2529612885.9615,54
2024,C_Mineria,Mujer,30-49,1_Bajo,295713.91804591514,923340167.7550857,72
2024,C_Mineria,Mujer,30-49,2_Medio,320020.82511488866,1676753038.5401819,85
2024,C_Mineria,Mujer,30-49,3_Alto,497813.52076476905,17142605338.033552,119
2024,C_Mineria,Mujer,50+,1_Bajo,174202.85477599793,559676570.3129741,69
2024,C_Mineria,Mujer,50+,2_Medio,69234.34100050473,319108018.38472885,20
2024,C_Mineria,Mujer,50+,3_Alto,78808.96094630408,4157820897.951029,21
2024,D_Manufactura,Hombre,15-29,1_Bajo,754054.2671095247,3639002131.862457,213
2024,D_Manufactura,Hombre,15-29,2_Medio,10894614.991492774,68313981908.954765,2881
2024,D_Manufactura,Hombre,15-29,3_Alto,4665418.206613739,47345542185.87355,1207
2024,D_Manufactura,Hombre,30-49,1_Bajo,3542522.5570884463,20232229537.319923,996
2024,D_Manufactura,Hombre,30-49,2_Medio,17651956.588268302,122359171251.11826,4659
2024,D_Manufactura,Hombre,30-49,3_Alto,10143384.765654596,158430119478.13687,2457
2024,D_Manufactura,Hombre,50+,1_Bajo,5074011.817230381,28935304385.76683,1743
2024,D_Manufactura,Hombre,50+,2_Medio,7916866.204189248,58117749922.163864,2524
2024,D_Manufactura,Hombre,50+,3_Alto,3247410.99514758,72239239315.19447,938
2024,D_Manufactura,Mujer,15-29,1_Bajo,328750.4661331434,744971895.3925805,125
2024,D_Manufactura,Mujer,15-29,2_Medio,5479889.946999212,28443927375.25748,1473
2024,D_Manufactura,Mujer,15-29,3_Alto,3896306.9434549036,34326307712.473476,1143
2024,D_Manufactura,Mujer,30-49,1_Bajo,2286198.458121142,8617799556.06841,672
2024,D_Manufactura,Mujer,30-49,2_Medio,11456717.181649914,67752536459.285255,3253
2024,D_Manufactura,Mujer,30-49,3_Alto,7598175.891944746,110042379183.33557,2212
2024,D_Manufactura,Mujer,50+,1_Bajo,3013406.2545401095,9782814703.609514,1275
2024,D_Manufactura,Mujer,50+,2_Medio,4740602.84955543,27830347442.41132,1741
2024,D_Manufactura,Mujer,50+,3_Alto,1783318.7157908124,28445402677.57558,639
2024,E_ElectricidadGasAgua,Hombre,15-29,1_Bajo,218970.39871472088,917981834.6701189,79
2024,E_ElectricidadGasAgua,Hombre,15-29,2_Medio,1189307.0016728295,6619443670.575773,410
2024,E_ElectricidadGasAgua,Hombre,15-29,3_Alto,501363.298933676,5935436364.578434,225
2024,E_ElectricidadGasAgua,Hombre,30-49,1_Bajo,894756.662387668,4156592964.700738,286
2024,E_ElectricidadGasAgua,Hombre,30-49,2_Medio,2567881.380525974,16053685385.580698,800
2024,E_ElectricidadGasAgua,Hombre,30-49,3_Alto,1984741.0112357724,39589476802.73874,700
2024,E_ElectricidadGasAgua,Hombre,50+,1_Bajo,1160524.8961653803,4366230938.199441,534
2024,E_ElectricidadGasAgua,Hombre,50+,2_Medio,1082378.6344435727,7735080961.174099,398
2024,E_ElectricidadGasAgua,Hombre,50+,3_Alto,535926.0393179497,13076675585.393848,248
2024,E_ElectricidadGasAgua,Mujer,15-29,1_Bajo,5487.4705094350375,16748058.641504344,8
2024,E_ElectricidadGasAgua,Mujer,15-29,2_Medio,210645.8138458893,853116978.5026238,79
2024,E_ElectricidadGasAgua,Mujer,15-29,3_Alto,411765.8369086064,4459648828.509489,164
2024,E_ElectricidadGasAgua,Mujer,30-49,1_Bajo,265789.76064424036,922576453.0131521,103
2024,E_ElectricidadGasAgua,Mujer,30-49,2_Medio,496402.9061978215,2300049896.273646,188
2024,E_ElectricidadGasAgua,Mujer,30-49,3_Alto,918946.9098498349,17374948865.994225,467
2024,E_ElectricidadGasAgua,Mujer,50+,1_Bajo,401380.3769684917,1046518534.489571,225
2024,E_ElectricidadGasAgua,Mujer,50+,2_Medio,154809.45778057224,1105719677.6027482,83
2024,E_ElectricidadGasAgua,Mujer,50+,3_Alto,183552.00993102213,4700454023.89961,89
2024,F_Construccion,Hombre,15-29,1_Bajo,1336299.4337993707,6883131007.272831,453
2024,F_Construccion,Hombre,15-29,2_Medio,10406375.513417594,58780097498.32615,3214
2024,F_Construccion,Hombre,15-29,3_Alto,2202135.1670980244,19898206628.39793,726
2024,F_Construccion,Hombre,30-49,1_Bajo,8015496.817957652,46182332467.83093,2533
2024,F_Construccion,Hombre,30-49,2_Medio,19173395.678474456,121572387031.4937,6178
2024,F_Construccion,Hombre,30-49,3_Alto,5085122.432955777,68045695423.23944,1782
2024,F_Construccion,Hombre,50+,1_Bajo,8852949.645849094,51182408420.46037,3517
2024,F_Construccion,Hombre,50+,2_Medio,7344439.8133142395,47489604495.84958,2930
2024,F_Construccion,Hombre,50+,3_Alto,1720957.2008277716,32260914488.453476,777
2024,F_Construccion,Mujer,15-29,1_Bajo,11785.639854936842,76987919.97387823,3
2024,F_Construccion,Mujer,15-29,2_Medio,239477.27859064538,1509451953.7322438,112
2024,F_Construccion,Mujer,15-29,3_Alto,1039486.6854029355,10863101421.983929,400
2024,F_Construccion,Mujer,30-49,1_Bajo,60096.11602592926,384193086.75678337,26
2024,F_Construccion,Mujer,30-49,2_Medio,554892.8920276221,4135349786.108302,273
2024,F_Construccion,Mujer,30-49,3_Alto,2145914.2027201364,36883409644.613914,715
2024,F_Construccion,Mujer,50+,1_Bajo,42962.43213922422,263052300.83131385,21
2024,F_Construccion,Mujer,50+,2_Medio,59372.70716777966,440154713.63397914,42
2024,F_Construccion,Mujer,50+,3_Alto,390865.9404394531,7445286934.285719,129
2024,G-H_ComercioHotelesRest,Hombre,15-29,1_Bajo,1895005.3179541714,8343122701.169268,618
2024,G-H_ComercioHotelesRest,Hombre,15-29,2_Medio,23980961.81786067,136058513433.63626,7925
2024,G-H_ComercioHotelesRest,Hombre,15-29,3_Alto,9678042.493466055,82404277950.19011,3742
2024,G-H_ComercioHotelesRest,Hombre,30-49,1_Bajo,8447073.317395242,47123413831.314804,2695
2024,G-H_ComercioHotelesRest,Hombre,30-49,2_Medio,32101640.875205223,222634200207.62628,10408
2024,G-H_ComercioHotelesRest,Hombre,30-49,3_Alto,15826367.393637389,207140893308.12756,5137
2024,G-H_ComercioHotelesRest,Hombre,50+,1_Bajo,13742861.226413766,65114781572.24309,5567
2024,G-H_ComercioHotelesRest,Hombre,50+,2_Medio,14927075.995771948,110370747537.04277,5709
2024,G-H_ComercioHotelesRest,Hombre,50+,3_Alto,5188809.632506876,90852179494.66066,1749
2024,G-H_ComercioHotelesRest,Mujer,15-29,1_Bajo,651758.9239519315,2787562003.0709496,290
2024,G-H_ComercioHotelesRest,Mujer,15-29,2_Medio,19185025.233113326,99064794355.93211,7454
2024,G-H_ComercioHotelesRest,Mujer,15-29,3_Alto,10649024.76869628,80149554419.15106,4802
2024,G-H_ComercioHotelesRest,Mujer,30-49,1_Bajo,7066873.257365377,29538409685.088936,2843
2024,G-H_ComercioHotelesRest,Mujer,30-49,2_Medio,31109346.5667217,165321465035.51022,12652
2024,G-H_ComercioHotelesRest,Mujer,30-49,3_Alto,18209822.80675134,191219120556.46585,7379
2024,G-H_ComercioHotelesRest,Mujer,50+,1_Bajo,12026179.145353256,42305548172.33315,5725
2024,G-H_ComercioHotelesRest,Mujer,50+,2_Medio,11321351.263726186,60812650346.41392,5671
2024,G-H_ComercioHotelesRest,Mujer,50+,3_Alto,3925726.0403131032,53261641902.52951,1858
2024,I_TransporteComunicaciones,Hombre,15-29,1_Bajo,1139707.1887568082,4389428811.894052,467
2024,I_TransporteComunicaciones,Hombre,15-29,2_Medio,12205138.936540889,65991270820.30928,4282
2024,I_TransporteComunicaciones,Hombre,15-29,3_Alto,6044037.9600273855,74435137166.89935,1910
2024,I_TransporteComunicaciones,Hombre,30-49,1_Bajo,6845107.864731062,30650560440.54795,2232
2024,I_TransporteComunicaciones,Hombre,30-49,2_Medio,25771367.430918153,146648788533.99844,8067
2024,I_TransporteComunicaciones,Hombre,30-49,3_Alto,11686575.116780391,248179853485.87222,3231
2024,I_TransporteComunicaciones,Hombre,50+,1_Bajo,8052959.90140029,40552166091.17117,3212
2024,I_TransporteComunicaciones,Hombre,50+,2_Medio,11945997.076397495,75234231000.09103,4345
2024,I_TransporteComunicaciones,Hombre,50+,3_Alto,3456287.979503866,76279299095.41666,1019
2024,I_TransporteComunicaciones,Mujer,15-29,1_Bajo,13444.714475807283,40583092.86629254,8
2024,I_TransporteComunicaciones,Mujer,15-29,2_Medio,1306423.3571485775,8842111149.487263,382
2024,I_TransporteComunicaciones,Mujer,15-29,3_Alto,2976060.5904850964,35824069837.368965,826
2024,I_TransporteComunicaciones,Mujer,30-49,1_Bajo,109693.08908779547,415445566.2864956,48
2024,I_TransporteComunicaciones,Mujer,30-49,2_Medio,2230861.7988082757,14273947323.640833,735
2024,I_TransporteComunicaciones,Mujer,30-49,3_Alto,4981746.315220683,105891961109.40732,1360
2024,I_TransporteComunicaciones,Mujer,50+,1_Bajo,108008.06987892983,802338448.2017506,75
2024,I_TransporteComunicaciones,Mujer,50+,2_Medio,505328.11447592924,4152994419.7197504,217
2024,I_TransporteComunicaciones,Mujer,50+,3_Alto,736045.8061449535,15350913426.718893,231
2024,J-K_FinancieroInmobiliario,Hombre,15-29,1_Bajo,232179.4058904454,1213862465.5249357,85
2024,J-K_FinancieroInmobiliario,Hombre,15-29,2_Medio,5538382.612178075,39203595517.33613,1680
2024,J-K_FinancieroInmobiliario,Hombre,15-29,3_Alto,7460895.212952218,98655586039.15309,2193
2024,J-K_FinancieroInmobiliario,Hombre,30-49,1_Bajo,1219125.5764758848,7016569183.079392,364
2024,J-K_FinancieroInmobiliario,Hombre,30-49,2_Medio,8683512.19553977,68016167098.59124,2608
2024,J-K_FinancieroInmobiliario,Hombre,30-49,3_Alto,14661713.522379074,299149044069.26074,4423
2024,J-K_FinancieroInmobiliario,Hombre,50+,1_Bajo,2244519.7945824037,12324770433.70499,877
2024,J-K_FinancieroInmobiliario,Hombre,50+,2_Medio,3956301.0551488535,31515104813.309475,1508
2024,J-K_FinancieroInmobiliario,Hombre,50+,3_Alto,5365419.246417008,154846429821.9019,2011
2024,J-K_FinancieroInmobiliario,Mujer,15-29,1_Bajo,217346.06946046036,979507314.8227104,99
2024,J-K_FinancieroInmobiliario,Mujer,15-29,2_Medio,3717826.36857858,24899768352.46762,1465
2024,J-K_FinancieroInmobiliario,Mujer,15-29,3_Alto,9456162.50425485,107390951758.432,2850
2024,J-K_FinancieroInmobiliario,Mujer,30-49,1_Bajo,2283387.5176477763,10275126157.404684,1345
2024,J-K_FinancieroInmobiliario,Mujer,30-49,2_Medio,8848519.27221126,50645828232.879074,4103
2024,J-K_FinancieroInmobiliario,Mujer,30-49,3_Alto,17173328.75198256,310864019264.94025,5115
2024,J-K_FinancieroInmobiliario,Mujer,50+,1_Bajo,3191831.776776287,14607927298.984646,1933
2024,J-K_FinancieroInmobiliario,Mujer,50+,2_Medio,3514030.201625984,22431872844.91314,1821
2024,J-K_FinancieroInmobiliario,Mujer,50+,3_Alto,3761164.6246358724,89086037662.65125,1459
2024,L-Q_ServiciosSocialesComunales,Hombre,15-29,1_Bajo,324898.25123793405,1324524746.7968118,95
2024,L-Q_ServiciosSocialesComunales,Hombre,15-29,2_Medio,7251156.817494575,44573143333.14724,2495
2024,L-Q_ServiciosSocialesComunales,Hombre,15-29,3_Alto,7594016.028376485,93224543340.60612,3282
2024,L-Q_ServiciosSocialesComunales,Hombre,30-49,1_Bajo,1493149.2149070534,8642475312.435226,456
2024,L-Q_ServiciosSocialesComunales,Hombre,30-49,2_Medio,11149731.28995849,95560930923.64633,3830
2024,L-Q_ServiciosSocialesComunales,Hombre,30-49,3_Alto,24893624.624298595,526162515745.0739,9647
2024,L-Q_ServiciosSocialesComunales,Hombre,50+,1_Bajo,3669378.818602697,18176848156.052116,1454
2024,L-Q_ServiciosSocialesComunales,Hombre,50+,2_Medio,5764432.219709596,46448726738.93065,2518
2024,L-Q_ServiciosSocialesComunales,Hombre,50+,3_Alto,9799646.514112663,279835723403.42865,4960
2024,L-Q_ServiciosSocialesComunales,Mujer,15-29,1_Bajo,432599.46716752154,2081395408.7181532,202
2024,L-Q_ServiciosSocialesComunales,Mujer,15-29,2_Medio,9607435.681712557,54057634391.87907,4105
2024,L-Q_ServiciosSocialesComunales,Mujer,15-29,3_Alto,15356598.135378374,175419090392.93283,7063
2024,L-Q_ServiciosSocialesComunales,Mujer,30-49,1_Bajo,4611989.142426591,23733657969.502697,2090
2024,L-Q_ServiciosSocialesComunales,Mujer,30-49,2_Medio,20624982.830275875,124131056953.09673,8687
2024,L-Q_ServiciosSocialesComunales,Mujer,30-49,3_Alto,39482501.535743155,650429092535.1122,17465
2024,L-Q_ServiciosSocialesComunales,Mujer,50+,1_Bajo,7868650.219102284,39559008382.101555,3738
2024,L-Q_ServiciosSocialesComunales,Mujer,50+,2_Medio,9761333.949730864,58325402129.09386,4537
2024,L-Q_ServiciosSocialesComunales,Mujer,50+,3_Alto,13430706.617920965,272578348490.8233,7148
2025,A-B_AgriculturaPesca,Hombre,15-29,1_Bajo,6566986.464496961,31878725569.383335,1129
2025,A-B_AgriculturaPesca,Hombre,15-29,2_Medio,19026087.948247913,105042244528.55278,3310
2025,A-B_AgriculturaPesca,Hombre,15-29,3_Alto,1464945.9414924786,11735776911.819777,364
2025,A-B_AgriculturaPesca,Hombre,30-49,1_Bajo,26181677.317362428,142974930115.00864,4995
2025,A-B_AgriculturaPesca,Hombre,30-49,2_Medio,18843528.51383607,119121781362.40533,3702
2025,A-B_AgriculturaPesca,Hombre,30-49,3_Alto,2360749.483717077,34412392241.95004,566
2025,A-B_AgriculturaPesca,Hombre,50+,1_Bajo,32976056.094982825,174899041168.71606,8947
2025,A-B_AgriculturaPesca,Hombre,50+,2_Medio,6748260.824320933,44968609005.54093,1913
2025,A-B_AgriculturaPesca,Hombre,50+,3_Alto,1039462.9736641176,21482852912.75995,358
2025,A-B_AgriculturaPesca,Mujer,15-29,1_Bajo,533743.6807751026,2462722302.6076465,102
2025,A-B_AgriculturaPesca,Mujer,15-29,2_Medio,2826095.48846169,15579409163.707357,537
2025,A-B_AgriculturaPesca,Mujer,15-29,3_Alto,763469.5315228876,5712918384.762144,182
2025,A-B_AgriculturaPesca,Mujer,30-49,1_Bajo,3125441.69531838,15780048093.788252,693
2025,A-B_AgriculturaPesca,Mujer,30-49,2_Medio,3777872.210777232,22480000903.04716,825
2025,A-B_AgriculturaPesca,Mujer,30-49,3_Alto,972152.3323798511,15344308009.391056,262
2025,A-B_AgriculturaPesca,Mujer,50+,1_Bajo,3006745.840608752,14498933560.414211,939
2025,A-B_AgriculturaPesca,Mujer,50+,2_Medio,834673.5845776922,5068649269.24908,275
2025,A-B_AgriculturaPesca,Mujer,50+,3_Alto,215091.78864812473,4281067811.222733,93
2025,C_Mineria,Hombre,15-29,1_Bajo,732468.3037303754,4275746937.700136,109
2025,C_Mineria,Hombre,15-29,2_Medio,2579103.2031181017,18459645950.826576,397
2025,C_Mineria,Hombre,15-29,3_Alto,395064.8144917143,5035057449.617468,87
2025,C_Mineria,Hombre,30-49,1_Bajo,1985118.545400819,15720495300.761992,319
2025,C_Mineria,Hombre,30-49,2_Medio,2778143.8418883285,22687523302.49334,497
2025,C_Mineria,Hombre,30-49,3_Alto,1417315.1699466275,37449257165.35057,417
2025,C_Mineria,Hombre,50+,1_Bajo,1416222.1760117866,8659554138.131512,331
2025,C_Mineria,Hombre,50+,2_Medio,429002.3388227848,4222416244.3144226,140
2025,C_Mineria,Hombre,50+,3_Alto,400760.6005804445,21692620745.942486,154
2025,C_Mineria,Mujer,15-29,1_Bajo,61782.97921108737,315614238.69464844,11
2025,C_Mineria,Mujer,15-29,2_Medio,178362.90376694454,802029991.1534348,46
2025,C_Mineria,Mujer,15-29,3_Alto,167796.2445819924,1798372607.4301224,53
2025,C_Mineria,Mujer,30-49,1_Bajo,159985.47300794368,869065088.6641676,56
2025,C_Mineria,Mujer,30-49,2_Medio,290826.6022148875,1690488582.7993972,90
2025,C_Mineria,Mujer,30-49,3_Alto,419566.65481299255,10314187193.87119,127
2025,C_Mineria,Mujer,50+,1_Bajo,250632.7643824483,921608262.5504582,90
2025,C_Mineria,Mujer,50+,2_Medio,79359.7020780075,503193905.890435,24
2025,C_Mineria,Mujer,50+,3_Alto,42438.0333592463,1085266204.0681484,19
2025,D_Manufactura,Hombre,15-29,1_Bajo,721039.5420059417,4146332355.7695026,212
2025,D_Manufactura,Hombre,15-29,2_Medio,11436913.734085212,81271518858.30861,3059
2025,D_Manufactura,Hombre,15-29,3_Alto,5411334.016349557,58162210600.62188,1337
2025,D_Manufactura,Hombre,30-49,1_Bajo,3847488.1465949793,26608996851.889267,1007
2025,D_Manufactura,Hombre,30-49,2_Medio,19270987.06775055,157903945620.6964,5079
2025,D_Manufactura,Hombre,30-49,3_Alto,11035343.155087814,186791184451.74985,2708
2025,D_Manufactura,Hombre,50+,1_Bajo,5133590.811289782,32006264930.778732,1791
2025,D_Manufactura,Hombre,50+,2_Medio,8400877.397550568,72029396323.67252,2757
2025,D_Manufactura,Hombre,50+,3_Alto,3351013.9245626866,69004084879.0622,942
2025,D_Manufactura,Mujer,15-29,1_Bajo,379421.5736178901,1067663597.4479054,105
2025,D_Manufactura,Mujer,15-29,2_Medio,5859850.266813465,34075103445.542927,1569
2025,D_Manufactura,Mujer,15-29,3_Alto,4221086.700495354,43514789169.519844,1277
2025,D_Manufactura,Mujer,30-49,1_Bajo,2314055.3130559814,9559264487.06534,638
2025,D_Manufactura,Mujer,30-49,2_Medio,11506799.640841234,75855772040.61415,3368
2025,D_Manufactura,Mujer,30-49,3_Alto,8308783.657784865,135656037109.8269,2280
2025,D_Manufactura,Mujer,50+,1_Bajo,3322462.9766062545,12765279533.34413,1331
2025,D_Manufactura,Mujer,50+,2_Medio,4891754.609100697,34013858918.517284,1844
2025,D_Manufactura,Mujer,50+,3_Alto,1941056.7590768419,34136377368.33389,685
2025,E_ElectricidadGasAgua,Hombre,15-29,1_Bajo,210826.38705178755,874311117.4860351,71
2025,E_ElectricidadGasAgua,Hombre,15-29,2_Medio,1307693.2333743472,8600986360.913368,369
2025,E_ElectricidadGasAgua,Hombre,15-29,3_Alto,617630.9432042638,7724237452.918439,233
2025,E_ElectricidadGasAgua,Hombre,30-49,1_Bajo,803618.8616855599,4240949393.811645,270
2025,E_ElectricidadGasAgua,Hombre,30-49,2_Medio,2505073.964514929,17845998303.266487,807
2025,E_ElectricidadGasAgua,Hombre,30-49,3_Alto,1804644.7718140094,36612229752.05921,700
2025,E_ElectricidadGasAgua,Hombre,50+,1_Bajo,1308407.305335688,6229424819.293427,540
2025,E_ElectricidadGasAgua,Hombre,50+,2_Medio,1123722.3256651207,8731315411.554552,443
2025,E_ElectricidadGasAgua,Hombre,50+,3_Alto,702023.7015742245,17605967010.739914,285
2025,E_ElectricidadGasAgua,Mujer,15-29,1_Bajo,29309.286316061967,78708043.07673647,12
2025,E_ElectricidadGasAgua,Mujer,15-29,2_Medio,220694.85239811728,1286323466.2403822,71
2025,E_ElectricidadGasAgua,Mujer,15-29,3_Alto,277874.8389820099,3541670954.4502997,146
2025,E_ElectricidadGasAgua,Mujer,30-49,1_Bajo,157643.53215577282,702370718.2905532,79
2025,E_ElectricidadGasAgua,Mujer,30-49,2_Medio,522554.4967744339,3572618769.283024,211
2025,E_ElectricidadGasAgua,Mujer,30-49,3_Alto,1124032.5426565541,27443155510.4092,460
2025,E_ElectricidadGasAgua,Mujer,50+,1_Bajo,372818.85448154,1161881334.0566223,250
2025,E_ElectricidadGasAgua,Mujer,50+,2_Medio,143394.83918147918,910577652.6102494,74
2025,E_ElectricidadGasAgua,Mujer,50+,3_Alto,183274.78869906266,6536330615.599389,94
2025,F_Construccion,Hombre,15-29,1_Bajo,1514843.8110315087,9058034704.69461,506
2025,F_Construccion,Hombre,15-29,2_Medio,10248454.536345141,64973398983.04516,3272
2025,F_Construccion,Hombre,15-29,3_Alto,2383582.2698871153,23796096350.97125,855
2025,F_Construccion,Hombre,30-49,1_Bajo,8193243.418309912,53133554955.06453,2551
2025,F_Construccion,Hombre,30-49,2_Medio,19574704.959633898,142668091161.94525,6354
2025,F_Construccion,Hombre,30-49,3_Alto,5329999.656483878,82334624926.09358,1799
2025,F_Construccion,Hombre,50+,1_Bajo,9728791.29341964,61105032018.842834,3969
2025,F_Construccion,Hombre,50+,2_Medio,8557281.288476454,60675234310.04751,3349
2025,F_Construccion,Hombre,50+,3_Alto,1856435.571113473,33156615804.59196,722
2025,F_Construccion,Mujer,15-29,1_Bajo,537.7839116977768,2679517.741850811,1
2025,F_Construccion,Mujer,15-29,2_Medio,231759.0199936887,1346771480.7060287,72
2025,F_Construccion,Mujer,15-29,3_Alto,1292313.8636413412,15758023623.579447,402
2025,F_Construccion,Mujer,30-49,1_Bajo,79969.38735211467,395967898.25041753,31
2025,F_Construccion,Mujer,30-49,2_Medio,623031.5189376032,4684597224.403164,183
2025,F_Construccion,Mujer,30-49,3_Alto,2081246.602813101,40074294564.71189,713
2025,F_Construccion,Mujer,50+,1_Bajo,60482.06995662051,354921135.8621071,22
2025,F_Construccion,Mujer,50+,2_Medio,168751.63583757126,1345491847.4400015,62
2025,F_Construccion,Mujer,50+,3_Alto,249451.48650418338,5781416521.938175,107
2025,G-H_ComercioHotelesRest,Hombre,15-29,1_Bajo,2042022.6375254744,10240135392.838871,593
2025,G-H_ComercioHotelesRest,Hombre,15-29,2_Medio,24145122.233017143,159753791526.27588,7997
2025,G-H_ComercioHotelesRest,Hombre,15-29,3_Alto,10080449.28713616,92987084916.22955,3792
2025,G-H_ComercioHotelesRest,Hombre,30-49,1_Bajo,8134801.326787814,50173252847.16552,2487
2025,G-H_ComercioHotelesRest,Hombre,30-49,2_Medio,34083239.54737468,268423937713.01007,10950
2025,G-H_ComercioHotelesRest,Hombre,30-49,3_Alto,16684618.074712034,233072164317.25812,5423
2025,G-H_ComercioHotelesRest,Hombre,50+,1_Bajo,14794521.348702772,80058591685.03831,5702
2025,G-H_ComercioHotelesRest,Hombre,50+,2_Medio,15013891.59471345,123652105057.99931,5997
2025,G-H_ComercioHotelesRest,Hombre,50+,3_Alto,5076426.340963744,91391640326.77704,1831
2025,G-H_ComercioHotelesRest,Mujer,15-29,1_Bajo,766746.9975906032,3495319649.5193043,283
2025,G-H_ComercioHotelesRest,Mujer,15-29,2_Medio,19677189.15853114,116162568123.44699,7518
2025,G-H_ComercioHotelesRest,Mujer,15-29,3_Alto,12013801.635946922,98411260744.95523,5296
2025,G-H_ComercioHotelesRest,Mujer,30-49,1_Bajo,7053599.24953016,33260627190.735836,2708
2025,G-H_ComercioHotelesRest,Mujer,30-49,2_Medio,33568617.81031435,205647730629.92056,13181
2025,G-H_ComercioHotelesRest,Mujer,30-49,3_Alto,20336658.681358248,239679336350.31693,8080
2025,G-H_ComercioHotelesRest,Mujer,50+,1_Bajo,12050039.615721032,47657972084.51359,5844
2025,G-H_ComercioHotelesRest,Mujer,50+,2_Medio,12912901.167841934,73700260160.93414,6197
2025,G-H_ComercioHotelesRest,Mujer,50+,3_Alto,4339808.206269922,50147241532.322296,1935
2025,I_TransporteComunicaciones,Hombre,15-29,1_Bajo,1301013.5473010745,5675440492.4528885,460
2025,I_TransporteComunicaciones,Hombre,15-29,2_Medio,13078616.290391155,77428314840.51352,4272
2025,I_TransporteComunicaciones,Hombre,15-29,3_Alto,6114618.327635137,75463727102.53062,2062
2025,I_TransporteComunicaciones,Hombre,30-49,1_Bajo,6695530.944002749,35332604619.20359,2229
2025,I_TransporteComunicaciones,Hombre,30-49,2_Medio,27434179.07537368,176481877577.17975,8593
2025,I_TransporteComunicaciones,Hombre,30-49,3_Alto,12526579.170527337,244919092910.68347,3550
2025,I_TransporteComunicaciones,Hombre,50+,1_Bajo,8683317.254216246,48753903027.05209,3486
2025,I_TransporteComunicaciones,Hombre,50+,2_Medio,12863156.747664986,88230907067.91832,4783
2025,I_TransporteComunicaciones,Hombre,50+,3_Alto,3410311.0851211147,52321409324.0393,1043
2025,I_TransporteComunicaciones,Mujer,15-29,1_Bajo,29647.128285711296,187997091.81332222,10
2025,I_TransporteComunicaciones,Mujer,15-29,2_Medio,1129758.976047128,8770313692.94468,386
2025,I_TransporteComunicaciones,Mujer,15-29,3_Alto,2990050.7799129467,38258435881.813644,869
2025,I_TransporteComunicaciones,Mujer,30-49,1_Bajo,140932.81227925365,890779083.6037705,56
2025,I_TransporteComunicaciones,Mujer,30-49,2_Medio,2379142.463468684,18229755488.98385,753
2025,I_TransporteComunicaciones,Mujer,30-49,3_Alto,5327172.381546417,110826103617.2825,1461
2025,I_TransporteComunicaciones,Mujer,50+,1_Bajo,181026.59354434177,990401924.8372328,69
2025,I_TransporteComunicaciones,Mujer,50+,2_Medio,746541.3395665755,5493829682.546219,262
2025,I_TransporteComunicaciones,Mujer,50+,3_Alto,848039.1505519412,21350538733.964466,232
2025,J-K_FinancieroInmobiliario,Hombre,15-29,1_Bajo,280967.8539435232,1667424777.744015,72
2025,J-K_FinancieroInmobiliario,Hombre,15-29,2_Medio,5451323.940666343,46189691083.6138,1606
2025,J-K_FinancieroInmobiliario,Hombre,15-29,3_Alto,7376994.201391547,104197341404.6228,2065
2025,J-K_FinancieroInmobiliario,Hombre,30-49,1_Bajo,1233459.2046566696,9260010947.385021,332
2025,J-K_FinancieroInmobiliario,Hombre,30-49,2_Medio,9319440.779217077,79281800319.34026,2794
2025,J-K_FinancieroInmobiliario,Hombre,30-49,3_Alto,16181039.79796411,393360834172.7952,4481
2025,J-K_FinancieroInmobiliario,Hombre,50+,1_Bajo,2257933.125363701,14973759619.095604,871
2025,J-K_FinancieroInmobiliario,Hombre,50+,2_Medio,4233750.568620239,36921527502.93031,1584
2025,J-K_FinancieroInmobiliario,Hombre,50+,3_Alto,5060509.2602170985,160788632864.3335,1911
2025,J-K_FinancieroInmobiliario,Mujer,15-29,1_Bajo,176038.06919011776,704586434.9605689,95
2025,J-K_FinancieroInmobiliario,Mujer,15-29,2_Medio,3408331.6981385136,24433692517.63192,1417
2025,J-K_FinancieroInmobiliario,Mujer,15-29,3_Alto,8612917.239250321,112414620589.8245,2780
2025,J-K_FinancieroInmobiliario,Mujer,30-49,1_Bajo,2202111.8971195263,10762894681.64743,1284
2025,J-K_FinancieroInmobiliario,Mujer,30-49,2_Medio,8978699.718087254,60125027988.9406,4155
2025,J-K_FinancieroInmobiliario,Mujer,30-49,3_Alto,17966026.56926692,344434711501.77783,5597
2025,J-K_FinancieroInmobiliario,Mujer,50+,1_Bajo,3233054.123195757,15460263537.5567,2124
2025,J-K_FinancieroInmobiliario,Mujer,50+,2_Medio,3522202.1564344345,22909083382.31242,2033
2025,J-K_FinancieroInmobiliario,Mujer,50+,3_Alto,3975985.2071367237,86760377625.81464,1448
2025,L-Q_ServiciosSocialesComunales,Hombre,15-29,1_Bajo,288134.9411215176,2250413440.1355233,87
2025,L-Q_ServiciosSocialesComunales,Hombre,15-29,2_Medio,7074230.775091068,48659337040.17716,2411
2025,L-Q_ServiciosSocialesComunales,Hombre,15-29,3_Alto,8044736.641555275,111280505432.26035,3449
2025,L-Q_ServiciosSocialesComunales,Hombre,30-49,1_Bajo,1507603.3385232177,9162691530.519865,451
2025,L-Q_ServiciosSocialesComunales,Hombre,30-49,2_Medio,11408518.737213176,104731066118.02997,3942
2025,L-Q_ServiciosSocialesComunales,Hombre,30-49,3_Alto,25482896.150355093,570776250812.89,9931
2025,L-Q_ServiciosSocialesComunales,Hombre,50+,1_Bajo,3848657.034332505,22444767398.80754,1499
2025,L-Q_ServiciosSocialesComunales,Hombre,50+,2_Medio,6147971.561850095,53964506274.950676,2565
2025,L-Q_ServiciosSocialesComunales,Hombre,50+,3_Alto,10000622.501830392,284032088829.95386,4972
2025,L-Q_ServiciosSocialesComunales,Mujer,15-29,1_Bajo,383726.63261192094,2068785539.4140484,156
2025,L-Q_ServiciosSocialesComunales,Mujer,15-29,2_Medio,10086910.219302934,64012903993.60497,4138
2025,L-Q_ServiciosSocialesComunales,Mujer,15-29,3_Alto,16108794.205056462,190956902334.6741,7322
2025,L-Q_ServiciosSocialesComunales,Mujer,30-49,1_Bajo,4368285.179372892,24098973420.678566,1882
2025,L-Q_ServiciosSocialesComunales,Mujer,30-49,2_Medio,22023033.445355628,151978212510.9495,8941
2025,L-Q_ServiciosSocialesComunales,Mujer,30-49,3_Alto,41749422.47749483,753937534662.9758,18153
2025,L-Q_ServiciosSocialesComunales,Mujer,50+,1_Bajo,7633556.774255993,42600934063.38189,3796
2025,L-Q_ServiciosSocialesComunales,Mujer,50+,2_Medio,10418287.982866075,71301260573.8142,4872
2025,L-Q_ServiciosSocialesComunales,Mujer,50+,3_Alto,13827647.56577816,309592231613.4175,7345
